Method and limitations,,,,,
"This workbook is an editorial and source-risk triage, not a completed peer review of 96 historical arguments.",,,,,
,,,,,
Layer,Method,Limit,,,
Baseline,"veli-site(3).zip, supplied 2026-09-01",Frozen archive used for all page and link counts.,,,
Structural audit,"Parsed titles, H1s, descriptions, canonicals, local links, tables, SVGs and visible source sections.",Script-heavy content may be undercounted as visible prose.,,,
Source visibility,Estimated bibliography entries from visible Sources/References sections and counted live external links.,A visible bibliography does not prove claim-level support or source quality.,,,
Claim risk,"Flagged categorical, causal, priority/origin, institutional and quantitative central claims.","Risk means verification priority, not falsehood.",,,
Duplication,TF-IDF similarity plus editorial cluster review.,Shared vocabulary can inflate similarity; each proposed merge needs human review.,,,
Curatorial decision,"Keep, Revise, Hold, Split or Merge based on role, source visibility, risk and overlap.",Decisions remain provisional until factual and specialist review.,,,
Not completed,"Full primary-source re-performance, legal opinion, community consultation, image-rights clearance and discipline-specific peer review.","These are publication gates, not optional polish.",,,
