res_id,lemma,lemma_id,word_class,segmentation,retroflex_verdicts,formal_class,tokens,hymns,books,arnold_strata,majority_stratum,grassmann_gloss,source_id,retrieval_date,note
RES-001,√īḍ- ~ īḷ-,lemma_Iq_1824,root,ī ḍ,ḍ=UNCONDITIONED(no cluster source),F5-residue,97,81,"1:14,2:2,3:11,4:6,5:14,6:7,7:11,8:15,10:17","A:25,C:22,N:29,P:9,S:12",Normal,"anrufen, durch Lieder preisen, verehren",SRC-019; SRC-022; SRC-023; SRC-047,2026-09-07,Membership means only that the two regular retroflexion rules do not derive the marked segment. It is not a claim that the word is borrowed.
RES-002,√mr̥ḍ-,lemma_mfq_6921,root,m r̥ ḍ,ḍ=UNCONDITIONED(no cluster source),F5-residue,77,56,"1:16,2:6,4:5,5:4,6:7,7:12,8:14,9:3,10:10","A:13,C:20,N:19,P:10,S:15",Cretic,"gnädig sein, grossmütig sein, sich erbarmen, verzeihen",SRC-019; SRC-022; SRC-023; SRC-047,2026-09-07,Membership means only that the two regular retroflexion rules do not derive the marked segment. It is not a claim that the word is borrowed.
RES-003,tváṣṭar-,lemma_tvazwf_3992,nominal stem,t v a ṣ ṭ a r,ṣ=UNCONDITIONED(no RUKI trigger (after a)); ṭ=CONDITIONED(cluster after ṣ),F1-ṣṬ-cluster,65,58,"1:18,2:5,3:4,4:4,5:4,6:4,7:5,8:3,9:2,10:16","A:11,C:20,N:18,P:13,S:3",Cretic,"Name eines Gottes, des Schöpfers, Bildners lebendiger Wesen (indoar. *tvarś = aav. jav. ...)",SRC-019; SRC-022; SRC-023; SRC-047,2026-09-07,Membership means only that the two regular retroflexion rules do not derive the marked segment. It is not a claim that the word is borrowed.
RES-004,káṇva-,lemma_kaRva_2390,nominal stem,k a ṇ v a,ṇ=UNCONDITIONED(no nati trigger),F5-residue,54,29,"1:24,8:28,10:2","A:7,C:1,N:6,S:40",Strophic,"Name einer mythischen Gestalt, des Stammvaters der Káṇvas; im Plur.: das káṇva-Geschlecht",SRC-019; SRC-022; SRC-023; SRC-047,2026-09-07,Membership means only that the two regular retroflexion rules do not derive the marked segment. It is not a claim that the word is borrowed.
RES-005,íḍā- ~ íḷā-,lemma_iqA_1682,nominal stem,i ḍ ā,ḍ=UNCONDITIONED(no cluster source),F5-residue,53,49,"1:7,2:3,3:16,4:1,5:6,6:2,7:7,8:2,9:3,10:6","A:7,C:18,N:18,P:3,S:7",TIE,,SRC-019; SRC-022; SRC-023; SRC-047,2026-09-07,Membership means only that the two regular retroflexion rules do not derive the marked segment. It is not a claim that the word is borrowed.
RES-006,paṇí-,lemma_paRi_5185,nominal stem,p a ṇ i,ṇ=UNCONDITIONED(no nati trigger),F5-residue,50,41,"1:9,2:1,3:1,4:3,5:2,6:12,7:3,8:6,9:2,10:11","A:13,C:11,N:9,P:10,S:7",Archaic,"Bezeichnung eines den Göttern feindlichen Dämons, des Oberhauptes der götterfeindlichen Gruppe der paṇáyas",SRC-019; SRC-022; SRC-023; SRC-047,2026-09-07,Membership means only that the two regular retroflexion rules do not derive the marked segment. It is not a claim that the word is borrowed.
RES-007,mīḍhváṃs-,lemma_mIQvas_6864,nominal stem,m ī ḍh v a ṃ s,ḍh=UNCONDITIONED(no cluster source),F2-aspirated-retroflex,42,39,"1:8,2:3,3:1,4:3,5:2,6:1,7:8,8:7,9:6,10:3","A:11,C:5,N:9,P:3,S:14",Strophic,"reich spendend, huldreich, freigebig",SRC-019; SRC-022; SRC-023; SRC-047,2026-09-07,Membership means only that the two regular retroflexion rules do not derive the marked segment. It is not a claim that the word is borrowed.
RES-008,gaṇá-,lemma_gaRa_2881,nominal stem,g a ṇ a,ṇ=UNCONDITIONED(no nati trigger),F5-residue,41,37,"1:8,2:1,3:3,4:2,5:11,6:3,7:3,8:2,9:2,10:6","A:9,C:9,N:14,P:3,S:6",Normal,"Schar, Reihe, Gefolge, Anhang, kleinere Heeresabteilung",SRC-019; SRC-022; SRC-023; SRC-047,2026-09-07,Membership means only that the two regular retroflexion rules do not derive the marked segment. It is not a claim that the word is borrowed.
RES-009,ī́ḍya-,lemma_Iqya_1827,nominal stem,ī ḍ y a,ḍ=UNCONDITIONED(no cluster source),F5-residue,39,34,"1:5,2:1,3:9,4:3,5:1,6:6,7:1,8:7,9:1,10:5","A:9,C:8,N:11,P:3,S:8",Normal,zu preisen,SRC-019; SRC-022; SRC-023; SRC-047,2026-09-07,Membership means only that the two regular retroflexion rules do not derive the marked segment. It is not a claim that the word is borrowed.
RES-010,jaṭhára-,lemma_jaWara_3384,nominal stem,j a ṭh a r a,ṭh=UNCONDITIONED(no cluster source),F5-residue,30,28,"1:3,2:2,3:7,5:1,6:2,8:1,9:9,10:5","A:3,C:6,N:15,P:1,S:5",Normal,"Bauch, Leib, Mutterleib, Schoss",SRC-019; SRC-022; SRC-023; SRC-047,2026-09-07,Membership means only that the two regular retroflexion rules do not derive the marked segment. It is not a claim that the word is borrowed.
RES-011,vā́ṇī-,lemma_vARI_7887,nominal stem,v ā ṇ ī,ṇ=UNCONDITIONED(no nati trigger),F5-residue,22,20,"1:4,2:1,3:3,5:1,6:2,7:2,8:4,9:4,10:1","A:7,C:1,N:6,P:2,S:6",Archaic,"Stimme, Musik, Gesang, Getön",SRC-019; SRC-022; SRC-023; SRC-047,2026-09-07,Membership means only that the two regular retroflexion rules do not derive the marked segment. It is not a claim that the word is borrowed.
RES-012,√krīḍ-,lemma_krIq_2757,root,k r ī ḍ,ḍ=UNCONDITIONED(no cluster source),F5-residue,22,20,"1:1,4:2,5:2,8:1,9:12,10:4","A:4,C:3,N:9,P:3,S:3",Normal,"spielen, scherzen, tändeln, tollen, sich heftig bewegen",SRC-019; SRC-022; SRC-023; SRC-047,2026-09-07,Membership means only that the two regular retroflexion rules do not derive the marked segment. It is not a claim that the word is borrowed.
RES-013,puroḷā́ś-,lemma_puroqAS_5651,nominal stem,p u r o ḷ ā ś,ḷ=UNCONDITIONED(no cluster source),F5-residue,21,11,"1:1,3:13,4:2,6:1,7:1,8:3","A:2,C:1,N:1,P:13,S:4",Popular,Opferkuchen (*'Vorhuldigung'),SRC-019; SRC-022; SRC-023; SRC-047,2026-09-07,Membership means only that the two regular retroflexion rules do not derive the marked segment. It is not a claim that the word is borrowed.
RES-014,vīḷú-,lemma_vIqu_8293,nominal stem,v ī ḷ u,ḷ=UNCONDITIONED(no cluster source),F5-residue,19,16,"1:6,3:3,4:1,6:1,8:6,10:2","A:4,C:2,N:4,P:2,S:7",Strophic,"fest, stark",SRC-019; SRC-022; SRC-023; SRC-047,2026-09-07,Membership means only that the two regular retroflexion rules do not derive the marked segment. It is not a claim that the word is borrowed.
RES-015,íḍ-,lemma_iq_1681,nominal stem,i ḍ,ḍ=UNCONDITIONED(no cluster source),F5-residue,15,13,"1:3,2:1,3:3,5:1,6:2,7:1,10:4","C:5,N:3,P:2,S:5",TIE,"Labetrunk, Labung, Spende an die Götter",SRC-019; SRC-022; SRC-023; SRC-047,2026-09-07,Membership means only that the two regular retroflexion rules do not derive the marked segment. It is not a claim that the word is borrowed.
RES-016,mr̥ḷīká-,lemma_mfqIka_6923,nominal stem,m r̥ ḷ ī k a,ḷ=UNCONDITIONED(no cluster source),F5-residue,14,8,"1:2,4:2,6:3,7:1,8:1,10:5","A:3,P:1,S:10",Strophic,"Gnade, Huld",SRC-019; SRC-022; SRC-023; SRC-047,2026-09-07,Membership means only that the two regular retroflexion rules do not derive the marked segment. It is not a claim that the word is borrowed.
RES-017,sumr̥ḷīká-,lemma_sumfqIka_9913,nominal stem,s u m r̥ ḷ ī k a,ḷ=UNCONDITIONED(no cluster source),F5-residue,14,13,"1:6,4:2,6:2,8:2,9:1,10:1","A:3,C:2,N:7,S:2",Normal,"huldreich, gnädig",SRC-019; SRC-022; SRC-023; SRC-047,2026-09-07,Membership means only that the two regular retroflexion rules do not derive the marked segment. It is not a claim that the word is borrowed.
RES-018,sánīḷa-,lemma_sanIqa_9285,nominal stem,s a n ī ḷ a,ḷ=UNCONDITIONED(no cluster source),F5-residue,13,12,"1:7,7:1,9:1,10:4","A:3,C:3,N:4,P:1,S:2",Normal,"gleiches Nest habend, zusammenwohnend",SRC-019; SRC-022; SRC-023; SRC-047,2026-09-07,Membership means only that the two regular retroflexion rules do not derive the marked segment. It is not a claim that the word is borrowed.
RES-019,áṣāḷha-,lemma_azAQa_1294,nominal stem,a ṣ ā ḷh a,ṣ=UNCONDITIONED(no RUKI trigger (after a)); ḷh=UNCONDITIONED(no cluster source),F2-aspirated-retroflex,13,13,"1:2,2:1,3:1,6:2,7:3,8:2,9:1,10:1","A:2,C:1,N:6,S:4",Normal,unüberwindlich,SRC-019; SRC-022; SRC-023; SRC-047,2026-09-07,Membership means only that the two regular retroflexion rules do not derive the marked segment. It is not a claim that the word is borrowed.
RES-020,ṣáṣ-,lemma_zaz_9059,nominal stem,ṣ a ṣ,ṣ=UNCONDITIONED(word-initial); ṣ=UNCONDITIONED(no RUKI trigger (after a)),F4-initial-ṣ,13,10,"1:3,2:2,3:1,6:1,7:2,8:2,10:2","A:2,C:3,N:4,P:4",TIE,sechs,SRC-019; SRC-022; SRC-023; SRC-047,2026-09-07,Membership means only that the two regular retroflexion rules do not derive the marked segment. It is not a claim that the word is borrowed.
RES-021,ṣaṣṭí-,lemma_zazwi_9060,nominal stem,ṣ a ṣ ṭ i,ṣ=UNCONDITIONED(word-initial); ṣ=UNCONDITIONED(no RUKI trigger (after a)); ṭ=CONDITIONED(cluster after ṣ),F4-initial-ṣ,12,10,"1:3,2:1,6:1,7:2,8:4,9:1","A:3,C:4,N:2,P:1,S:2",Cretic,sechzig,SRC-019; SRC-022; SRC-023; SRC-047,2026-09-07,Membership means only that the two regular retroflexion rules do not derive the marked segment. It is not a claim that the word is borrowed.
RES-022,dūḷhī́-,lemma_dUQI_4381,nominal stem,d ū ḷh ī,ḷh=UNCONDITIONED(no cluster source),F2-aspirated-retroflex,11,10,"1:4,3:1,7:1,8:3,9:1,10:1","A:2,C:5,N:2,S:2",Cretic,übelgesinnt,SRC-019; SRC-022; SRC-023; SRC-047,2026-09-07,Membership means only that the two regular retroflexion rules do not derive the marked segment. It is not a claim that the word is borrowed.
RES-023,kā́ṣṭhā-,lemma_kAzWA_2545,nominal stem,k ā ṣ ṭh ā,ṣ=UNCONDITIONED(no RUKI trigger (after ā)); ṭh=CONDITIONED(cluster after ṣ),F1-ṣṬ-cluster,11,11,"1:5,4:1,6:1,7:1,8:1,9:1,10:1","A:3,C:2,N:2,P:2,S:2",Archaic,"Rennbahn, Wagenrennbahn, Ziel",SRC-019; SRC-022; SRC-023; SRC-047,2026-09-07,Membership means only that the two regular retroflexion rules do not derive the marked segment. It is not a claim that the word is borrowed.
RES-024,báṭ,lemma_baq_6136,invariable,b a ṭ,ṭ=UNCONDITIONED(no cluster source),F5-residue,10,8,"1:2,5:2,6:1,8:4,10:1","A:6,C:2,N:1,S:1",Archaic,"fürwahr, sicherlich",SRC-019; SRC-022; SRC-023; SRC-047,2026-09-07,Membership means only that the two regular retroflexion rules do not derive the marked segment. It is not a claim that the word is borrowed.
RES-025,niṇyá-,lemma_niRya_4959,nominal stem,n i ṇ y a,ṇ=UNCONDITIONED(no nati trigger),F5-residue,10,10,"1:3,4:2,7:3,9:1,10:1","C:3,N:1,P:2,S:4",Strophic,"wohl: 'innerlich, verborgen, geheim; n. 'Geheimnis, Verborgenes'",SRC-019; SRC-022; SRC-023; SRC-047,2026-09-07,Membership means only that the two regular retroflexion rules do not derive the marked segment. It is not a claim that the word is borrowed.
RES-026,rāṣṭrá-,lemma_rAzwra_7394,nominal stem,r ā ṣ ṭ r a,ṣ=UNCONDITIONED(no RUKI trigger (after ā)); ṭ=CONDITIONED(cluster after ṣ),F1-ṣṬ-cluster,10,7,"4:1,7:2,10:7","N:1,P:7,S:2",Popular,"Königsherrschaft, Reich",SRC-019; SRC-022; SRC-023; SRC-047,2026-09-07,Membership means only that the two regular retroflexion rules do not derive the marked segment. It is not a claim that the word is borrowed.
RES-027,īḷénya-,lemma_Iqenya_1826,nominal stem,ī ḷ e n y a,ḷ=UNCONDITIONED(no cluster source),F5-residue,10,10,"1:2,3:1,5:2,7:2,9:1,10:2","A:1,C:4,N:3,S:2",Cretic,"anzuflehen, zu bitten, zu verehren, zu preisen",SRC-019; SRC-022; SRC-023; SRC-047,2026-09-07,Membership means only that the two regular retroflexion rules do not derive the marked segment. It is not a claim that the word is borrowed.
RES-028,marḍitár-,lemma_marqitf_6688,nominal stem,m a r ḍ i t a r,ḍ=UNCONDITIONED(no cluster source),F5-residue,9,8,"1:1,4:2,8:2,10:4","A:3,C:1,P:4,S:1",Popular,Erbarmer,SRC-019; SRC-022; SRC-023; SRC-047,2026-09-07,Membership means only that the two regular retroflexion rules do not derive the marked segment. It is not a claim that the word is borrowed.
RES-029,pr̥tanāṣáh-,lemma_pftanAzah_5747 #lemma_pftanAzAh_5748,nominal stem,p r̥ t a n ā ṣ a h,ṣ=UNCONDITIONED(no RUKI trigger (after ā)),F5-residue,9,9,"1:1,3:1,5:1,6:3,8:1,9:1,10:1","A:4,C:1,N:1,P:2,S:1",Archaic,in den Kämpfen siegreich; die Kämpfe gewinnend (?),SRC-019; SRC-022; SRC-023; SRC-047,2026-09-07,Membership means only that the two regular retroflexion rules do not derive the marked segment. It is not a claim that the word is borrowed.
RES-030,√vīḍ- ~ vīḷ-,lemma_vIq_8292,root,v ī ḍ,ḍ=UNCONDITIONED(no cluster source),F5-residue,9,7,"2:3,3:2,6:3,8:1","A:1,N:3,P:4,S:1",Popular,"stark machen, fest machen, festigen",SRC-019; SRC-022; SRC-023; SRC-047,2026-09-07,Membership means only that the two regular retroflexion rules do not derive the marked segment. It is not a claim that the word is borrowed.
RES-031,dūḷábha-,lemma_dUqaBa_4379,nominal stem,d ū ḷ a bh a,ḷ=UNCONDITIONED(no cluster source),F3-dū-compound,8,7,"1:1,2:1,3:2,4:2,7:2","N:4,S:4",TIE,"schwer zu täuschen, untrüglich (DABH)",SRC-019; SRC-022; SRC-023; SRC-047,2026-09-07,Membership means only that the two regular retroflexion rules do not derive the marked segment. It is not a claim that the word is borrowed.
RES-032,maṇḍū́ka-,lemma_maRqUka_6512,nominal stem,m a ṇ ḍ ū k a,ṇ=UNCONDITIONED(nati environment fails: followed by ḍ); ḍ=CONDITIONED(cluster after ṇ),F5-residue,8,3,"7:5,9:1,10:2",P:8,Popular,Frosch,SRC-019; SRC-022; SRC-023; SRC-047,2026-09-07,Membership means only that the two regular retroflexion rules do not derive the marked segment. It is not a claim that the word is borrowed.
RES-033,supāṇí-,lemma_supARi_9836,nominal stem,s u p ā ṇ i,ṇ=UNCONDITIONED(no nati trigger),F5-residue,8,8,"1:2,3:3,6:1,7:2","A:1,C:3,N:3,S:1",TIE,schöne Hände habend,SRC-019; SRC-022; SRC-023; SRC-047,2026-09-07,Membership means only that the two regular retroflexion rules do not derive the marked segment. It is not a claim that the word is borrowed.
RES-034,héḷas-,lemma_heqas_10737,nominal stem,h e ḷ a s,ḷ=UNCONDITIONED(no cluster source),F5-residue,7,7,"1:3,4:1,6:2,7:1","A:1,C:2,P:1,S:3",Strophic,"Zorn, Götterzorn",SRC-019; SRC-022; SRC-023; SRC-047,2026-09-07,Membership means only that the two regular retroflexion rules do not derive the marked segment. It is not a claim that the word is borrowed.
RES-035,kāṇvá-,lemma_kARva_2515,nominal stem,k ā ṇ v a,ṇ=UNCONDITIONED(no nati trigger),F5-residue,7,6,8:7,S:7,Strophic,"N. pr. von káṇva- abstammend, die vedische Sängerfamilie der káṇva-",SRC-019; SRC-022; SRC-023; SRC-047,2026-09-07,Membership means only that the two regular retroflexion rules do not derive the marked segment. It is not a claim that the word is borrowed.
RES-036,táṣṭar-,lemma_tazwf_3728,nominal stem,t a ṣ ṭ a r,ṣ=UNCONDITIONED(no RUKI trigger (after a)); ṭ=CONDITIONED(cluster after ṣ),F1-ṣṬ-cluster,7,7,"1:3,3:1,7:1,10:2","A:2,C:1,N:1,P:1,S:2",TIE,"Zimmermann, Werkmeister",SRC-019; SRC-022; SRC-023; SRC-047,2026-09-07,Membership means only that the two regular retroflexion rules do not derive the marked segment. It is not a claim that the word is borrowed.
RES-037,aṣṭā́-,lemma_azwa_1295,nominal stem,a ṣ ṭ ā,ṣ=UNCONDITIONED(no RUKI trigger (after a)); ṭ=CONDITIONED(cluster after ṣ),F1-ṣṬ-cluster,6,6,"1:2,2:1,8:1,10:2","C:2,N:1,P:2,S:1",TIE,acht,SRC-019; SRC-022; SRC-023; SRC-047,2026-09-07,Membership means only that the two regular retroflexion rules do not derive the marked segment. It is not a claim that the word is borrowed.
RES-038,marúdgaṇa-,lemma_marudgaRa_6684,nominal stem,m a r u d g a ṇ a,ṇ=UNCONDITIONED(no nati trigger),F5-residue,6,6,"1:1,2:1,6:1,8:1,9:1,10:1","C:2,N:3,S:1",Normal,"dessen Schar die Marut sind, von den Marut umschart",SRC-019; SRC-022; SRC-023; SRC-047,2026-09-07,Membership means only that the two regular retroflexion rules do not derive the marked segment. It is not a claim that the word is borrowed.
RES-039,svàrmīḷha-,lemma_svarmIQa_10461,nominal stem,s v a r m ī ḷh a,ḷh=UNCONDITIONED(no cluster source),F2-aspirated-retroflex,6,6,"1:4,4:1,8:1","A:3,S:3",TIE,herrliches Gut als Kampfpreis habend; n. Kampf um herrliches Gut,SRC-019; SRC-022; SRC-023; SRC-047,2026-09-07,Membership means only that the two regular retroflexion rules do not derive the marked segment. It is not a claim that the word is borrowed.
RES-040,ságaṇa-,lemma_sagaRa_9118,nominal stem,s a g a ṇ a,ṇ=UNCONDITIONED(no nati trigger),F5-residue,6,5,"1:1,3:4,10:1","C:1,N:3,P:2",Normal,"zu einer Schar verbunden, umschart",SRC-019; SRC-022; SRC-023; SRC-047,2026-09-07,Membership means only that the two regular retroflexion rules do not derive the marked segment. It is not a claim that the word is borrowed.
RES-041,tvāṣṭrá-,lemma_tvAzwra_4006,nominal stem,t v ā ṣ ṭ r a,ṣ=UNCONDITIONED(no RUKI trigger (after ā)); ṭ=CONDITIONED(cluster after ṣ),F1-ṣṬ-cluster,6,5,"1:1,2:1,3:1,10:3","C:2,N:3,S:1",Normal,"dem tváṣṭar- gehörig, von tváṣṭar- herrührend",SRC-019; SRC-022; SRC-023; SRC-047,2026-09-07,Membership means only that the two regular retroflexion rules do not derive the marked segment. It is not a claim that the word is borrowed.
RES-042,vóḷhar-,lemma_voQf_8505,nominal stem,v o ḷh a r,ḷh=UNCONDITIONED(no cluster source),F2-aspirated-retroflex,6,6,"1:1,6:1,8:1,9:3","A:1,N:2,P:1,S:2",TIE,fahrend; m. Zugpferd,SRC-019; SRC-022; SRC-023; SRC-047,2026-09-07,Membership means only that the two regular retroflexion rules do not derive the marked segment. It is not a claim that the word is borrowed.
RES-043,vāṇá-,lemma_vARa_7885 #lemma_vARa_7884 #lemma_vARa_7883,nominal stem,v ā ṇ a,ṇ=UNCONDITIONED(no nati trigger),F5-residue,6,6,"1:1,4:1,8:1,9:2,10:1","A:1,N:4,P:1",Normal,"Stimme, Musik",SRC-019; SRC-022; SRC-023; SRC-047,2026-09-07,Membership means only that the two regular retroflexion rules do not derive the marked segment. It is not a claim that the word is borrowed.
RES-044,śóṇa-,lemma_SoRa_8921,nominal stem,ś o ṇ a,ṇ=UNCONDITIONED(no nati trigger),F5-residue,6,6,"1:2,3:1,5:1,9:1,10:1","A:2,C:2,N:1,S:1",TIE,"rot, hochrot",SRC-019; SRC-022; SRC-023; SRC-047,2026-09-07,Membership means only that the two regular retroflexion rules do not derive the marked segment. It is not a claim that the word is borrowed.
RES-045,√hīḍ- ~ hīḷ-,lemma_hIq_10711,root,h ī ḍ,ḍ=UNCONDITIONED(no cluster source),F5-residue,6,6,"1:2,7:2,10:2","C:1,N:1,P:2,S:2",TIE,zürnen,SRC-019; SRC-022; SRC-023; SRC-047,2026-09-07,Membership means only that the two regular retroflexion rules do not derive the marked segment. It is not a claim that the word is borrowed.
RES-046,mārḍīká-,lemma_mArqIka_6807,nominal stem,m ā r ḍ ī k a,ḍ=UNCONDITIONED(no cluster source),F5-residue,5,5,"1:1,4:1,7:2,8:1","C:2,P:1,S:2",TIE,"Gnade, Huld",SRC-019; SRC-022; SRC-023; SRC-047,2026-09-07,Membership means only that the two regular retroflexion rules do not derive the marked segment. It is not a claim that the word is borrowed.
RES-047,niṣṣídh-,lemma_nizziD_5047,nominal stem,n i ṣ ṣ i dh,ṣ=CONDITIONED(RUKI after i); ṣ=UNCONDITIONED(no RUKI trigger (after ṣ)),F5-residue,5,5,"1:1,3:2,4:1,6:1","A:2,N:3",Normal,"Darbringung, Spende, Tribut (?)",SRC-019; SRC-022; SRC-023; SRC-047,2026-09-07,Membership means only that the two regular retroflexion rules do not derive the marked segment. It is not a claim that the word is borrowed.
RES-048,práskaṇva-,lemma_praskaRva_6019,nominal stem,p r a s k a ṇ v a,ṇ=UNCONDITIONED(no nati trigger),F5-residue,5,5,"1:2,8:3",S:5,Strophic,"Name eines R̥ṣi mit dem Patronymikon kāṇvá-, eines Schützlings des Indra",SRC-019; SRC-022; SRC-023; SRC-047,2026-09-07,Membership means only that the two regular retroflexion rules do not derive the marked segment. It is not a claim that the word is borrowed.
RES-049,sthū́ṇā-,lemma_sTURA_10283,nominal stem,s th ū ṇ ā,ṇ=UNCONDITIONED(no nati trigger),F5-residue,5,5,"1:1,5:2,8:1,10:1","A:2,C:1,N:1,P:1",Archaic,"Pfosten, Pfeiler, Säule",SRC-019; SRC-022; SRC-023; SRC-047,2026-09-07,Membership means only that the two regular retroflexion rules do not derive the marked segment. It is not a claim that the word is borrowed.
RES-050,váṣaṭkr̥ta-,lemma_vazawkfta_7779,nominal stem,v a ṣ a ṭ k r̥ t a,ṣ=UNCONDITIONED(no RUKI trigger (after a)); ṭ=UNCONDITIONED(no cluster source),F5-residue,5,5,"1:2,2:1,8:1,10:1","A:2,N:1,P:2",TIE,mit váṣaṭ geopfert,SRC-019; SRC-022; SRC-023; SRC-047,2026-09-07,Membership means only that the two regular retroflexion rules do not derive the marked segment. It is not a claim that the word is borrowed.
RES-051,áheḷant-,lemma_aheqat_1432,nominal stem,a h e ḷ a n t,ḷ=UNCONDITIONED(no cluster source),F5-residue,5,5,"1:1,2:1,7:1,10:2","C:1,N:2,P:1,S:1",Normal,nicht zürnend,SRC-019; SRC-022; SRC-023; SRC-047,2026-09-07,Membership means only that the two regular retroflexion rules do not derive the marked segment. It is not a claim that the word is borrowed.
RES-052,áṇva-,lemma_aRva_216 #lemma_aRva_12022,nominal stem,a ṇ v a,ṇ=UNCONDITIONED(no nati trigger),F5-residue,5,5,9:5,"N:4,S:1",Normal,das feine Loch in der Somaseihe,SRC-019; SRC-022; SRC-023; SRC-047,2026-09-07,Membership means only that the two regular retroflexion rules do not derive the marked segment. It is not a claim that the word is borrowed.
RES-053,áṇvī-,lemma_aRu_215,nominal stem,a ṇ v ī,ṇ=UNCONDITIONED(no nati trigger),F5-residue,5,5,"1:1,9:4",N:5,Normal,"Bezeichnung der Finger, die bei der Somabereitung tätig sind",SRC-019; SRC-022; SRC-023; SRC-047,2026-09-07,Membership means only that the two regular retroflexion rules do not derive the marked segment. It is not a claim that the word is borrowed.
RES-054,dūṇā́śa- 2,lemma_dURASa_4384,nominal stem,d ū ṇ ā ś a,ṇ=UNCONDITIONED(no nati trigger),F3-dū-compound,4,4,"1:1,6:1,7:2","A:2,S:2",TIE,,SRC-019; SRC-022; SRC-023; SRC-047,2026-09-07,Membership means only that the two regular retroflexion rules do not derive the marked segment. It is not a claim that the word is borrowed.
RES-055,kalyā́ṇa-,lemma_kalyARa_2482,nominal stem,k a l y ā ṇ a,ṇ=UNCONDITIONED(no nati trigger),F5-residue,4,4,"1:1,3:1,4:1,10:1","C:2,N:1,P:1",Cretic,"schön, lieblich",SRC-019; SRC-022; SRC-023; SRC-047,2026-09-07,Membership means only that the two regular retroflexion rules do not derive the marked segment. It is not a claim that the word is borrowed.
RES-056,krīḷí-,lemma_krIqi_2759,nominal stem,k r ī ḷ i,ḷ=UNCONDITIONED(no cluster source),F5-residue,4,4,"1:1,10:3","N:1,P:2,S:1",Popular,"ausgelassen, tollend",SRC-019; SRC-022; SRC-023; SRC-047,2026-09-07,Membership means only that the two regular retroflexion rules do not derive the marked segment. It is not a claim that the word is borrowed.
RES-057,mīḷhá-,lemma_mIQa_6862,nominal stem,m ī ḷh a,ḷh=UNCONDITIONED(no cluster source),F2-aspirated-retroflex,4,4,"1:1,6:1,9:2","A:2,C:1,S:1",Archaic,"Kampf, Beutekampf, Kampfpreis, Beute, Gewinn",SRC-019; SRC-022; SRC-023; SRC-047,2026-09-07,Membership means only that the two regular retroflexion rules do not derive the marked segment. It is not a claim that the word is borrowed.
RES-058,nīḷá-,lemma_nIqa_5062,nominal stem,n ī ḷ a,ḷ=UNCONDITIONED(no cluster source),F5-residue,4,2,"4:2,10:2","C:2,S:2",TIE,"Nest, Lager, Vogelnest",SRC-019; SRC-022; SRC-023; SRC-047,2026-09-07,Membership means only that the two regular retroflexion rules do not derive the marked segment. It is not a claim that the word is borrowed.
RES-059,oṇí-,lemma_oRi_2347,nominal stem,o ṇ i,ṇ=UNCONDITIONED(no nati trigger),F5-residue,4,4,"1:1,9:3","A:2,N:2",TIE,offenbar 'Arm',SRC-019; SRC-022; SRC-023; SRC-047,2026-09-07,Membership means only that the two regular retroflexion rules do not derive the marked segment. It is not a claim that the word is borrowed.
RES-060,purumīḷhá-,lemma_purumIQa_5614,nominal stem,p u r u m ī ḷh a,ḷh=UNCONDITIONED(no cluster source),F2-aspirated-retroflex,4,4,"1:2,5:1,8:1","A:2,S:2",TIE,"N. pr., Eigenname eines Sängers oder Opferherrn, etwa 'mit vielem Kampfpreis'",SRC-019; SRC-022; SRC-023; SRC-047,2026-09-07,Membership means only that the two regular retroflexion rules do not derive the marked segment. It is not a claim that the word is borrowed.
RES-061,turāṣáh-,lemma_turAzAh_3805,nominal stem,t u r ā ṣ a h,ṣ=UNCONDITIONED(no RUKI trigger (after ā)),F5-residue,4,4,"3:1,5:1,6:1,10:1","C:1,N:3",Normal,"die Starken, Vordringenden überwältigend, besiegend (?)",SRC-019; SRC-022; SRC-023; SRC-047,2026-09-07,Membership means only that the two regular retroflexion rules do not derive the marked segment. It is not a claim that the word is borrowed.
RES-062,vibhvataṣṭá-,lemma_viBvatazwa_8094 #lemma_viBvatazwa_12573,nominal stem,v i bh v a t a ṣ ṭ a,ṣ=UNCONDITIONED(no RUKI trigger (after a)); ṭ=CONDITIONED(cluster after ṣ),F1-ṣṬ-cluster,4,4,"3:1,4:1,5:2","C:2,N:2",TIE,"von Vibhvan gebildet, gemacht",SRC-019; SRC-022; SRC-023; SRC-047,2026-09-07,Membership means only that the two regular retroflexion rules do not derive the marked segment. It is not a claim that the word is borrowed.
RES-063,váṣaṭ,lemma_vazaw_7778,invariable,v a ṣ a ṭ,ṣ=UNCONDITIONED(no RUKI trigger (after a)); ṭ=UNCONDITIONED(no cluster source),F5-residue,4,3,"7:2,10:2","A:2,S:2",TIE,ein Opferruf,SRC-019; SRC-022; SRC-023; SRC-047,2026-09-07,Membership means only that the two regular retroflexion rules do not derive the marked segment. It is not a claim that the word is borrowed.
RES-064,váṣaṭkr̥ti-,lemma_vazawkfti_7780,nominal stem,v a ṣ a ṭ k r̥ t i,ṣ=UNCONDITIONED(no RUKI trigger (after a)); ṭ=UNCONDITIONED(no cluster source),F5-residue,4,4,"1:2,7:2","C:2,N:1,S:1",Cretic,der Ausruf váṣaṭ,SRC-019; SRC-022; SRC-023; SRC-047,2026-09-07,Membership means only that the two regular retroflexion rules do not derive the marked segment. It is not a claim that the word is borrowed.
RES-065,áheḷamāna-,lemma_aheqamAna_1433,nominal stem,a h e ḷ a m ā n a,ḷ=UNCONDITIONED(no cluster source),F5-residue,4,3,"1:3,6:1","A:1,N:2,P:1",Normal,nicht zürnend,SRC-019; SRC-022; SRC-023; SRC-047,2026-09-07,Membership means only that the two regular retroflexion rules do not derive the marked segment. It is not a claim that the word is borrowed.
RES-066,āṇḍá-,lemma_ARqa_1486,nominal stem,ā ṇ ḍ a,ṇ=UNCONDITIONED(nati environment fails: followed by ḍ); ḍ=CONDITIONED(cluster after ṇ),F5-residue,4,3,"1:1,8:2,10:1","A:1,C:1,S:2",Strophic,"n. Ei, m. Du. Hoden",SRC-019; SRC-022; SRC-023; SRC-047,2026-09-07,Membership means only that the two regular retroflexion rules do not derive the marked segment. It is not a claim that the word is borrowed.
RES-067,anaḍváh-,lemma_anaqvah_399,nominal stem,a n a ḍ v a h,ḍ=UNCONDITIONED(no cluster source),F5-residue,3,3,"3:1,10:2",P:3,Popular,"Karren, Wagen ziehend; daher: Zugtier, Ochse, Stier",SRC-019; SRC-022; SRC-023; SRC-047,2026-09-07,Membership means only that the two regular retroflexion rules do not derive the marked segment. It is not a claim that the word is borrowed.
RES-068,aṣṭā́pad-,lemma_azwApad_1298,nominal stem,a ṣ ṭ ā p a d,ṣ=UNCONDITIONED(no RUKI trigger (after a)); ṭ=CONDITIONED(cluster after ṣ),F1-ṣṬ-cluster,3,3,"1:1,2:1,8:1","N:1,P:1,S:1",TIE,achtfüssig,SRC-019; SRC-022; SRC-023; SRC-047,2026-09-07,Membership means only that the two regular retroflexion rules do not derive the marked segment. It is not a claim that the word is borrowed.
RES-069,devahéḷana-,lemma_devaheqana_4481,nominal stem,d e v a h e ḷ a n a,ḷ=UNCONDITIONED(no cluster source),F5-residue,3,3,"7:1,10:2","C:2,S:1",Cretic,Götterzürnung,SRC-019; SRC-022; SRC-023; SRC-047,2026-09-07,Membership means only that the two regular retroflexion rules do not derive the marked segment. It is not a claim that the word is borrowed.
RES-070,dáśoṇi-,lemma_daSoRi_4148,nominal stem,d a ś o ṇ i,ṇ=UNCONDITIONED(no nati trigger),F5-residue,3,2,"6:2,10:1","A:2,C:1",Archaic,"N. pr.?; 'mit zehn Armen', von einigen Autoren wie dáśoṇya- als Eigenname aufgefasst",SRC-019; SRC-022; SRC-023; SRC-047,2026-09-07,Membership means only that the two regular retroflexion rules do not derive the marked segment. It is not a claim that the word is borrowed.
RES-071,gaṇaśrí-,lemma_gaRaSri_2883,nominal stem,g a ṇ a ś r i,ṇ=UNCONDITIONED(no nati trigger),F5-residue,3,3,"1:1,5:1,8:1","A:1,C:1,N:1",TIE,mit der Herrlichkeit ihrer Schar,SRC-019; SRC-022; SRC-023; SRC-047,2026-09-07,Membership means only that the two regular retroflexion rules do not derive the marked segment. It is not a claim that the word is borrowed.
RES-072,krīḷá-,lemma_krIqa_2758,nominal stem,k r ī ḷ a,ḷ=UNCONDITIONED(no cluster source),F5-residue,3,2,1:3,S:3,Strophic,"tollend, spielend",SRC-019; SRC-022; SRC-023; SRC-047,2026-09-07,Membership means only that the two regular retroflexion rules do not derive the marked segment. It is not a claim that the word is borrowed.
RES-073,mr̥ḷayáttama-,lemma_mfq_6921 #lemma_mfq_12473,nominal stem,m r̥ ḷ a y a t t a m a,ḷ=UNCONDITIONED(no cluster source),F5-residue,3,3,"1:2,5:1","A:1,C:2",Cretic,am gnädigsten,SRC-019; SRC-022; SRC-023; SRC-047,2026-09-07,Membership means only that the two regular retroflexion rules do not derive the marked segment. It is not a claim that the word is borrowed.
RES-074,mārtāṇḍá-,lemma_mArtARqa_6808,nominal stem,m ā r t ā ṇ ḍ a,ṇ=UNCONDITIONED(nati environment fails: followed by ḍ); ḍ=CONDITIONED(cluster after ṇ),F5-residue,3,2,"2:1,10:2","N:1,P:2",Popular,patronym.? der letzte Sohn der Aditi,SRC-019; SRC-022; SRC-023; SRC-047,2026-09-07,Membership means only that the two regular retroflexion rules do not derive the marked segment. It is not a claim that the word is borrowed.
RES-075,práṣṭi-,lemma_prazwi_6003,nominal stem,p r a ṣ ṭ i,ṣ=UNCONDITIONED(no RUKI trigger (after a)); ṭ=CONDITIONED(cluster after ṣ),F1-ṣṬ-cluster,3,3,"1:2,8:1","A:1,C:1,S:1",TIE,"Seitenpferd, Seitenmann, Beimann",SRC-019; SRC-022; SRC-023; SRC-047,2026-09-07,Membership means only that the two regular retroflexion rules do not derive the marked segment. It is not a claim that the word is borrowed.
RES-076,páḍbīśa-,lemma_paqbISa_5183,nominal stem,p a ḍ b ī ś a,ḍ=UNCONDITIONED(no cluster source),F5-residue,3,2,"1:2,10:1",P:3,Popular,"Fussfessel (des Rennpferdes, des Yama)",SRC-019; SRC-022; SRC-023; SRC-047,2026-09-07,Membership means only that the two regular retroflexion rules do not derive the marked segment. It is not a claim that the word is borrowed.
RES-077,pāṇí-,lemma_pARi_5421,nominal stem,p ā ṇ i,ṇ=UNCONDITIONED(no nati trigger),F5-residue,3,3,"2:1,4:1,6:1","C:1,N:1,S:1",TIE,Hand,SRC-019; SRC-022; SRC-023; SRC-047,2026-09-07,Membership means only that the two regular retroflexion rules do not derive the marked segment. It is not a claim that the word is borrowed.
RES-078,stómataṣṭa-,lemma_stomatazw_10257,nominal stem,s t o m a t a ṣ ṭ a,ṣ=UNCONDITIONED(no RUKI trigger (after a)); ṭ=CONDITIONED(cluster after ṣ),F1-ṣṬ-cluster,3,3,"3:2,10:1","C:1,N:1,P:1",TIE,"zum Lobe gezimmert, zum Lobe gedichtet; dem Loblied gedichtet ist",SRC-019; SRC-022; SRC-023; SRC-047,2026-09-07,Membership means only that the two regular retroflexion rules do not derive the marked segment. It is not a claim that the word is borrowed.
RES-079,vīḍvàṅga-,lemma_vIqvaNga_8302,nominal stem,v ī ḍ v a ṅ g a,ḍ=UNCONDITIONED(no cluster source),F5-residue,3,3,"1:1,6:1,8:1","A:1,N:1,P:1",TIE,mit festen Gliedern,SRC-019; SRC-022; SRC-023; SRC-047,2026-09-07,Membership means only that the two regular retroflexion rules do not derive the marked segment. It is not a claim that the word is borrowed.
RES-080,vīḷúpāṇi-,lemma_vIqupARi_8299 #lemma_vIqupARi_8298,nominal stem,v ī ḷ u p ā ṇ i,ḷ=UNCONDITIONED(no cluster source); ṇ=UNCONDITIONED(no nati trigger),F5-residue,3,3,"1:1,7:2",S:3,Strophic,"starke, feste Hufe habend",SRC-019; SRC-022; SRC-023; SRC-047,2026-09-07,Membership means only that the two regular retroflexion rules do not derive the marked segment. It is not a claim that the word is borrowed.
RES-081,áṣṭrā-,lemma_azwrA_1301,nominal stem,a ṣ ṭ r ā,ṣ=UNCONDITIONED(no RUKI trigger (after a)); ṭ=CONDITIONED(cluster after ṣ),F1-ṣṬ-cluster,3,3,"4:1,6:2","C:2,P:1",Cretic,(Leder-)Peitsche,SRC-019; SRC-022; SRC-023; SRC-047,2026-09-07,Membership means only that the two regular retroflexion rules do not derive the marked segment. It is not a claim that the word is borrowed.
RES-082,íḷāvant-,lemma_iqAvat_1683,nominal stem,i ḷ ā v a n t,ḷ=UNCONDITIONED(no cluster source),F5-residue,3,3,"4:1,9:1,10:1","N:1,P:1,S:1",TIE,"mit Labetrunk versehen, Labung darbietend",SRC-019; SRC-022; SRC-023; SRC-047,2026-09-07,Membership means only that the two regular retroflexion rules do not derive the marked segment. It is not a claim that the word is borrowed.
RES-083,āṇí-,lemma_ARi_1485,nominal stem,ā ṇ i,ṇ=UNCONDITIONED(no nati trigger),F5-residue,3,3,"1:2,5:1","A:1,C:1,S:1",TIE,"Bolzen, der das Rad an der Achse festhält, Achszapfen",SRC-019; SRC-022; SRC-023; SRC-047,2026-09-07,Membership means only that the two regular retroflexion rules do not derive the marked segment. It is not a claim that the word is borrowed.
RES-084,anulbaṇá-,lemma_anulbaRa_532,nominal stem,a n u l b a ṇ a,ṇ=UNCONDITIONED(no nati trigger),F5-residue,2,2,"8:1,10:1","A:1,P:1",TIE,"ohne Knoten oder Wulst, fehlerlos",SRC-019; SRC-022; SRC-023; SRC-047,2026-09-07,Membership means only that the two regular retroflexion rules do not derive the marked segment. It is not a claim that the word is borrowed.
RES-085,aṣṭamá-,lemma_azwama_1297,nominal stem,a ṣ ṭ a m a,ṣ=UNCONDITIONED(no RUKI trigger (after a)); ṭ=CONDITIONED(cluster after ṣ),F1-ṣṬ-cluster,2,2,"2:1,10:1","N:1,P:1",TIE,achte/r/s,SRC-019; SRC-022; SRC-023; SRC-047,2026-09-07,Membership means only that the two regular retroflexion rules do not derive the marked segment. It is not a claim that the word is borrowed.
RES-086,aṣṭhīvánt-,lemma_azWIvat_1304,nominal stem,a ṣ ṭh ī v a n t,ṣ=UNCONDITIONED(no RUKI trigger (after a)); ṭh=CONDITIONED(cluster after ṣ),F1-ṣṬ-cluster,2,2,"7:1,10:1",P:2,Popular,Kniescheibe,SRC-019; SRC-022; SRC-023; SRC-047,2026-09-07,Membership means only that the two regular retroflexion rules do not derive the marked segment. It is not a claim that the word is borrowed.
RES-087,dravátpāṇi-,lemma_dravatpARi_4540,nominal stem,d r a v a t p ā ṇ i,ṇ=UNCONDITIONED(no nati trigger),F5-residue,2,2,"1:1,8:1",S:2,Strophic,"mit laufender Hand, die Hände laufen machend -> GM 'rasche Hufe habend'",SRC-019; SRC-022; SRC-023; SRC-047,2026-09-07,Membership means only that the two regular retroflexion rules do not derive the marked segment. It is not a claim that the word is borrowed.
RES-088,dáṃṣṭra-,lemma_daMzwra_4030,nominal stem,d a ṃ ṣ ṭ r a,ṣ=UNCONDITIONED(no RUKI trigger (after ṃ)); ṭ=CONDITIONED(cluster after ṣ),F1-ṣṬ-cluster,2,2,"2:1,10:1","C:1,P:1",TIE,Fangzahn,SRC-019; SRC-022; SRC-023; SRC-047,2026-09-07,Membership means only that the two regular retroflexion rules do not derive the marked segment. It is not a claim that the word is borrowed.
RES-089,dūṇā́śa- 1,lemma_dURASa_4383,nominal stem,d ū ṇ ā ś a,ṇ=UNCONDITIONED(no nati trigger),F3-dū-compound,2,2,"6:1,9:1","C:1,N:1",TIE,,SRC-019; SRC-022; SRC-023; SRC-047,2026-09-07,Membership means only that the two regular retroflexion rules do not derive the marked segment. It is not a claim that the word is borrowed.
RES-090,gaṇápati-,lemma_gaRapati_2882,nominal stem,g a ṇ a p a t i,ṇ=UNCONDITIONED(no nati trigger),F5-residue,2,2,"2:1,10:1","C:1,N:1",TIE,Oberster der Schar,SRC-019; SRC-022; SRC-023; SRC-047,2026-09-07,Membership means only that the two regular retroflexion rules do not derive the marked segment. It is not a claim that the word is borrowed.
RES-091,héḷa-,lemma_heqa_10735,nominal stem,h e ḷ a,ḷ=UNCONDITIONED(no cluster source),F5-residue,2,2,"1:1,7:1","C:1,S:1",TIE,Zorn,SRC-019; SRC-022; SRC-023; SRC-047,2026-09-07,Membership means only that the two regular retroflexion rules do not derive the marked segment. It is not a claim that the word is borrowed.
RES-092,jarádaṣṭi-,lemma_jaradazwi_3437,nominal stem,j a r a d a ṣ ṭ i,ṣ=UNCONDITIONED(no RUKI trigger (after a)); ṭ=CONDITIONED(cluster after ṣ),F1-ṣṬ-cluster,2,2,"7:1,10:1","P:1,S:1",TIE,"langlebig, das Alter erreichend",SRC-019; SRC-022; SRC-023; SRC-047,2026-09-07,Membership means only that the two regular retroflexion rules do not derive the marked segment. It is not a claim that the word is borrowed.
RES-093,jálāṣa-,lemma_jalAza_3449,nominal stem,j a l ā ṣ a,ṣ=UNCONDITIONED(no RUKI trigger (after ā)),F5-residue,2,2,"2:1,7:1","N:1,P:1",TIE,"(unklare Bedeutung, cf. jálāṣabheṣaja- 'dessen Heilmittel j° ist')",SRC-019; SRC-022; SRC-023; SRC-047,2026-09-07,Membership means only that the two regular retroflexion rules do not derive the marked segment. It is not a claim that the word is borrowed.
RES-094,jálāṣabheṣaja-,lemma_jalAzaBezaja_3450,nominal stem,j a l ā ṣ a bh e ṣ a j a,ṣ=UNCONDITIONED(no RUKI trigger (after ā)); ṣ=CONDITIONED(RUKI after e),F5-residue,2,2,"1:1,8:1","A:1,S:1",TIE,dessen Heilmittel j° ist;,SRC-019; SRC-022; SRC-023; SRC-047,2026-09-07,Membership means only that the two regular retroflexion rules do not derive the marked segment. It is not a claim that the word is borrowed.
RES-095,kaṇvavát,lemma_kaRva_2390,invariable,k a ṇ v a v a t,ṇ=UNCONDITIONED(no nati trigger),F5-residue,2,2,8:2,S:2,Strophic,wohl ds. wie káṇvamant- 'von káṇva- bereitet' etc. ,SRC-019; SRC-022; SRC-023; SRC-047,2026-09-07,Membership means only that the two regular retroflexion rules do not derive the marked segment. It is not a claim that the word is borrowed.
RES-096,káṇvatama-,lemma_kaRva_2390,nominal stem,k a ṇ v a t a m a,ṇ=UNCONDITIONED(no nati trigger),F5-residue,2,2,"1:1,10:1","A:1,S:1",TIE,"ganz wie káṇva- sich zeigend, oder: 'dem káṇva- recht hold'",SRC-019; SRC-022; SRC-023; SRC-047,2026-09-07,Membership means only that the two regular retroflexion rules do not derive the marked segment. It is not a claim that the word is borrowed.
RES-097,meḷí-,lemma_mezI_6961,nominal stem,m e ḷ i,ḷ=UNCONDITIONED(no cluster source),F5-residue,2,2,"3:1,4:1","N:1,S:1",TIE,"rauschend, knisternd; m. das Rauschen, Knistern",SRC-019; SRC-022; SRC-023; SRC-047,2026-09-07,Membership means only that the two regular retroflexion rules do not derive the marked segment. It is not a claim that the word is borrowed.
RES-098,mr̥ḷayā́ku-,lemma_mfqayAku_6922,nominal stem,m r̥ ḷ a y ā k u,ḷ=UNCONDITIONED(no cluster source),F5-residue,2,2,"2:1,8:1","N:1,S:1",TIE,gnädig,SRC-019; SRC-022; SRC-023; SRC-047,2026-09-07,Membership means only that the two regular retroflexion rules do not derive the marked segment. It is not a claim that the word is borrowed.
RES-099,mīḷhúṣmant-,lemma_mIQuzmat_6863,nominal stem,m ī ḷh u ṣ m a n t,ḷh=UNCONDITIONED(no cluster source); ṣ=CONDITIONED(RUKI after u),F2-aspirated-retroflex,2,2,"5:1,6:1",A:2,Archaic,"freigebig, gnadenreich",SRC-019; SRC-022; SRC-023; SRC-047,2026-09-07,Membership means only that the two regular retroflexion rules do not derive the marked segment. It is not a claim that the word is borrowed.
RES-100,niṣṣáh-,lemma_nizzah_5046,nominal stem,n i ṣ ṣ a h,ṣ=CONDITIONED(RUKI after i); ṣ=UNCONDITIONED(no RUKI trigger (after ṣ)),F5-residue,2,2,"1:1,10:1",A:2,Archaic,"überaus siegreich, gewaltig",SRC-019; SRC-022; SRC-023; SRC-047,2026-09-07,Membership means only that the two regular retroflexion rules do not derive the marked segment. It is not a claim that the word is borrowed.
RES-101,niṣṣídhvan-,lemma_nizziDvan_5048,nominal stem,n i ṣ ṣ i dh v a n,ṣ=CONDITIONED(RUKI after i); ṣ=UNCONDITIONED(no RUKI trigger (after ṣ)),F5-residue,2,2,"3:1,8:1","N:1,P:1",TIE,"gabenreich, reichlich spendend",SRC-019; SRC-022; SRC-023; SRC-047,2026-09-07,Membership means only that the two regular retroflexion rules do not derive the marked segment. It is not a claim that the word is borrowed.
RES-102,pāṣyà-,lemma_pAzya_5466,nominal stem,p ā ṣ y a,ṣ=UNCONDITIONED(no RUKI trigger (after ā)),F5-residue,2,2,"1:1,9:1","A:1,S:1",TIE,"fraglich, ob 'Stein'; vielleicht auch ein paarweise vorhandener Körperteil",SRC-019; SRC-022; SRC-023; SRC-047,2026-09-07,Membership means only that the two regular retroflexion rules do not derive the marked segment. It is not a claim that the word is borrowed.
RES-103,rā́ṣṭrī- 2,lemma_rAzwrI_7396,nominal stem,r ā ṣ ṭ r ī,ṣ=UNCONDITIONED(no RUKI trigger (after ā)); ṭ=CONDITIONED(cluster after ṣ),F1-ṣṬ-cluster,2,2,"8:1,10:1",P:2,Popular,"Beherrscherin, Gebieterin",SRC-019; SRC-022; SRC-023; SRC-047,2026-09-07,Membership means only that the two regular retroflexion rules do not derive the marked segment. It is not a claim that the word is borrowed.
RES-104,sahásrasthūṇa-,lemma_sahasrasTURa_9579,nominal stem,s a h a s r a s th ū ṇ a,ṇ=UNCONDITIONED(no nati trigger),F5-residue,2,2,"2:1,5:1","C:1,N:1",TIE,auf tausend Säulen ruhend,SRC-019; SRC-022; SRC-023; SRC-047,2026-09-07,Membership means only that the two regular retroflexion rules do not derive the marked segment. It is not a claim that the word is borrowed.
RES-105,sútaṣṭa-,lemma_sutazwa_9767,nominal stem,s u t a ṣ ṭ a,ṣ=UNCONDITIONED(no RUKI trigger (after a)); ṭ=CONDITIONED(cluster after ṣ),F1-ṣṬ-cluster,2,2,"2:1,7:1","N:1,S:1",TIE,schön gezimmert,SRC-019; SRC-022; SRC-023; SRC-047,2026-09-07,Membership means only that the two regular retroflexion rules do not derive the marked segment. It is not a claim that the word is borrowed.
RES-106,taḷít-,lemma_taqit_3619,nominal stem,t a ḷ i t,ḷ=UNCONDITIONED(no cluster source),F5-residue,2,2,"1:1,2:1","C:1,N:1",TIE,taḍít (taḷ°) Adv. 'nahe',SRC-019; SRC-022; SRC-023; SRC-047,2026-09-07,Membership means only that the two regular retroflexion rules do not derive the marked segment. It is not a claim that the word is borrowed.
RES-107,vaṇíj-,lemma_vaRij_7589,nominal stem,v a ṇ i j,ṇ=UNCONDITIONED(no nati trigger),F5-residue,2,2,"1:1,5:1","A:1,C:1",TIE,"Kaufmann, Händler",SRC-019; SRC-022; SRC-023; SRC-047,2026-09-07,Membership means only that the two regular retroflexion rules do not derive the marked segment. It is not a claim that the word is borrowed.
RES-108,voḷhár-,lemma_voQf_8504 #lemma_voQf_12598,nominal stem,v o ḷh a r,ḷh=UNCONDITIONED(no cluster source),F2-aspirated-retroflex,2,2,7:2,S:2,Strophic,fahrend,SRC-019; SRC-022; SRC-023; SRC-047,2026-09-07,Membership means only that the two regular retroflexion rules do not derive the marked segment. It is not a claim that the word is borrowed.
RES-109,vīḷupaví-,lemma_vIqupavi_8297,nominal stem,v ī ḷ u p a v i,ḷ=UNCONDITIONED(no cluster source),F5-residue,2,2,"5:1,8:1","A:1,C:1",TIE,"mit starken, festen Schienen versehen",SRC-019; SRC-022; SRC-023; SRC-047,2026-09-07,Membership means only that the two regular retroflexion rules do not derive the marked segment. It is not a claim that the word is borrowed.
RES-110,yáṣṭar-,lemma_yaj_6994,nominal stem,y a ṣ ṭ a r,ṣ=UNCONDITIONED(no RUKI trigger (after a)); ṭ=CONDITIONED(cluster after ṣ),F1-ṣṬ-cluster,2,2,"2:1,10:1","A:1,N:1",TIE,"der zu opfern pflegt, Opferer",SRC-019; SRC-022; SRC-023; SRC-047,2026-09-07,Membership means only that the two regular retroflexion rules do not derive the marked segment. It is not a claim that the word is borrowed.
RES-111,ásamaṣṭakāvya-,lemma_asamazwakAvya_1323,nominal stem,a s a m a ṣ ṭ a k ā v y a,ṣ=UNCONDITIONED(no RUKI trigger (after a)); ṭ=CONDITIONED(cluster after ṣ),F1-ṣṬ-cluster,2,2,"2:1,9:1","N:1,S:1",TIE,unerreichte Sehergabe habend,SRC-019; SRC-022; SRC-023; SRC-047,2026-09-07,Membership means only that the two regular retroflexion rules do not derive the marked segment. It is not a claim that the word is borrowed.
RES-112,áyodaṃṣṭra-,lemma_ayodaMzwra_949 #lemma_ayodaMzwra_12094,nominal stem,a y o d a ṃ ṣ ṭ r a,ṣ=UNCONDITIONED(no RUKI trigger (after ṃ)); ṭ=CONDITIONED(cluster after ṣ),F1-ṣṬ-cluster,2,2,"1:1,10:1","A:1,P:1",TIE,"mit eisernem Gebiss versehen, eisenzahnig",SRC-019; SRC-022; SRC-023; SRC-047,2026-09-07,Membership means only that the two regular retroflexion rules do not derive the marked segment. It is not a claim that the word is borrowed.
RES-113,√phaṇ-,lemma_PaR_6120,root,ph a ṇ,ṇ=UNCONDITIONED(no nati trigger),F5-residue,2,2,"4:1,8:1","A:1,N:1",TIE,"springen, galoppieren",SRC-019; SRC-022; SRC-023; SRC-047,2026-09-07,Membership means only that the two regular retroflexion rules do not derive the marked segment. It is not a claim that the word is borrowed.
RES-114,abhírāṣṭra-,lemma_aBirAzwra_799,nominal stem,a bh i r ā ṣ ṭ r a,ṣ=UNCONDITIONED(no RUKI trigger (after ā)); ṭ=CONDITIONED(cluster after ṣ),F1-ṣṬ-cluster,1,1,10:1,P:1,Popular,Reiche bewältigend,SRC-019; SRC-022; SRC-023; SRC-047,2026-09-07,Membership means only that the two regular retroflexion rules do not derive the marked segment. It is not a claim that the word is borrowed.
RES-115,aiḷa-,lemma_Eqa_2333,nominal stem,ai ḷ a,ḷ=UNCONDITIONED(no cluster source),F5-residue,1,1,10:1,P:1,Popular,GM: Sohn der íḍā; Geldner iii 303 ebenso,SRC-019; SRC-022; SRC-023; SRC-047,2026-09-07,Membership means only that the two regular retroflexion rules do not derive the marked segment. It is not a claim that the word is borrowed.
RES-116,apāṣṭávant-,lemma_apAzWavat_668,nominal stem,a p ā ṣ ṭ a v a n t,ṣ=UNCONDITIONED(no RUKI trigger (after ā)); ṭ=CONDITIONED(cluster after ṣ),F1-ṣṬ-cluster,1,1,10:1,P:1,Popular,mit Widerhaken versehen,SRC-019; SRC-022; SRC-023; SRC-047,2026-09-07,Membership means only that the two regular retroflexion rules do not derive the marked segment. It is not a claim that the word is borrowed.
RES-117,araṭvá-,lemma_arawva_963,nominal stem,a r a ṭ v a,ṭ=UNCONDITIONED(no cluster source),F5-residue,1,1,8:1,A:1,Archaic,wohl Appellativum 'aus dem Holz des araṭu-Baumes' (Wagenachse),SRC-019; SRC-022; SRC-023; SRC-047,2026-09-07,Membership means only that the two regular retroflexion rules do not derive the marked segment. It is not a claim that the word is borrowed.
RES-118,aṣṭakarṇá-,lemma_azwakarRa_1296,nominal stem,a ṣ ṭ a k a r ṇ a,ṣ=UNCONDITIONED(no RUKI trigger (after a)); ṭ=CONDITIONED(cluster after ṣ); ṇ=CONDITIONED(nati after r),F1-ṣṬ-cluster,1,1,10:1,C:1,Cretic,mit gekennzeichneten Ohren (von Rind und Ross),SRC-019; SRC-022; SRC-023; SRC-047,2026-09-07,Membership means only that the two regular retroflexion rules do not derive the marked segment. It is not a claim that the word is borrowed.
RES-119,aṣṭrāvín-,lemma_azwrAvin_1302,nominal stem,a ṣ ṭ r ā v i n,ṣ=UNCONDITIONED(no RUKI trigger (after a)); ṭ=CONDITIONED(cluster after ṣ),F1-ṣṬ-cluster,1,1,10:1,P:1,Popular,"dem Stachel (bzw. der Peitsche) gehorchend (vom Stier gesagt), cf. AiGr ii 2 917",SRC-019; SRC-022; SRC-023; SRC-047,2026-09-07,Membership means only that the two regular retroflexion rules do not derive the marked segment. It is not a claim that the word is borrowed.
RES-120,aṣṭár-,lemma_aS_12127,nominal stem,a ṣ ṭ a r,ṣ=UNCONDITIONED(no RUKI trigger (after a)); ṭ=CONDITIONED(cluster after ṣ),F1-ṣṬ-cluster,1,1,1:1,A:1,Archaic,,SRC-019; SRC-022; SRC-023; SRC-047,2026-09-07,Membership means only that the two regular retroflexion rules do not derive the marked segment. It is not a claim that the word is borrowed.
RES-121,aṣṭā́vandhura-,lemma_azwAvanDura_1299,nominal stem,a ṣ ṭ ā v a n dh u r a,ṣ=UNCONDITIONED(no RUKI trigger (after a)); ṭ=CONDITIONED(cluster after ṣ),F1-ṣṬ-cluster,1,1,10:1,P:1,Popular,acht Wagensitze habend,SRC-019; SRC-022; SRC-023; SRC-047,2026-09-07,Membership means only that the two regular retroflexion rules do not derive the marked segment. It is not a claim that the word is borrowed.
RES-122,baḷā́,lemma_baqA_6137,invariable,b a ḷ ā,ḷ=UNCONDITIONED(no cluster source),F5-residue,1,1,8:1,A:1,Archaic,"baḷā́ kr̥: 'feststellen, sicher machen'",SRC-019; SRC-022; SRC-023; SRC-047,2026-09-07,Membership means only that the two regular retroflexion rules do not derive the marked segment. It is not a claim that the word is borrowed.
RES-123,baṣkáya-,lemma_bazkaya_6177,nominal stem,b a ṣ k a y a,ṣ=UNCONDITIONED(no RUKI trigger (after a)),F5-residue,1,1,1:1,P:1,Popular,etwa: 'ausgewachsen',SRC-019; SRC-022; SRC-023; SRC-047,2026-09-07,Membership means only that the two regular retroflexion rules do not derive the marked segment. It is not a claim that the word is borrowed.
RES-124,bekanā́ṭa-,lemma_bekanAwa_6249,nominal stem,b e k a n ā ṭ a,ṭ=UNCONDITIONED(no cluster source),F5-residue,1,1,8:1,A:1,Archaic,unklar,SRC-019; SRC-022; SRC-023; SRC-047,2026-09-07,Membership means only that the two regular retroflexion rules do not derive the marked segment. It is not a claim that the word is borrowed.
RES-125,bāḷhasŕ̥tvan-,lemma_bAQasftvan_6192,nominal stem,b ā ḷh a s r̥ t v a n,ḷh=UNCONDITIONED(no cluster source),F2-aspirated-retroflex,1,1,1:1,A:1,Archaic,"'kräftig, stark eilend' bzw. '(wie) einer, der bedrängt wird, eilend': 'in grosser Eile'",SRC-019; SRC-022; SRC-023; SRC-047,2026-09-07,Membership means only that the two regular retroflexion rules do not derive the marked segment. It is not a claim that the word is borrowed.
RES-126,bāṇá-,lemma_bARa_6192.1,nominal stem,b ā ṇ a,ṇ=UNCONDITIONED(no nati trigger),F5-residue,1,1,6:1,P:1,Popular,Pfeil,SRC-019; SRC-022; SRC-023; SRC-047,2026-09-07,Membership means only that the two regular retroflexion rules do not derive the marked segment. It is not a claim that the word is borrowed.
RES-127,bī́riṭa-,lemma_bIriwa_6214,nominal stem,b ī r i ṭ a,ṭ=UNCONDITIONED(no cluster source),F5-residue,1,1,7:1,S:1,Strophic,unklar,SRC-019; SRC-022; SRC-023; SRC-047,2026-09-07,Membership means only that the two regular retroflexion rules do not derive the marked segment. It is not a claim that the word is borrowed.
RES-128,caṣā́la-,lemma_cazAla_3269,nominal stem,c a ṣ ā l a,ṣ=UNCONDITIONED(no RUKI trigger (after a)),F5-residue,1,1,1:1,P:1,Popular,"Knauf, turban- oder kranzartiger Aufsatz auf dem Opferpfosten",SRC-019; SRC-022; SRC-023; SRC-047,2026-09-07,Membership means only that the two regular retroflexion rules do not derive the marked segment. It is not a claim that the word is borrowed.
RES-129,caṣā́lavant-,lemma_cazAlavat_3270,nominal stem,c a ṣ ā l a v a n t,ṣ=UNCONDITIONED(no RUKI trigger (after a)),F5-residue,1,1,3:1,P:1,Popular,mit einem Knauf versehen,SRC-019; SRC-022; SRC-023; SRC-047,2026-09-07,Membership means only that the two regular retroflexion rules do not derive the marked segment. It is not a claim that the word is borrowed.
RES-130,cā́ṣa-,lemma_cAza_3280,nominal stem,c ā ṣ a,ṣ=UNCONDITIONED(no RUKI trigger (after ā)),F5-residue,1,1,10:1,P:1,Popular,"der blaue Holzhäher, Coracius indica",SRC-019; SRC-022; SRC-023; SRC-047,2026-09-07,Membership means only that the two regular retroflexion rules do not derive the marked segment. It is not a claim that the word is borrowed.
RES-131,daṇḍá-,lemma_daRqa_4062,nominal stem,d a ṇ ḍ a,ṇ=UNCONDITIONED(nati environment fails: followed by ḍ); ḍ=CONDITIONED(cluster after ṇ),F5-residue,1,1,7:1,P:1,Popular,"Stock, Stab (später auch 'Strafe')",SRC-019; SRC-022; SRC-023; SRC-047,2026-09-07,Membership means only that the two regular retroflexion rules do not derive the marked segment. It is not a claim that the word is borrowed.
RES-132,duḥṣáhas-,lemma_duHzaha_4375,nominal stem,d u ḥ ṣ a h a s,ṣ=UNCONDITIONED(no RUKI trigger (after ḥ)),F5-residue,1,1,9:1,N:1,Normal,"?, 'mit schlechter Kraft'? (sáhas-?) SAH?",SRC-019; SRC-022; SRC-023; SRC-047,2026-09-07,Membership means only that the two regular retroflexion rules do not derive the marked segment. It is not a claim that the word is borrowed.
RES-133,dáśoṇya-,lemma_daSoRya_4149,nominal stem,d a ś o ṇ y a,ṇ=UNCONDITIONED(no nati trigger),F5-residue,1,1,8:1,S:1,Strophic,"N. pr., Name eines Opferherrn, Sohn des Pūtakratu",SRC-019; SRC-022; SRC-023; SRC-047,2026-09-07,Membership means only that the two regular retroflexion rules do not derive the marked segment. It is not a claim that the word is borrowed.
RES-134,dūṇáśa-,lemma_dURaSa_4382,nominal stem,d ū ṇ a ś a,ṇ=UNCONDITIONED(no nati trigger),F3-dū-compound,1,1,3:1,N:1,Normal,"kaum zu erreichen, schwer erreichbar",SRC-019; SRC-022; SRC-023; SRC-047,2026-09-07,Membership means only that the two regular retroflexion rules do not derive the marked segment. It is not a claim that the word is borrowed.
RES-135,gáṇya-,lemma_gaRya_2884,nominal stem,g a ṇ y a,ṇ=UNCONDITIONED(no nati trigger),F5-residue,1,1,3:1,N:1,Normal,zu einer Schar gehörig,SRC-019; SRC-022; SRC-023; SRC-047,2026-09-07,Membership means only that the two regular retroflexion rules do not derive the marked segment. It is not a claim that the word is borrowed.
RES-136,hiraṇyapiṇḍá-,lemma_hiraRyapiRqa_10680,nominal stem,h i r a ṇ y a p i ṇ ḍ a,ṇ=CONDITIONED(nati after r); ṇ=UNCONDITIONED(nati environment fails: followed by ḍ); ḍ=CONDITIONED(cluster after ṇ),F5-residue,1,1,6:1,A:1,Archaic,Goldklumpen,SRC-019; SRC-022; SRC-023; SRC-047,2026-09-07,Membership means only that the two regular retroflexion rules do not derive the marked segment. It is not a claim that the word is borrowed.
RES-137,hī́ḍ-,lemma_hIq_10711,nominal stem,h ī ḍ,ḍ=UNCONDITIONED(no cluster source),F5-residue,1,1,8:1,A:1,Archaic,Zorn,SRC-019; SRC-022; SRC-023; SRC-047,2026-09-07,Membership means only that the two regular retroflexion rules do not derive the marked segment. It is not a claim that the word is borrowed.
RES-138,iṭát-,lemma_iwatas_1680,nominal stem,i ṭ a t,ṭ=UNCONDITIONED(no cluster source),F5-residue,1,1,10:1,C:1,Cretic,"N. pr., offenbar GSg. eines Eigennamens",SRC-019; SRC-022; SRC-023; SRC-047,2026-09-07,Membership means only that the two regular retroflexion rules do not derive the marked segment. It is not a claim that the word is borrowed.
RES-139,janāṣáh-,lemma_janAzah_3399,nominal stem,j a n ā ṣ a h,ṣ=UNCONDITIONED(no RUKI trigger (after ā)),F5-residue,1,1,1:1,C:1,Cretic,"{fremde} Völkerschaften überwältigend, besiegend (?)",SRC-019; SRC-022; SRC-023; SRC-047,2026-09-07,Membership means only that the two regular retroflexion rules do not derive the marked segment. It is not a claim that the word is borrowed.
RES-140,jañjaṇābhávant-,lemma_jaYjaRABavat_3383,nominal stem,j a ñ j a ṇ ā bh a v a n t,ṇ=UNCONDITIONED(no nati trigger),F5-residue,1,1,8:1,N:1,Normal,flackernd (lautsymbolische Wiedergabe eines Gesichtseindrucks),SRC-019; SRC-022; SRC-023; SRC-047,2026-09-07,Membership means only that the two regular retroflexion rules do not derive the marked segment. It is not a claim that the word is borrowed.
RES-141,jáḷhu-,lemma_jaQu_3387,nominal stem,j a ḷh u,ḷh=UNCONDITIONED(no cluster source),F2-aspirated-retroflex,1,1,8:1,A:1,Archaic,Bedeutung unklar,SRC-019; SRC-022; SRC-023; SRC-047,2026-09-07,Membership means only that the two regular retroflexion rules do not derive the marked segment. It is not a claim that the word is borrowed.
RES-142,jáṭhala-,lemma_jaWala_3386,nominal stem,j a ṭh a l a,ṭh=UNCONDITIONED(no cluster source),F5-residue,1,1,1:1,C:1,Cretic,vielleicht etwa 'bauchig',SRC-019; SRC-022; SRC-023; SRC-047,2026-09-07,Membership means only that the two regular retroflexion rules do not derive the marked segment. It is not a claim that the word is borrowed.
RES-143,jáṭhara-,lemma_jaWara_3385,nominal stem,j a ṭh a r a,ṭh=UNCONDITIONED(no cluster source),F5-residue,1,1,1:1,C:1,Cretic,vielleicht etwa 'bauchig',SRC-019; SRC-022; SRC-023; SRC-047,2026-09-07,Membership means only that the two regular retroflexion rules do not derive the marked segment. It is not a claim that the word is borrowed.
RES-144,kaváṣa-,lemma_kavaza_2486,nominal stem,k a v a ṣ a,ṣ=UNCONDITIONED(no RUKI trigger (after a)),F5-residue,1,1,7:1,C:1,Cretic,"N. pr., Name eines R̥ṣi",SRC-019; SRC-022; SRC-023; SRC-047,2026-09-07,Membership means only that the two regular retroflexion rules do not derive the marked segment. It is not a claim that the word is borrowed.
RES-145,krīḷumánt-,lemma_krIqumat_2761,nominal stem,k r ī ḷ u m a n t,ḷ=UNCONDITIONED(no cluster source),F5-residue,1,1,10:1,S:1,Strophic,"ausgelassen, tollend",SRC-019; SRC-022; SRC-023; SRC-047,2026-09-07,Membership means only that the two regular retroflexion rules do not derive the marked segment. It is not a claim that the word is borrowed.
RES-146,krīḷú-,lemma_krIqu_2760,nominal stem,k r ī ḷ u,ḷ=UNCONDITIONED(no cluster source),F5-residue,1,1,9:1,N:1,Normal,"ausgelassen, tollend",SRC-019; SRC-022; SRC-023; SRC-047,2026-09-07,Membership means only that the two regular retroflexion rules do not derive the marked segment. It is not a claim that the word is borrowed.
RES-147,kr̥pánīḷa-,lemma_kfpanIqa_2676,nominal stem,k r̥ p a n ī ḷ a,ḷ=UNCONDITIONED(no cluster source),F5-residue,1,1,10:1,A:1,Archaic,"Beiwort von Agni; unklar, vielleicht 'Nestbereiter', oder: 'die Wohnstätte herrichtend, ordnend'",SRC-019; SRC-022; SRC-023; SRC-047,2026-09-07,Membership means only that the two regular retroflexion rules do not derive the marked segment. It is not a claim that the word is borrowed.
RES-148,kuṇḍapā́yya-,lemma_kuRqapAyya_2588,nominal stem,k u ṇ ḍ a p ā y y a,ṇ=UNCONDITIONED(nati environment fails: followed by ḍ); ḍ=CONDITIONED(cluster after ṇ),F5-residue,1,1,8:1,S:1,Strophic,wohl Bezeichnung eines bestimmten Soma-Opfers 'aus Krügen zu trinken',SRC-019; SRC-022; SRC-023; SRC-047,2026-09-07,Membership means only that the two regular retroflexion rules do not derive the marked segment. It is not a claim that the word is borrowed.
RES-149,kuṇḍr̥ṇā́cī-,lemma_kuRqfRAcI_2589,nominal stem,k u ṇ ḍ r̥ ṇ ā c ī,ṇ=UNCONDITIONED(nati environment fails: followed by ḍ); ḍ=CONDITIONED(cluster after ṇ); ṇ=CONDITIONED(nati after r̥),F5-residue,1,1,1:1,C:1,Cretic,ein nicht näher bekanntes Tier,SRC-019; SRC-022; SRC-023; SRC-047,2026-09-07,Membership means only that the two regular retroflexion rules do not derive the marked segment. It is not a claim that the word is borrowed.
RES-150,kárūḷatin-,lemma_karUqatin_2450,nominal stem,k a r ū ḷ a t i n,ḷ=UNCONDITIONED(no cluster source),F5-residue,1,1,4:1,S:1,Strophic,"zahnlückig, mit schadhaften Zähnen",SRC-019; SRC-022; SRC-023; SRC-047,2026-09-07,Membership means only that the two regular retroflexion rules do not derive the marked segment. It is not a claim that the word is borrowed.
RES-151,káṇvahotar-,lemma_kaRvahotf_2393,nominal stem,k a ṇ v a h o t a r,ṇ=UNCONDITIONED(no nati trigger),F5-residue,1,1,5:1,A:1,Archaic,einen káṇva- zum Priester habend,SRC-019; SRC-022; SRC-023; SRC-047,2026-09-07,Membership means only that the two regular retroflexion rules do not derive the marked segment. It is not a claim that the word is borrowed.
RES-152,káṇvamant-,lemma_kaRvamat_2391,nominal stem,k a ṇ v a m a n t,ṇ=UNCONDITIONED(no nati trigger),F5-residue,1,1,8:1,S:1,Strophic,wie von káṇva- bereitet,SRC-019; SRC-022; SRC-023; SRC-047,2026-09-07,Membership means only that the two regular retroflexion rules do not derive the marked segment. It is not a claim that the word is borrowed.
RES-153,káṇvasakhi-,lemma_kaRvasaKi_2392,nominal stem,k a ṇ v a s a kh i,ṇ=UNCONDITIONED(no nati trigger),F5-residue,1,1,10:1,A:1,Archaic,GM: des káṇva- Freund (von Agni gesagt),SRC-019; SRC-022; SRC-023; SRC-047,2026-09-07,Membership means only that the two regular retroflexion rules do not derive the marked segment. It is not a claim that the word is borrowed.
RES-154,káṭuka-,lemma_kawuka_2388,nominal stem,k a ṭ u k a,ṭ=UNCONDITIONED(no cluster source),F5-residue,1,1,10:1,P:1,Popular,"scharf, beissend",SRC-019; SRC-022; SRC-023; SRC-047,2026-09-07,Membership means only that the two regular retroflexion rules do not derive the marked segment. It is not a claim that the word is borrowed.
RES-155,kévaṭa-,lemma_kevawa_2713,nominal stem,k e v a ṭ a,ṭ=UNCONDITIONED(no cluster source),F5-residue,1,1,6:1,C:1,Cretic,Grube,SRC-019; SRC-022; SRC-023; SRC-047,2026-09-07,Membership means only that the two regular retroflexion rules do not derive the marked segment. It is not a claim that the word is borrowed.
RES-156,kúṇāru-,lemma_kuRAru_2586,nominal stem,k u ṇ ā r u,ṇ=UNCONDITIONED(no nati trigger),F5-residue,1,1,3:1,N:1,Normal,angeblich 'lahm (am Arm)',SRC-019; SRC-022; SRC-023; SRC-047,2026-09-07,Membership means only that the two regular retroflexion rules do not derive the marked segment. It is not a claim that the word is borrowed.
RES-157,kúṭa-,lemma_kUwa_2639,nominal stem,k u ṭ a,ṭ=UNCONDITIONED(no cluster source),F5-residue,1,1,1:1,S:1,Strophic,"N. pr. ? (so GM, etc.), aber als Name ganz fraglich; vielleicht 'Haus, Heim' oder 'Krug'",SRC-019; SRC-022; SRC-023; SRC-047,2026-09-07,Membership means only that the two regular retroflexion rules do not derive the marked segment. It is not a claim that the word is borrowed.
RES-158,kāṇa-,lemma_kARa_2513,nominal stem,k ā ṇ a,ṇ=UNCONDITIONED(no nati trigger),F5-residue,1,1,10:1,P:1,Popular,einäugig,SRC-019; SRC-022; SRC-023; SRC-047,2026-09-07,Membership means only that the two regular retroflexion rules do not derive the marked segment. It is not a claim that the word is borrowed.
RES-159,kāṇuká-,lemma_kARuka_2514,nominal stem,k ā ṇ u k a,ṇ=UNCONDITIONED(no nati trigger),F5-residue,1,1,8:1,S:1,Strophic,"(Bedeutung, Etymologie unklar)",SRC-019; SRC-022; SRC-023; SRC-047,2026-09-07,Membership means only that the two regular retroflexion rules do not derive the marked segment. It is not a claim that the word is borrowed.
RES-160,kāṇvāyana-,lemma_kARvAyana_2516,nominal stem,k ā ṇ v ā y a n a,ṇ=UNCONDITIONED(no nati trigger),F5-residue,1,1,8:1,S:1,Strophic,"N. pr.; von káṇva- abstammend, die vedische Sängerfamilie der káṇva-",SRC-019; SRC-022; SRC-023; SRC-047,2026-09-07,Membership means only that the two regular retroflexion rules do not derive the marked segment. It is not a claim that the word is borrowed.
RES-161,kāṭá-,lemma_kAwa_2512,nominal stem,k ā ṭ a,ṭ=UNCONDITIONED(no cluster source),F5-residue,1,1,1:1,C:1,Cretic,"Grube, Tiefe",SRC-019; SRC-022; SRC-023; SRC-047,2026-09-07,Membership means only that the two regular retroflexion rules do not derive the marked segment. It is not a claim that the word is borrowed.
RES-162,kī́kaṭa-,lemma_kIkawa_2566,nominal stem,k ī k a ṭ a,ṭ=UNCONDITIONED(no cluster source),F5-residue,1,1,3:1,C:1,Cretic,Plur. Name eines nicht-arischen Volkes,SRC-019; SRC-022; SRC-023; SRC-047,2026-09-07,Membership means only that the two regular retroflexion rules do not derive the marked segment. It is not a claim that the word is borrowed.
RES-163,kŕ̥pīṭa-,lemma_kfpIwa_2679,nominal stem,k r̥ p ī ṭ a,ṭ=UNCONDITIONED(no cluster source),F5-residue,1,1,10:1,P:1,Popular,"wohl 'Buschwerk, Gestrüpp'",SRC-019; SRC-022; SRC-023; SRC-047,2026-09-07,Membership means only that the two regular retroflexion rules do not derive the marked segment. It is not a claim that the word is borrowed.
RES-164,kū́ṭa-,lemma_kuwa_2585,nominal stem,k ū ṭ a,ṭ=UNCONDITIONED(no cluster source),F5-residue,1,1,10:1,P:1,Popular,"wohl: 'Hammer, Keule'",SRC-019; SRC-022; SRC-023; SRC-047,2026-09-07,Membership means only that the two regular retroflexion rules do not derive the marked segment. It is not a claim that the word is borrowed.
RES-165,mahā́vaṭūrin-,lemma_mahAvawUrin_6726,nominal stem,m a h ā v a ṭ ū r i n,ṭ=UNCONDITIONED(no cluster source),F5-residue,1,1,1:1,P:1,Popular,wohl 'stark geharnischt',SRC-019; SRC-022; SRC-023; SRC-047,2026-09-07,Membership means only that the two regular retroflexion rules do not derive the marked segment. It is not a claim that the word is borrowed.
RES-166,maṇigrīva-,lemma_maRigrIva_6511,nominal stem,m a ṇ i g r ī v a,ṇ=UNCONDITIONED(no nati trigger),F5-residue,1,1,1:1,A:1,Archaic,Schmuck am Hals tragend,SRC-019; SRC-022; SRC-023; SRC-047,2026-09-07,Membership means only that the two regular retroflexion rules do not derive the marked segment. It is not a claim that the word is borrowed.
RES-167,maṇí-,lemma_maRi_6510,nominal stem,m a ṇ i,ṇ=UNCONDITIONED(no nati trigger),F5-residue,1,1,1:1,N:1,Normal,am Hals getragener Schmuck,SRC-019; SRC-022; SRC-023; SRC-047,2026-09-07,Membership means only that the two regular retroflexion rules do not derive the marked segment. It is not a claim that the word is borrowed.
RES-168,maṇḍūkī́-,lemma_maRqUkI_6513,nominal stem,m a ṇ ḍ ū k ī,ṇ=UNCONDITIONED(nati environment fails: followed by ḍ); ḍ=CONDITIONED(cluster after ṇ),F5-residue,1,1,10:1,P:1,Popular,Frosch,SRC-019; SRC-022; SRC-023; SRC-047,2026-09-07,Membership means only that the two regular retroflexion rules do not derive the marked segment. It is not a claim that the word is borrowed.
RES-169,maṇḍūradhāṇika-,lemma_maRqUraDARika_6515,nominal stem,m a ṇ ḍ ū r a dh ā ṇ i k a,ṇ=UNCONDITIONED(nati environment fails: followed by ḍ); ḍ=CONDITIONED(cluster after ṇ); ṇ=UNCONDITIONED(no nati trigger),F5-residue,1,1,10:1,P:1,Popular,"etwa 'mit rostiger, (von den menses) beschmutzter Scham'",SRC-019; SRC-022; SRC-023; SRC-047,2026-09-07,Membership means only that the two regular retroflexion rules do not derive the marked segment. It is not a claim that the word is borrowed.
RES-170,mádhupāṇi-,lemma_maDupARi_6558,nominal stem,m a dh u p ā ṇ i,ṇ=UNCONDITIONED(no nati trigger),F5-residue,1,1,10:1,C:1,Cretic,"Süssigkeit, die Soma-Süssigkeit in den Händen tragend",SRC-019; SRC-022; SRC-023; SRC-047,2026-09-07,Membership means only that the two regular retroflexion rules do not derive the marked segment. It is not a claim that the word is borrowed.
RES-171,mīḷhúṣṭama-,lemma_miTas_6843,nominal stem,m ī ḷh u ṣ ṭ a m a,ḷh=UNCONDITIONED(no cluster source); ṣ=CONDITIONED(RUKI after u); ṭ=CONDITIONED(cluster after ṣ),F2-aspirated-retroflex,1,1,1:1,S:1,Strophic,am meisten belohnend,SRC-019; SRC-022; SRC-023; SRC-047,2026-09-07,Membership means only that the two regular retroflexion rules do not derive the marked segment. It is not a claim that the word is borrowed.
RES-172,naḷá-,lemma_nada_4814,nominal stem,n a ḷ a,ḷ=UNCONDITIONED(no cluster source),F5-residue,1,1,8:1,P:1,Popular,"Schilfrohr, Rohr",SRC-019; SRC-022; SRC-023; SRC-047,2026-09-07,Membership means only that the two regular retroflexion rules do not derive the marked segment. It is not a claim that the word is borrowed.
RES-173,nicumpuṇá-,lemma_nicumpuRa_4951,nominal stem,n i c u m p u ṇ a,ṇ=UNCONDITIONED(no nati trigger),F5-residue,1,1,8:1,S:1,Strophic,"ohne gesicherte Interpretation, die Bedeutung liegt vielleicht (?) im Bereich von 'Schwall, Guss, sprudelnd'",SRC-019; SRC-022; SRC-023; SRC-047,2026-09-07,Membership means only that the two regular retroflexion rules do not derive the marked segment. It is not a claim that the word is borrowed.
RES-174,niṇík,lemma_niRik_4958,invariable,n i ṇ i k,ṇ=UNCONDITIONED(no nati trigger),F5-residue,1,1,4:1,S:1,Strophic,wahrscheinlich 'geheimgehalten' oder 'Geheimnis',SRC-019; SRC-022; SRC-023; SRC-047,2026-09-07,Membership means only that the two regular retroflexion rules do not derive the marked segment. It is not a claim that the word is borrowed.
RES-175,niṣṣapín-,lemma_nizzapin_5045,nominal stem,n i ṣ ṣ a p i n,ṣ=CONDITIONED(RUKI after i); ṣ=UNCONDITIONED(no RUKI trigger (after ṣ)),F5-residue,1,1,1:1,A:1,Archaic,etwa: 'verschwenderisch',SRC-019; SRC-022; SRC-023; SRC-047,2026-09-07,Membership means only that the two regular retroflexion rules do not derive the marked segment. It is not a claim that the word is borrowed.
RES-176,nāḷī́-,lemma_nAri_4927,nominal stem,n ā ḷ ī,ḷ=UNCONDITIONED(no cluster source),F5-residue,1,1,10:1,P:1,Popular,"Pfeife, Röhre, Flöte, Ader",SRC-019; SRC-022; SRC-023; SRC-047,2026-09-07,Membership means only that the two regular retroflexion rules do not derive the marked segment. It is not a claim that the word is borrowed.
RES-177,nīḷí-,lemma_nIqi_5063,nominal stem,n ī ḷ i,ḷ=UNCONDITIONED(no cluster source),F5-residue,1,1,10:1,N:1,Normal,Nestgenosse,SRC-019; SRC-022; SRC-023; SRC-047,2026-09-07,Membership means only that the two regular retroflexion rules do not derive the marked segment. It is not a claim that the word is borrowed.
RES-178,ogaṇá-,lemma_ogaRa_2339,nominal stem,o g a ṇ a,ṇ=UNCONDITIONED(no nati trigger),F5-residue,1,1,10:1,N:1,Normal,wohl 'machtvoll',SRC-019; SRC-022; SRC-023; SRC-047,2026-09-07,Membership means only that the two regular retroflexion rules do not derive the marked segment. It is not a claim that the word is borrowed.
RES-179,prakrīḷín-,lemma_prakrIqin_5840,nominal stem,p r a k r ī ḷ i n,ḷ=UNCONDITIONED(no cluster source),F5-residue,1,1,7:1,S:1,Strophic,"springend, scherzend",SRC-019; SRC-022; SRC-023; SRC-047,2026-09-07,Membership means only that the two regular retroflexion rules do not derive the marked segment. It is not a claim that the word is borrowed.
RES-180,pravoḷhár-,lemma_pravoQf_5992,nominal stem,p r a v o ḷh a r,ḷh=UNCONDITIONED(no cluster source),F2-aspirated-retroflex,1,1,2:1,N:1,Normal,Entführer,SRC-019; SRC-022; SRC-023; SRC-047,2026-09-07,Membership means only that the two regular retroflexion rules do not derive the marked segment. It is not a claim that the word is borrowed.
RES-181,práṣṭimant-,lemma_prazwimat_6004,nominal stem,p r a ṣ ṭ i m a n t,ṣ=UNCONDITIONED(no RUKI trigger (after a)); ṭ=CONDITIONED(cluster after ṣ),F1-ṣṬ-cluster,1,1,6:1,A:1,Archaic,mit Seitenpferden versehen,SRC-019; SRC-022; SRC-023; SRC-047,2026-09-07,Membership means only that the two regular retroflexion rules do not derive the marked segment. It is not a claim that the word is borrowed.
RES-182,pr̥tanāṣā́hya-,lemma_pftanAzAhya_5749,nominal stem,p r̥ t a n ā ṣ ā h y a,ṣ=UNCONDITIONED(no RUKI trigger (after ā)),F5-residue,1,1,3:1,S:1,Strophic,Sieg in den Schlachten,SRC-019; SRC-022; SRC-023; SRC-047,2026-09-07,Membership means only that the two regular retroflexion rules do not derive the marked segment. It is not a claim that the word is borrowed.
RES-183,pr̥thúpāṇi-,lemma_pfTupARi_5771,nominal stem,p r̥ th u p ā ṇ i,ṇ=UNCONDITIONED(no nati trigger),F5-residue,1,1,2:1,N:1,Normal,wei ausgebreitete Hände habend,SRC-019; SRC-022; SRC-023; SRC-047,2026-09-07,Membership means only that the two regular retroflexion rules do not derive the marked segment. It is not a claim that the word is borrowed.
RES-184,puruniṣṣídh-,lemma_purunizziD_5594,nominal stem,p u r u n i ṣ ṣ i dh,ṣ=CONDITIONED(RUKI after i); ṣ=UNCONDITIONED(no RUKI trigger (after ṣ)),F5-residue,1,1,1:1,N:1,Normal,unklar,SRC-019; SRC-022; SRC-023; SRC-047,2026-09-07,Membership means only that the two regular retroflexion rules do not derive the marked segment. It is not a claim that the word is borrowed.
RES-185,puruniṣṣídhvan-,lemma_purunizziDvan_5595,nominal stem,p u r u n i ṣ ṣ i dh v a n,ṣ=CONDITIONED(RUKI after i); ṣ=UNCONDITIONED(no RUKI trigger (after ṣ)),F5-residue,1,1,4:1,N:1,Normal,unklar,SRC-019; SRC-022; SRC-023; SRC-047,2026-09-07,Membership means only that the two regular retroflexion rules do not derive the marked segment. It is not a claim that the word is borrowed.
RES-186,purāṣáh-,lemma_purAsah_5564,nominal stem,p u r ā ṣ a h,ṣ=UNCONDITIONED(no RUKI trigger (after ā)),F5-residue,1,1,10:1,A:1,Archaic,"von alters her siegreich, überlegen, der schon zuvor als Sieger feststeht",SRC-019; SRC-022; SRC-023; SRC-047,2026-09-07,Membership means only that the two regular retroflexion rules do not derive the marked segment. It is not a claim that the word is borrowed.
RES-187,puṇḍárīka-,lemma_puRqarIka_5530,nominal stem,p u ṇ ḍ a r ī k a,ṇ=UNCONDITIONED(nati environment fails: followed by ḍ); ḍ=CONDITIONED(cluster after ṇ),F5-residue,1,1,10:1,P:1,Popular,Lotos,SRC-019; SRC-022; SRC-023; SRC-047,2026-09-07,Membership means only that the two regular retroflexion rules do not derive the marked segment. It is not a claim that the word is borrowed.
RES-188,páḍgr̥bhi-,lemma_paqgfBi_5182,nominal stem,p a ḍ g r̥ bh i,ḍ=UNCONDITIONED(no cluster source),F5-residue,1,1,10:1,A:1,Archaic,"Name eines Mannes (oder Dämons), der durch Indra dem Savya unterworfen wurde ('am Fuss ergreifend'?)",SRC-019; SRC-022; SRC-023; SRC-047,2026-09-07,Membership means only that the two regular retroflexion rules do not derive the marked segment. It is not a claim that the word is borrowed.
RES-189,páṭharvan-,lemma_paWarvan_5180,nominal stem,p a ṭh a r v a n,ṭh=UNCONDITIONED(no cluster source),F5-residue,1,1,1:1,C:1,Cretic,"Name eines Mannes, Schützlings der Aśvin",SRC-019; SRC-022; SRC-023; SRC-047,2026-09-07,Membership means only that the two regular retroflexion rules do not derive the marked segment. It is not a claim that the word is borrowed.
RES-190,píṇḍa-,lemma_piRqa_5473,nominal stem,p i ṇ ḍ a,ṇ=UNCONDITIONED(nati environment fails: followed by ḍ); ḍ=CONDITIONED(cluster after ṇ),F5-residue,1,1,1:1,P:1,Popular,"Klumpen, Fleischklumpen, Fleischkloss, runde Masse, Kugel",SRC-019; SRC-022; SRC-023; SRC-047,2026-09-07,Membership means only that the two regular retroflexion rules do not derive the marked segment. It is not a claim that the word is borrowed.
RES-191,píṭhīnas-,lemma_piWInas_5472,nominal stem,p i ṭh ī n a s,ṭh=UNCONDITIONED(no cluster source),F5-residue,1,1,6:1,A:1,Archaic,"N. pr. eines Günstlings des Indra, wohl 'breitnasig' < *pr̥thi-Hnas-",SRC-019; SRC-022; SRC-023; SRC-047,2026-09-07,Membership means only that the two regular retroflexion rules do not derive the marked segment. It is not a claim that the word is borrowed.
RES-192,púṇya-,lemma_puRya_5531,nominal stem,p u ṇ y a,ṇ=UNCONDITIONED(no nati trigger),F5-residue,1,1,2:1,P:1,Popular,"günstig, glücklich, schön, gut",SRC-019; SRC-022; SRC-023; SRC-047,2026-09-07,Membership means only that the two regular retroflexion rules do not derive the marked segment. It is not a claim that the word is borrowed.
RES-193,púṇyagandha-,lemma_puRyaganDa_5532,nominal stem,p u ṇ y a g a n dh a,ṇ=UNCONDITIONED(no nati trigger),F5-residue,1,1,7:1,P:1,Popular,schön duftend,SRC-019; SRC-022; SRC-023; SRC-047,2026-09-07,Membership means only that the two regular retroflexion rules do not derive the marked segment. It is not a claim that the word is borrowed.
RES-194,pārṣadvāṇá-,lemma_pArzadvARa_5451,nominal stem,p ā r ṣ a d v ā ṇ a,ṣ=CONDITIONED(RUKI after r); ṇ=UNCONDITIONED(no nati trigger),F5-residue,1,1,8:1,S:1,Strophic,"Nachkomme des pr̥ṣadvāṇa, Name eines Opferherrn",SRC-019; SRC-022; SRC-023; SRC-047,2026-09-07,Membership means only that the two regular retroflexion rules do not derive the marked segment. It is not a claim that the word is borrowed.
RES-195,rathoḷha-,lemma_raToQa_7286,nominal stem,r a th o ḷh a,ḷh=UNCONDITIONED(no cluster source),F2-aspirated-retroflex,1,1,10:1,A:1,Archaic,auf dem Wagen fahrend,SRC-019; SRC-022; SRC-023; SRC-047,2026-09-07,Membership means only that the two regular retroflexion rules do not derive the marked segment. It is not a claim that the word is borrowed.
RES-196,reṇúkakāṭa-,lemma_reRukakAwa_7475,nominal stem,r e ṇ u k a k ā ṭ a,ṇ=CONDITIONED(nati after r); ṭ=UNCONDITIONED(no cluster source),F5-residue,1,1,6:1,P:1,Popular,mit bestäubtem Hinterkopf,SRC-019; SRC-022; SRC-023; SRC-047,2026-09-07,Membership means only that the two regular retroflexion rules do not derive the marked segment. It is not a claim that the word is borrowed.
RES-197,rā́ṇḍya-,lemma_rARqya_7371,nominal stem,r ā ṇ ḍ y a,ṇ=UNCONDITIONED(nati environment fails: followed by ḍ); ḍ=CONDITIONED(cluster after ṇ),F5-residue,1,1,6:1,A:1,Archaic,unklar,SRC-019; SRC-022; SRC-023; SRC-047,2026-09-07,Membership means only that the two regular retroflexion rules do not derive the marked segment. It is not a claim that the word is borrowed.
RES-198,rā́ṣṭrī- 1,lemma_rAzwrI_7395,nominal stem,r ā ṣ ṭ r ī,ṣ=UNCONDITIONED(no RUKI trigger (after ā)); ṭ=CONDITIONED(cluster after ṣ),F1-ṣṬ-cluster,1,1,6:1,A:1,Archaic,,SRC-019; SRC-022; SRC-023; SRC-047,2026-09-07,Membership means only that the two regular retroflexion rules do not derive the marked segment. It is not a claim that the word is borrowed.
RES-199,sahásramīḷha-,lemma_sahasramIQa_9561,nominal stem,s a h a s r a m ī ḷh a,ḷh=UNCONDITIONED(no cluster source),F2-aspirated-retroflex,1,1,1:1,C:1,Cretic,tausend Kämpfe bietend,SRC-019; SRC-022; SRC-023; SRC-047,2026-09-07,Membership means only that the two regular retroflexion rules do not derive the marked segment. It is not a claim that the word is borrowed.
RES-200,sthāṇú-,lemma_sTARu_10270,nominal stem,s th ā ṇ u,ṇ=UNCONDITIONED(no nati trigger),F5-residue,1,1,10:1,C:1,Cretic,"Baumstumpf, Pfosten, Pflock, Pfahl",SRC-019; SRC-022; SRC-023; SRC-047,2026-09-07,Membership means only that the two regular retroflexion rules do not derive the marked segment. It is not a claim that the word is borrowed.
RES-201,sumádgaṇa-,lemma_sumadgaRa_9896,nominal stem,s u m a d g a ṇ a,ṇ=UNCONDITIONED(no nati trigger),F5-residue,1,1,2:1,N:1,Normal,"samt der Schar, zusammengeschart",SRC-019; SRC-022; SRC-023; SRC-047,2026-09-07,Membership means only that the two regular retroflexion rules do not derive the marked segment. It is not a claim that the word is borrowed.
RES-202,sumīḷhá-,lemma_sumIQa_9912,nominal stem,s u m ī ḷh a,ḷh=UNCONDITIONED(no cluster source),F2-aspirated-retroflex,1,1,6:1,A:1,Archaic,N. pr. ('mit schönem Kampfpreis'),SRC-019; SRC-022; SRC-023; SRC-047,2026-09-07,Membership means only that the two regular retroflexion rules do not derive the marked segment. It is not a claim that the word is borrowed.
RES-203,sváṣṭra-,lemma_svazwra_10479,nominal stem,s v a ṣ ṭ r a,ṣ=UNCONDITIONED(no RUKI trigger (after a)); ṭ=CONDITIONED(cluster after ṣ),F1-ṣṬ-cluster,1,1,10:1,C:1,Cretic,"guten, scharfen Dolch(?) führend; nach Bedeutung des Simplex eher 'mit guter Peitsche/Knute'",SRC-019; SRC-022; SRC-023; SRC-047,2026-09-07,Membership means only that the two regular retroflexion rules do not derive the marked segment. It is not a claim that the word is borrowed.
RES-204,sáṃsraṣṭar-,lemma_samara_9375,nominal stem,s a ṃ s r a ṣ ṭ a r,ṣ=UNCONDITIONED(no RUKI trigger (after a)); ṭ=CONDITIONED(cluster after ṣ),F1-ṣṬ-cluster,1,1,10:1,P:1,Popular,der in Kämpfe verwickelt,SRC-019; SRC-022; SRC-023; SRC-047,2026-09-07,Membership means only that the two regular retroflexion rules do not derive the marked segment. It is not a claim that the word is borrowed.
RES-205,sā́ḷhar-,lemma_sasvar_9503,nominal stem,s ā ḷh a r,ḷh=UNCONDITIONED(no cluster source),F2-aspirated-retroflex,1,1,7:1,S:1,Strophic,Sieger,SRC-019; SRC-022; SRC-023; SRC-047,2026-09-07,Membership means only that the two regular retroflexion rules do not derive the marked segment. It is not a claim that the word is borrowed.
RES-206,tváṣṭr̥mant-,lemma_tvazwfmat_3993,nominal stem,t v a ṣ ṭ r̥ m a n t,ṣ=UNCONDITIONED(no RUKI trigger (after a)); ṭ=CONDITIONED(cluster after ṣ),F1-ṣṬ-cluster,1,1,6:1,C:1,Cretic,"mit tváṣṭar- verbunden, von ihm begleitet",SRC-019; SRC-022; SRC-023; SRC-047,2026-09-07,Membership means only that the two regular retroflexion rules do not derive the marked segment. It is not a claim that the word is borrowed.
RES-207,tīkṣṇaśr̥ṇga-,lemma_tIkzRaSfNga_3769,nominal stem,t ī k ṣ ṇ a ś r̥ ṇ g a,ṣ=CONDITIONED(RUKI after k); ṇ=CONDITIONED(nati after ṣ); ṇ=UNCONDITIONED(nati environment fails: followed by g),F5-residue,1,1,10:1,P:1,Popular,scharf zugespitzte Hörner habend,SRC-019; SRC-022; SRC-023; SRC-047,2026-09-07,Membership means only that the two regular retroflexion rules do not derive the marked segment. It is not a claim that the word is borrowed.
RES-208,upaṣṭút-,lemma_upazwut_1975,nominal stem,u p a ṣ ṭ u t,ṣ=UNCONDITIONED(no RUKI trigger (after a)); ṭ=CONDITIONED(cluster after ṣ),F1-ṣṬ-cluster,1,1,9:1,N:1,Normal,,SRC-019; SRC-022; SRC-023; SRC-047,2026-09-07,Membership means only that the two regular retroflexion rules do not derive the marked segment. It is not a claim that the word is borrowed.
RES-209,vaṭūrín-,lemma_vawUrin_7588,nominal stem,v a ṭ ū r i n,ṭ=UNCONDITIONED(no cluster source),F5-residue,1,1,1:1,P:1,Popular,unklar,SRC-019; SRC-022; SRC-023; SRC-047,2026-09-07,Membership means only that the two regular retroflexion rules do not derive the marked segment. It is not a claim that the word is borrowed.
RES-210,veṇú-,lemma_veRu_8453,nominal stem,v e ṇ u,ṇ=UNCONDITIONED(no nati trigger),F5-residue,1,1,8:1,S:1,Strophic,"Rohr, Bambusstab, Bambus",SRC-019; SRC-022; SRC-023; SRC-047,2026-09-07,Membership means only that the two regular retroflexion rules do not derive the marked segment. It is not a claim that the word is borrowed.
RES-211,virāṣáh-,lemma_virAzah_8116,nominal stem,v i r ā ṣ a h,ṣ=UNCONDITIONED(no RUKI trigger (after ā)),F5-residue,1,1,1:1,C:1,Cretic,über die Helden herrschend; die Männer besiegend (?),SRC-019; SRC-022; SRC-023; SRC-047,2026-09-07,Membership means only that the two regular retroflexion rules do not derive the marked segment. It is not a claim that the word is borrowed.
RES-212,vr̥thāṣáh-,lemma_vfTAzah_8376,nominal stem,v r̥ th ā ṣ a h,ṣ=UNCONDITIONED(no RUKI trigger (after ā)),F5-residue,1,1,1:1,A:1,Archaic,nach Belieben siegreich,SRC-019; SRC-022; SRC-023; SRC-047,2026-09-07,Membership means only that the two regular retroflexion rules do not derive the marked segment. It is not a claim that the word is borrowed.
RES-213,váṣṭi-,lemma_vazwi_7781,nominal stem,v a ṣ ṭ i,ṣ=UNCONDITIONED(no RUKI trigger (after a)); ṭ=CONDITIONED(cluster after ṣ),F1-ṣṬ-cluster,1,1,5:1,C:1,Cretic,"wohl: 'willig, guten Willens'",SRC-019; SRC-022; SRC-023; SRC-047,2026-09-07,Membership means only that the two regular retroflexion rules do not derive the marked segment. It is not a claim that the word is borrowed.
RES-214,víbhrāṣṭi-,lemma_viBrAzwi_8092,nominal stem,v i bh r ā ṣ ṭ i,ṣ=UNCONDITIONED(no RUKI trigger (after ā)); ṭ=CONDITIONED(cluster after ṣ),F1-ṣṬ-cluster,1,1,1:1,A:1,Archaic,"Glanz, das Erglänzen, Aufflammen",SRC-019; SRC-022; SRC-023; SRC-047,2026-09-07,Membership means only that the two regular retroflexion rules do not derive the marked segment. It is not a claim that the word is borrowed.
RES-215,víkaṭa-,lemma_vikawa_7954,nominal stem,v i k a ṭ a,ṭ=UNCONDITIONED(no cluster source),F5-residue,1,1,10:1,P:1,Popular,"ungeheuerlich, erschreckend, entstellt, gewaltig, umfangreich, riesig",SRC-019; SRC-022; SRC-023; SRC-047,2026-09-07,Membership means only that the two regular retroflexion rules do not derive the marked segment. It is not a claim that the word is borrowed.
RES-216,vā́jajaṭhara-,lemma_vAjajaWara_7854,nominal stem,v ā j a j a ṭh a r a,ṭh=UNCONDITIONED(no cluster source),F5-residue,1,1,5:1,A:1,Archaic,Speise oder Opfertrank im Bauche habend (vom Kessel),SRC-019; SRC-022; SRC-023; SRC-047,2026-09-07,Membership means only that the two regular retroflexion rules do not derive the marked segment. It is not a claim that the word is borrowed.
RES-217,vā́ṇīcī-,lemma_vARIcI_7888,nominal stem,v ā ṇ ī c ī,ṇ=UNCONDITIONED(no nati trigger),F5-residue,1,1,5:1,A:1,Archaic,der himmlischen Stimme ähnlich,SRC-019; SRC-022; SRC-023; SRC-047,2026-09-07,Membership means only that the two regular retroflexion rules do not derive the marked segment. It is not a claim that the word is borrowed.
RES-218,vīḷudvéṣas-,lemma_vIqudvezas_8295,nominal stem,v ī ḷ u d v e ṣ a s,ḷ=UNCONDITIONED(no cluster source); ṣ=CONDITIONED(RUKI after e),F5-residue,1,1,2:1,N:1,Normal,"die Unnachgiebigen, Trotzigen hassend",SRC-019; SRC-022; SRC-023; SRC-047,2026-09-07,Membership means only that the two regular retroflexion rules do not derive the marked segment. It is not a claim that the word is borrowed.
RES-219,vīḷuharṣín-,lemma_vIquharzin_8301,nominal stem,v ī ḷ u h a r ṣ i n,ḷ=UNCONDITIONED(no cluster source); ṣ=CONDITIONED(RUKI after r),F5-residue,1,1,2:1,N:1,Normal,"des Festen sich freuend, darauf vertrauend",SRC-019; SRC-022; SRC-023; SRC-047,2026-09-07,Membership means only that the two regular retroflexion rules do not derive the marked segment. It is not a claim that the word is borrowed.
RES-220,vīḷupátman-,lemma_vIqupatman_8296,nominal stem,v ī ḷ u p a t m a n,ḷ=UNCONDITIONED(no cluster source),F5-residue,1,1,1:1,N:1,Normal,starkflügelig,SRC-019; SRC-022; SRC-023; SRC-047,2026-09-07,Membership means only that the two regular retroflexion rules do not derive the marked segment. It is not a claim that the word is borrowed.
RES-221,vīḷúharas-,lemma_vIquharas_8300,nominal stem,v ī ḷ u h a r a s,ḷ=UNCONDITIONED(no cluster source),F5-residue,1,1,10:1,P:1,Popular,starke Flammenschärfe besitzend,SRC-019; SRC-022; SRC-023; SRC-047,2026-09-07,Membership means only that the two regular retroflexion rules do not derive the marked segment. It is not a claim that the word is borrowed.
RES-222,vīḷújambha-,lemma_vIqujamBa_8294,nominal stem,v ī ḷ u j a m bh a,ḷ=UNCONDITIONED(no cluster source),F5-residue,1,1,3:1,P:1,Popular,"festes, starkes Gebiss habend",SRC-019; SRC-022; SRC-023; SRC-047,2026-09-07,Membership means only that the two regular retroflexion rules do not derive the marked segment. It is not a claim that the word is borrowed.
RES-223,yaṣṭár-,lemma_yazwf_7084,nominal stem,y a ṣ ṭ a r,ṣ=UNCONDITIONED(no RUKI trigger (after a)); ṭ=CONDITIONED(cluster after ṣ),F1-ṣṬ-cluster,1,1,6:1,P:1,Popular,"der zu opfern pflegt, Opferer",SRC-019; SRC-022; SRC-023; SRC-047,2026-09-07,Membership means only that the two regular retroflexion rules do not derive the marked segment. It is not a claim that the word is borrowed.
RES-224,áheḷayant-,lemma_aheqayat_1434,nominal stem,a h e ḷ a y a n t,ḷ=UNCONDITIONED(no cluster source),F5-residue,1,1,10:1,C:1,Cretic,"nicht zürnend, freundlich geneigt (GM)",SRC-019; SRC-022; SRC-023; SRC-047,2026-09-07,Membership means only that the two regular retroflexion rules do not derive the marked segment. It is not a claim that the word is borrowed.
RES-225,ákrīḷant-,lemma_akrIqat_39.1,nominal stem,a k r ī ḷ a n t,ḷ=UNCONDITIONED(no cluster source),F5-residue,1,1,10:1,C:1,Cretic,nicht spielend,SRC-019; SRC-022; SRC-023; SRC-047,2026-09-07,Membership means only that the two regular retroflexion rules do not derive the marked segment. It is not a claim that the word is borrowed.
RES-226,ánaṣṭapaśu-,lemma_anazwapaSu_443,nominal stem,a n a ṣ ṭ a p a ś u,ṣ=UNCONDITIONED(no RUKI trigger (after a)); ṭ=CONDITIONED(cluster after ṣ),F1-ṣṬ-cluster,1,1,10:1,P:1,Popular,von dessen Herde nichts verloren geht,SRC-019; SRC-022; SRC-023; SRC-047,2026-09-07,Membership means only that the two regular retroflexion rules do not derive the marked segment. It is not a claim that the word is borrowed.
RES-227,ánaṣṭavedas-,lemma_anazwavedas_444,nominal stem,a n a ṣ ṭ a v e d a s,ṣ=UNCONDITIONED(no RUKI trigger (after a)); ṭ=CONDITIONED(cluster after ṣ),F1-ṣṬ-cluster,1,1,6:1,C:1,Cretic,von dessen Habe (védas-) nichts verlorengeht,SRC-019; SRC-022; SRC-023; SRC-047,2026-09-07,Membership means only that the two regular retroflexion rules do not derive the marked segment. It is not a claim that the word is borrowed.
RES-228,ánīḷa-,lemma_anIqa_509,nominal stem,a n ī ḷ a,ḷ=UNCONDITIONED(no cluster source),F5-residue,1,1,10:1,C:1,Cretic,nestlos,SRC-019; SRC-022; SRC-023; SRC-047,2026-09-07,Membership means only that the two regular retroflexion rules do not derive the marked segment. It is not a claim that the word is borrowed.
RES-229,árīḷha-,lemma_arIQa_1013,nominal stem,a r ī ḷh a,ḷh=UNCONDITIONED(no cluster source),F2-aspirated-retroflex,1,1,4:1,P:1,Popular,ungeleckt,SRC-019; SRC-022; SRC-023; SRC-047,2026-09-07,Membership means only that the two regular retroflexion rules do not derive the marked segment. It is not a claim that the word is borrowed.
RES-230,ávayātaheḷas-,lemma_avayAtaheqas_1126,nominal stem,a v a y ā t a h e ḷ a s,ḷ=UNCONDITIONED(no cluster source),F5-residue,1,1,1:1,S:1,Strophic,"dessen Groll (héḍas-) weggegangen, d.h. besänftigt ist",SRC-019; SRC-022; SRC-023; SRC-047,2026-09-07,Membership means only that the two regular retroflexion rules do not derive the marked segment. It is not a claim that the word is borrowed.
RES-231,áyasthūṇa-,lemma_ayaHsTURa_935,nominal stem,a y a s th ū ṇ a,ṇ=UNCONDITIONED(no nati trigger),F5-residue,1,1,5:1,C:1,Cretic,auf ehernen Säulen ruhend,SRC-019; SRC-022; SRC-023; SRC-047,2026-09-07,Membership means only that the two regular retroflexion rules do not derive the marked segment. It is not a claim that the word is borrowed.
RES-232,áyopāṣṭi-,lemma_ayopAzwi_951,nominal stem,a y o p ā ṣ ṭ i,ṣ=UNCONDITIONED(no RUKI trigger (after ā)); ṭ=CONDITIONED(cluster after ṣ),F1-ṣṬ-cluster,1,1,10:1,A:1,Archaic,eiserne Krallen habend,SRC-019; SRC-022; SRC-023; SRC-047,2026-09-07,Membership means only that the two regular retroflexion rules do not derive the marked segment. It is not a claim that the word is borrowed.
RES-233,áṣatara-,lemma_aza_1293,nominal stem,a ṣ a t a r a,ṣ=UNCONDITIONED(no RUKI trigger (after a)),F5-residue,1,1,1:1,A:1,Archaic,"offenbar verderbt (wohl 'hoffnungslos' nach Oldenberg, Not i 171)",SRC-019; SRC-022; SRC-023; SRC-047,2026-09-07,Membership means only that the two regular retroflexion rules do not derive the marked segment. It is not a claim that the word is borrowed.
RES-234,āghāṭí-,lemma_AGAwi_1463,nominal stem,ā gh ā ṭ i,ṭ=UNCONDITIONED(no cluster source),F5-residue,1,1,10:1,P:1,Popular,vielleicht 'Zimbelspieler' (nach Old Not. ii 357); (anders Thieme MSS 44 [1985] 257 Anm. 53: 'Treiber'; Geldner iii 379: 'unter Zimbelklängen',SRC-019; SRC-022; SRC-023; SRC-047,2026-09-07,Membership means only that the two regular retroflexion rules do not derive the marked segment. It is not a claim that the word is borrowed.
RES-235,ājamīḷhá-,lemma_AjamIQa_1474,nominal stem,ā j a m ī ḷh a,ḷh=UNCONDITIONED(no cluster source),F2-aspirated-retroflex,1,1,4:1,N:1,Normal,Name eines Sängergeschlechtes,SRC-019; SRC-022; SRC-023; SRC-047,2026-09-07,Membership means only that the two regular retroflexion rules do not derive the marked segment. It is not a claim that the word is borrowed.
RES-236,ākhaṇḍala-,lemma_AKaRqala_1454,nominal stem,ā kh a ṇ ḍ a l a,ṇ=UNCONDITIONED(nati environment fails: followed by ḍ); ḍ=CONDITIONED(cluster after ṇ),F5-residue,1,1,8:1,S:1,Strophic,wohl 'Zerbrecher' (von Indra gesagt),SRC-019; SRC-022; SRC-023; SRC-047,2026-09-07,Membership means only that the two regular retroflexion rules do not derive the marked segment. It is not a claim that the word is borrowed.
RES-237,āṣṭrī́-,lemma_AzwrI_1646,nominal stem,ā ṣ ṭ r ī,ṣ=UNCONDITIONED(no RUKI trigger (after ā)); ṭ=CONDITIONED(cluster after ṣ),F1-ṣṬ-cluster,1,1,10:1,P:1,Popular,"etwa: 'Feuerstätte, Feuerherd'",SRC-019; SRC-022; SRC-023; SRC-047,2026-09-07,Membership means only that the two regular retroflexion rules do not derive the marked segment. It is not a claim that the word is borrowed.
RES-238,ī́ḍ-,lemma_Iq_1825,nominal stem,ī ḍ,ḍ=UNCONDITIONED(no cluster source),F5-residue,1,1,8:1,S:1,Strophic,"Anruf, Verehrung",SRC-019; SRC-022; SRC-023; SRC-047,2026-09-07,Membership means only that the two regular retroflexion rules do not derive the marked segment. It is not a claim that the word is borrowed.
RES-239,śakaṭī́-,lemma_SakawI_8563,nominal stem,ś a k a ṭ ī,ṭ=UNCONDITIONED(no cluster source),F5-residue,1,1,10:1,P:1,Popular,"Karren, Planwagen",SRC-019; SRC-022; SRC-023; SRC-047,2026-09-07,Membership means only that the two regular retroflexion rules do not derive the marked segment. It is not a claim that the word is borrowed.
RES-240,śirímbiṭha-,lemma_SirimbiWa_8791,nominal stem,ś i r i m b i ṭh a,ṭh=UNCONDITIONED(no cluster source),F5-residue,1,1,10:1,P:1,Popular,"N. pr., Name eines R̥ṣi",SRC-019; SRC-022; SRC-023; SRC-047,2026-09-07,Membership means only that the two regular retroflexion rules do not derive the marked segment. It is not a claim that the word is borrowed.
RES-241,śraúṣaṭ,lemma_SrOzaw_9018,invariable,ś r au ṣ a ṭ,ṣ=CONDITIONED(RUKI after au); ṭ=UNCONDITIONED(no cluster source),F5-residue,1,1,1:1,N:1,Normal,ein Opferruf,SRC-019; SRC-022; SRC-023; SRC-047,2026-09-07,Membership means only that the two regular retroflexion rules do not derive the marked segment. It is not a claim that the word is borrowed.
RES-242,śáṇḍika-,lemma_SaRqika_8588,nominal stem,ś a ṇ ḍ i k a,ṇ=UNCONDITIONED(nati environment fails: followed by ḍ); ḍ=CONDITIONED(cluster after ṇ),F5-residue,1,1,2:1,N:1,Normal,"Name eines Volkes, wohl 'die śáṇḍa-Nachkommen'",SRC-019; SRC-022; SRC-023; SRC-047,2026-09-07,Membership means only that the two regular retroflexion rules do not derive the marked segment. It is not a claim that the word is borrowed.
RES-243,śāṇḍá-,lemma_SARqa_8740,nominal stem,ś ā ṇ ḍ a,ṇ=UNCONDITIONED(nati environment fails: followed by ḍ); ḍ=CONDITIONED(cluster after ṇ),F5-residue,1,1,6:1,A:1,Archaic,"N. pr., wohl Patronymikon zu śáṇḍa-",SRC-019; SRC-022; SRC-023; SRC-047,2026-09-07,Membership means only that the two regular retroflexion rules do not derive the marked segment. It is not a claim that the word is borrowed.
RES-244,ṣaḷakṣá-,lemma_zaqakza_9055,nominal stem,ṣ a ḷ a k ṣ a,ṣ=UNCONDITIONED(word-initial); ḷ=UNCONDITIONED(no cluster source); ṣ=CONDITIONED(RUKI after k),F4-initial-ṣ,1,1,10:1,A:1,Archaic,sechsäugig,SRC-019; SRC-022; SRC-023; SRC-047,2026-09-07,Membership means only that the two regular retroflexion rules do not derive the marked segment. It is not a claim that the word is borrowed.
RES-245,ṣaṭtriṃśá-,lemma_zawtriMSa_9054,nominal stem,ṣ a ṭ t r i ṃ ś a,ṣ=UNCONDITIONED(word-initial); ṭ=UNCONDITIONED(no cluster source),F4-initial-ṣ,1,1,10:1,P:1,Popular,aus sechsunddreissig bestehend,SRC-019; SRC-022; SRC-023; SRC-047,2026-09-07,Membership means only that the two regular retroflexion rules do not derive the marked segment. It is not a claim that the word is borrowed.
RES-246,ṣoḷhā́,lemma_zoQA_9062,invariable,ṣ o ḷh ā,ṣ=UNCONDITIONED(word-initial); ḷh=UNCONDITIONED(no cluster source),F2-aspirated-retroflex+F4-initial-ṣ,1,1,3:1,N:1,Normal,sechsfach,SRC-019; SRC-022; SRC-023; SRC-047,2026-09-07,Membership means only that the two regular retroflexion rules do not derive the marked segment. It is not a claim that the word is borrowed.
RES-247,ṣáḍvidhāna-,lemma_zaqviDAna_9058,nominal stem,ṣ a ḍ v i dh ā n a,ṣ=UNCONDITIONED(word-initial); ḍ=UNCONDITIONED(no cluster source),F4-initial-ṣ,1,1,7:1,S:1,Strophic,eine Ordnung von sechs Dingen bildend,SRC-019; SRC-022; SRC-023; SRC-047,2026-09-07,Membership means only that the two regular retroflexion rules do not derive the marked segment. It is not a claim that the word is borrowed.
RES-248,ṣáḷara-,lemma_SatarA_8614,nominal stem,ṣ a ḷ a r a,ṣ=UNCONDITIONED(word-initial); ḷ=UNCONDITIONED(no cluster source),F4-initial-ṣ,1,1,1:1,P:1,Popular,"sechs Speichen habend, sechsspeichig",SRC-019; SRC-022; SRC-023; SRC-047,2026-09-07,Membership means only that the two regular retroflexion rules do not derive the marked segment. It is not a claim that the word is borrowed.
RES-249,ṣáḷaśva-,lemma_sadaSva_9213,nominal stem,ṣ a ḷ a ś v a,ṣ=UNCONDITIONED(word-initial); ḷ=UNCONDITIONED(no cluster source),F4-initial-ṣ,1,1,1:1,N:1,Normal,sechsrossig,SRC-019; SRC-022; SRC-023; SRC-047,2026-09-07,Membership means only that the two regular retroflexion rules do not derive the marked segment. It is not a claim that the word is borrowed.
RES-250,√kaṇūkay-,lemma_kaRUkay_2389,root,k a ṇ ū k a y,ṇ=UNCONDITIONED(no nati trigger),F5-residue,1,1,10:1,A:1,Archaic,"nicht klar, vielleicht 'jammern, in Not schreien'",SRC-019; SRC-022; SRC-023; SRC-047,2026-09-07,Membership means only that the two regular retroflexion rules do not derive the marked segment. It is not a claim that the word is borrowed.
RES-251,√kūḍ-,lemma_kUq_2640,root,k ū ḍ,ḍ=UNCONDITIONED(no cluster source),F5-residue,1,1,8:1,A:1,Archaic,,SRC-019; SRC-022; SRC-023; SRC-047,2026-09-07,Membership means only that the two regular retroflexion rules do not derive the marked segment. It is not a claim that the word is borrowed.
RES-252,√nīḷay-,lemma_nIqay_5061,root,n ī ḷ a y,ḷ=UNCONDITIONED(no cluster source),F5-residue,1,1,6:1,A:1,Archaic,"in ein Nest setzen, in einem Nest platzieren",SRC-019; SRC-022; SRC-023; SRC-047,2026-09-07,Membership means only that the two regular retroflexion rules do not derive the marked segment. It is not a claim that the word is borrowed.
RES-253,√pīḍ-,lemma_pIq_5515,root,p ī ḍ,ḍ=UNCONDITIONED(no cluster source),F5-residue,1,1,4:1,S:1,Strophic,"pressen, auspressen, drücken",SRC-019; SRC-022; SRC-023; SRC-047,2026-09-07,Membership means only that the two regular retroflexion rules do not derive the marked segment. It is not a claim that the word is borrowed.
