"rej_id","target","classification","p_number","line_ref","raw_token","line","source_id","retrieval_date"
"DRX-0001","CARNELIAN","REJECT-NOT-THE-STONE","P274553","17'","GUG#-GIRIN#-NA","GUG#-GIRIN#-NA = [...]","SRC-103","2026-09-08"
"DRX-0002","CARNELIAN","REJECT-NOT-THE-STONE","P274541","17","GUG#-GIRIN-NA","GUG#-GIRIN-NA = til-mun","SRC-103","2026-09-08"
"DRX-0003","CARNELIAN","REJECT-NOT-THE-STONE","P346053","20'","GUG-GI-RIN#-NA","GUG-GI-RIN#-NA = til-[mun]","SRC-103","2026-09-08"
"DRX-0004","CARNELIAN","REJECT-NOT-THE-STONE","P345516","2'","[x]-gug","[x]-gug i-ru-um-ma","SRC-103","2026-09-08"
"DRX-0005","CARNELIAN","REJECT-NOT-THE-STONE","P229279","5","[{na}]gug","[{na}]gug","SRC-103","2026-09-08"
"DRX-0006","CARNELIAN","REJECT-NOT-THE-STONE","P285428","17","_[gug","1(disz) _[gug gazi{sar}]_","SRC-103","2026-09-08"
"DRX-0007","CARNELIAN","REJECT-NOT-THE-STONE","P404959","45","_[im-kal]-gug!","_[im-kal]-gug! 9(disz) u2-hi-a_ qu5-GI sza2 _gesztu-min_","SRC-103","2026-09-08"
"DRX-0008","CARNELIAN","REJECT-NOT-THE-STONE","P348465","31","_[im]-kal-gug","_[im]-kal-gug sud2_ ta-za-ru-ma ina-esz : _bar {gesz}nu-ur2-[ma] sud2_ ta-za-ru-ma ina-esz : _a_ x [...] ta-za-ru-ma ina-[esz]","SRC-103","2026-09-08"
"DRX-0009","CARNELIAN","REJECT-NOT-THE-STONE","P285124","4","_gug","_DISZ na igi-min_-szu2 _er2 szub-mesz_ a-he-[na] _gug pesz10-{d}id2_","SRC-103","2026-09-08"
"DRX-0010","CARNELIAN","REJECT-NOT-THE-STONE","P285428","10","_gug","_gug gazi{sar}_","SRC-103","2026-09-08"
"DRX-0011","CARNELIAN","REJECT-NOT-THE-STONE","P285447","15'","_gug","_gug za-gin3 nir2 musz-gir2 babbar-dili babbar-min5_","SRC-103","2026-09-08"
"DRX-0012","CARNELIAN","REJECT-NOT-THE-STONE","P285447","21'","_gug","_gug za-gin3 nir2 musz-gir2 babbar-dili babbar-min5_","SRC-103","2026-09-08"
"DRX-0013","CARNELIAN","REJECT-NOT-THE-STONE","P285447","28'","_gug","_gug za-gin3_ ni-bu _szuba pa nir2 babbar-dili_","SRC-103","2026-09-08"
"DRX-0014","CARNELIAN","REJECT-NOT-THE-STONE","P285447","3'","_gug","_gug za-gin3 nir2 musz#-[gir2_ ...]","SRC-103","2026-09-08"
"DRX-0015","CARNELIAN","REJECT-NOT-THE-STONE","P285447","13","_gug","_gug za-gin3 babbar-dili babbar-min5_ sah-hu-u asz-pu-u","SRC-103","2026-09-08"
"DRX-0016","CARNELIAN","REJECT-NOT-THE-STONE","P285447","25","_gug","asz-pu-u _gug za-gin3 igi-zag3-ga2 kur_-nu _dab asz2-gi3-gi3_","SRC-103","2026-09-08"
"DRX-0017","CARNELIAN","REJECT-NOT-THE-STONE","P285447","10","_gug","_gug zu2 {na4}amasz-mu2-a_ asz-pu-u _asz2-gi3-gi3_","SRC-103","2026-09-08"
"DRX-0018","CARNELIAN","REJECT-NOT-THE-STONE","P285447","25","_gug","_gug za-gin3 nir2 musz-gir2 babbar-dili babbar-min5_","SRC-103","2026-09-08"
"DRX-0019","CARNELIAN","REJECT-NOT-THE-STONE","P285447","28","_gug","_gug za-gin3_ mu-s,u _zalag2 an-bar uruda nita2 kur_-nu","SRC-103","2026-09-08"
"DRX-0020","CARNELIAN","REJECT-NOT-THE-STONE","P285444","33","_gug#","{na4}asz-pu-u _gug# nir2#_","SRC-103","2026-09-08"
"DRX-0021","CARNELIAN","REJECT-NOT-THE-STONE","P285447","30","_gug#","_gug# za-gin3 nir2 musz-gir2 an-bar ku3-babbar ku3-sig17_","SRC-103","2026-09-08"
"DRX-0022","CARNELIAN","REJECT-NOT-THE-STONE","P285447","32","_gug#","[...] _gug# za#-[x_ ...]","SRC-103","2026-09-08"
"DRX-0023","CARNELIAN","REJECT-NOT-THE-STONE","P281834","9'","_gug#_","[...] x _gug#_","SRC-103","2026-09-08"
"DRX-0024","CARNELIAN","REJECT-NOT-THE-STONE","P285443","15","_gug#_","_{na4}babbar-dili_ mar-hal-lu4 _zalag2_ pa-ru-tu2 _gug#_","SRC-103","2026-09-08"
"DRX-0025","CARNELIAN","REJECT-NOT-THE-STONE","P285443","1","_gug]_","_{na4}za-gin3 babbar-dili# [zu2 sig3_ me-ku _gug]_ mar-ha-szi#","SRC-103","2026-09-08"
"DRX-0026","CARNELIAN","REJECT-NOT-THE-STONE","P285437","22","_gug_","2(disz) ; _gug_ mar-ha-szi","SRC-103","2026-09-08"
"DRX-0027","CARNELIAN","REJECT-NOT-THE-STONE","P285446","39","_gug_","_{na4}za-gin3 babbar-dili zu2-sig7_ me-ku _gug_ mar-<ha>-szi _{d}lamma#_","SRC-103","2026-09-08"
"DRX-0028","CARNELIAN","REJECT-NOT-THE-STONE","P285444","2","_gug_","{na4}pa-ru-tu2 _gug_","SRC-103","2026-09-08"
"DRX-0029","CARNELIAN","REJECT-NOT-THE-STONE","P285447","5","_gug_","_za-gin3 babbar-dili zu2 sig7_ me-ku _gug_ mar-ha-szi","SRC-103","2026-09-08"
"DRX-0030","CARNELIAN","REJECT-NOT-THE-STONE","P285447","17","_gug_","_gug_ me-luh-ha hu-luh-ha _szim-bi-zi-da_","SRC-103","2026-09-08"
"DRX-0031","CARNELIAN","REJECT-NOT-THE-STONE","P241578","6","_gugx(|GUL.ZA|)_","_gugx(|GUL.ZA|)_","SRC-103","2026-09-08"
"DRX-0032","CARNELIAN","REJECT-NOT-THE-STONE","P241553","5","_gugx(|ZA.GUL|)","5(u@c) 4(asz@c) gin2 dilmun _gugx(|ZA.GUL|) za:gin3_","SRC-103","2026-09-08"
"DRX-0033","CARNELIAN","REJECT-NOT-THE-STONE","P394325","22","_im#-kal-gug_","_im#-kal-gug_ ta-zak3 ina# _i3_ u _kasz nag_-[ma ina-esz?]","SRC-103","2026-09-08"
"DRX-0034","CARNELIAN","REJECT-NOT-THE-STONE","P285144","12'","_im-kal-[gug]","_im-kal-[gug] 6(disz)? u2-me ara3-mesz_ ina _lal3_ u _i3-nun_ u _i3-gesz bara2-ga#_ x [x x]","SRC-103","2026-09-08"
"DRX-0035","CARNELIAN","REJECT-NOT-THE-STONE","P285123","4'","_im-kal-gug","_im-kal-gug gi du10_","SRC-103","2026-09-08"
"DRX-0036","CARNELIAN","REJECT-NOT-THE-STONE","P285112","3","_im-kal-gug","_im-kal-gug ka a-ab-ba_","SRC-103","2026-09-08"
"DRX-0037","CARNELIAN","REJECT-NOT-THE-STONE","P394867","7'","_im-kal-gug","_{szim#}li_ {na4}ga-bi-i _im-kal-gug numun {u2}si-sa2_","SRC-103","2026-09-08"
"DRX-0038","CARNELIAN","REJECT-NOT-THE-STONE","P393807","64'","_im-kal-gug","_{gesz}li na4_ ga-bi#-i _im-kal-gug numun {u2}si-sa2_","SRC-103","2026-09-08"
"DRX-0039","CARNELIAN","REJECT-NOT-THE-STONE","P400233","69'","_im-kal-gug_","_im-kal-gug_ [x x an]-nam# ina _izi {gesz#}kiszi16 sza3 gesztu-min_-szu2 _sar_-ar2#","SRC-103","2026-09-08"
"DRX-0040","CARNELIAN","REJECT-NOT-THE-STONE","P498964","24","_im-kal-gug_","2(disz) gi-re-e _im-kal-gug_ an-da-szum _sud2_-ma ina _kasz_ t,a-a-bi u2-na-ṣap","SRC-103","2026-09-08"
"DRX-0041","CARNELIAN","REJECT-NOT-THE-STONE","P418341","15'","_im]-kal#-gug_","[x x _im]-kal#-gug_","SRC-103","2026-09-08"
"DRX-0042","CARNELIAN","REJECT-NOT-THE-STONE","P394325","6","_im]-kal#?-gug","[... _im]-kal#?-gug sud2_ ta-za-ru3#-[ma? ina-esz]","SRC-103","2026-09-08"
"DRX-0043","CARNELIAN","REJECT-NOT-THE-STONE","P285453","5","_na4#-gug#_","[...] x _na4#-gug#_ hal-lu-ru _{u2}mud_","SRC-103","2026-09-08"
"DRX-0044","CARNELIAN","REJECT-NOT-THE-STONE","P358706","5","_na4-za-gug_","[x (x)]-x-ma szu-ma _na4-za-gug_","SRC-103","2026-09-08"
"DRX-0045","CARNELIAN","REJECT-NOT-THE-STONE","P358706","8","_na4-za-gug_","ne2!-ta-wu a-na szu-mi3 _na4-za-gug_","SRC-103","2026-09-08"
"DRX-0046","CARNELIAN","REJECT-NOT-THE-STONE","P285287","14","_{im}kal#-gug_","_{im}kal#-gug_ ina ni-ip-sze#? [...]","SRC-103","2026-09-08"
"DRX-0047","CARNELIAN","REJECT-NOT-THE-STONE","P285246","6","_{im}kal-[gug]_","_DISZ kum2 zi_-hi _{im}kal-[gug]_ u2#-kal _gu7_-ma ina-esz","SRC-103","2026-09-08"
"DRX-0048","CARNELIAN","REJECT-NOT-THE-STONE","P348465","27","_{im}kal-gug","_{u2}kur-ra sud2#_ ina _i3_ u _kasz nag_-ma ina-esz _{im}kal-gug sud2_ ina _i3_ u _kasz nag#_ [...]","SRC-103","2026-09-08"
"DRX-0049","CARNELIAN","REJECT-NOT-THE-STONE","P238918","4'","_{im}kal-gug#_","_zu2 ge6_-ma _{im}kal-gug#_ [...]","SRC-103","2026-09-08"
"DRX-0050","CARNELIAN","REJECT-NOT-THE-STONE","P394888","11'","_{im}kal-gug#_","[...] ina _{im}kal-gug#_","SRC-103","2026-09-08"
"DRX-0051","CARNELIAN","REJECT-NOT-THE-STONE","P396018","2'","_{im}kal-gug_","[...] _{im}kal-gug_ ni-kip-tu2# x x [...]","SRC-103","2026-09-08"
"DRX-0052","CARNELIAN","REJECT-NOT-THE-STONE","P133735","4","a-gug-mu2-da","a-sza3 a-gug-mu2-da","SRC-103","2026-09-08"
"DRX-0053","CARNELIAN","REJECT-NOT-THE-STONE","P271097","2","an-gug-mi!_","9(disz) li-e-hu sza ti-ik-ki sza _ku3-sig17 na4 an-gug-mi!_","SRC-103","2026-09-08"
"DRX-0054","CARNELIAN","REJECT-NOT-THE-STONE","P514720","64","e-gug-ma","lib3-bi e-gug-ma is,-s,a-ru-uh ka-bit-ti","SRC-103","2026-09-08"
"DRX-0055","CARNELIAN","REJECT-NOT-THE-STONE","P421807","64","e-gug-ma","lib3-bi e-gug-ma is,-s,a-ru-uh ka-bit-ti","SRC-103","2026-09-08"
"DRX-0056","CARNELIAN","REJECT-NOT-THE-STONE","P020216","3","gug","ninda bappir3 gug 1(asz@c)-ta","SRC-103","2026-09-08"
"DRX-0057","CARNELIAN","REJECT-NOT-THE-STONE","P020324","3","gug","ninda bappir3 gug 1(asz@c)-ta","SRC-103","2026-09-08"
"DRX-0058","CARNELIAN","REJECT-NOT-THE-STONE","P101217","5","gug","2(disz) gug e2-ki-nu2","SRC-103","2026-09-08"
"DRX-0059","CARNELIAN","REJECT-NOT-THE-STONE","P114099","1","gug","3(disz) gug gid2-da","SRC-103","2026-09-08"
"DRX-0060","CARNELIAN","REJECT-NOT-THE-STONE","P114099","2","gug","2(u) 1(disz) gug szu-gur-ra","SRC-103","2026-09-08"
"DRX-0061","CARNELIAN","REJECT-NOT-THE-STONE","P114099","5","gug","1(disz) gug du6","SRC-103","2026-09-08"
"DRX-0062","CARNELIAN","REJECT-NOT-THE-STONE","P114099","3","gug","2(u) la2 2(disz) gug szu-gur","SRC-103","2026-09-08"
"DRX-0063","CARNELIAN","REJECT-NOT-THE-STONE","P116203","3","gug","2/3(disz) gin2 ku3 gug","SRC-103","2026-09-08"
"DRX-0064","CARNELIAN","REJECT-NOT-THE-STONE","P118719","1","gug","7(disz) gug","SRC-103","2026-09-08"
"DRX-0065","CARNELIAN","REJECT-NOT-THE-STONE","P128071","5","gug","1(disz) gug esir2","SRC-103","2026-09-08"
"DRX-0066","CARNELIAN","REJECT-NOT-THE-STONE","P130182","4","gug","4(barig) 2(ban2) ninda gug","SRC-103","2026-09-08"
"DRX-0067","CARNELIAN","REJECT-NOT-THE-STONE","P134024","17'","gug","[...] kun PA gug ku3-sig17 gar","SRC-103","2026-09-08"
"DRX-0068","CARNELIAN","REJECT-NOT-THE-STONE","P134308","9","gug","1(disz) gug","SRC-103","2026-09-08"
"DRX-0069","CARNELIAN","REJECT-NOT-THE-STONE","P135898","3","gug","gug za-gin3 e2 {d}nin-gir2-su-bi ri-a","SRC-103","2026-09-08"
"DRX-0070","CARNELIAN","REJECT-NOT-THE-STONE","P136741","1","gug","1(gesz'u) 8(gesz2) 1(u) 8(disz) za [...] gug [x]","SRC-103","2026-09-08"
"DRX-0071","CARNELIAN","REJECT-NOT-THE-STONE","P137053","5","gug","[...] gug {na4}nir7","SRC-103","2026-09-08"
"DRX-0072","CARNELIAN","REJECT-NOT-THE-STONE","P137053","14","gug","4(disz) {na4}ellag2 gug","SRC-103","2026-09-08"
"DRX-0073","CARNELIAN","REJECT-NOT-THE-STONE","P137057","9","gug","1(u) 2(disz) {na4}ellag2 gug [...]","SRC-103","2026-09-08"
"DRX-0074","CARNELIAN","REJECT-NOT-THE-STONE","P141796","14'","gug","6(disz)? gug gid2-da ku3-sig17 gar-ra-bi","SRC-103","2026-09-08"
"DRX-0075","CARNELIAN","REJECT-NOT-THE-STONE","P141796","27","gug","szunigin 1(disz) gir2 banszur dingir mu10-us2-bi? gug ku3-sig17 gar-ra","SRC-103","2026-09-08"
"DRX-0076","CARNELIAN","REJECT-NOT-THE-STONE","P141796","17","gug","szunigin 5(disz) gug [gid2]-da ku3-sig17 gar-ra","SRC-103","2026-09-08"
"DRX-0077","CARNELIAN","REJECT-NOT-THE-STONE","P142043","1","gug","1(asz) kiszib3 sal gug ku3-sig17 gar-ra","SRC-103","2026-09-08"
"DRX-0078","CARNELIAN","REJECT-NOT-THE-STONE","P142331","6","gug","2(disz) gug gid2-da","SRC-103","2026-09-08"
"DRX-0079","CARNELIAN","REJECT-NOT-THE-STONE","P142331","7","gug","1(disz) {gesz}bulug3 gug","SRC-103","2026-09-08"
"DRX-0080","CARNELIAN","REJECT-NOT-THE-STONE","P142331","8","gug","4(disz) gug zu2-lum","SRC-103","2026-09-08"
"DRX-0081","CARNELIAN","REJECT-NOT-THE-STONE","P142331","10","gug","szunigin 2(disz) gug gid2-da","SRC-103","2026-09-08"
"DRX-0082","CARNELIAN","REJECT-NOT-THE-STONE","P142331","1","gug","szunigin 1(disz) {gesz}bulug3 gug","SRC-103","2026-09-08"
"DRX-0083","CARNELIAN","REJECT-NOT-THE-STONE","P142331","2","gug","szunigin 4(disz) gug zu2-lum","SRC-103","2026-09-08"
"DRX-0084","CARNELIAN","REJECT-NOT-THE-STONE","P142751","12","gug","1(disz) tu-di-da gug za-gin3 ku3-sig17 ga2-ra ka-ba ku3-sig17 nigin2-na","SRC-103","2026-09-08"
"DRX-0085","CARNELIAN","REJECT-NOT-THE-STONE","P142751","1","gug","3(disz) tu-di-da gug sag lulim-ma ku3-sig17 ku3-babbar ga2-ra","SRC-103","2026-09-08"
"DRX-0086","CARNELIAN","REJECT-NOT-THE-STONE","P145282","4","gug","6(disz) za-har gug","SRC-103","2026-09-08"
"DRX-0087","CARNELIAN","REJECT-NOT-THE-STONE","P208527","18","gug","7(disz) za gug gid2-da","SRC-103","2026-09-08"
"DRX-0088","CARNELIAN","REJECT-NOT-THE-STONE","P208527","2","gug","6(disz) za gug","SRC-103","2026-09-08"
"DRX-0089","CARNELIAN","REJECT-NOT-THE-STONE","P208527","8","gug","[n] za gug ku3-sig17 hi-a","SRC-103","2026-09-08"
"DRX-0090","CARNELIAN","REJECT-NOT-THE-STONE","P216977","5","gug","1(u@c) za gur4-ra gug","SRC-103","2026-09-08"
"DRX-0091","CARNELIAN","REJECT-NOT-THE-STONE","P220725","4","gug","6(asz@c) gu2 gug um-dur","SRC-103","2026-09-08"
"DRX-0092","CARNELIAN","REJECT-NOT-THE-STONE","P220780","7","gug","ninda GAN2 masz gug 1(asz@c)-ta","SRC-103","2026-09-08"
"DRX-0093","CARNELIAN","REJECT-NOT-THE-STONE","P220780","2","gug","ninda GAN2 masz-bi 5(gesz2@c) 4(u@c) 2(asz@c) gug","SRC-103","2026-09-08"
"DRX-0094","CARNELIAN","REJECT-NOT-THE-STONE","P220870","1","gug","6(asz@c) ninda zi3 gu 1(disz@t) gug i3-diri","SRC-103","2026-09-08"
"DRX-0095","CARNELIAN","REJECT-NOT-THE-STONE","P221449","3","gug","ninda bappir3 gug 1(asz@c)-ta","SRC-103","2026-09-08"
"DRX-0096","CARNELIAN","REJECT-NOT-THE-STONE","P227751","7","gug","{na4}kiszib gug","SRC-103","2026-09-08"
"DRX-0097","CARNELIAN","REJECT-NOT-THE-STONE","P227751","8","gug","{na4}lagab gug","SRC-103","2026-09-08"
"DRX-0098","CARNELIAN","REJECT-NOT-THE-STONE","P227751","9","gug","{na4}ellag2 gug","SRC-103","2026-09-08"
"DRX-0099","CARNELIAN","REJECT-NOT-THE-STONE","P227945","50","gug","{na4}kiszib gug","SRC-103","2026-09-08"
"DRX-0100","CARNELIAN","REJECT-NOT-THE-STONE","P228721","13","gug","[{na4}]kiszib# gug","SRC-103","2026-09-08"
"DRX-0101","CARNELIAN","REJECT-NOT-THE-STONE","P228721","14","gug","[...] gug","SRC-103","2026-09-08"
"DRX-0102","CARNELIAN","REJECT-NOT-THE-STONE","P228721","15","gug","{na4#}[...] gug","SRC-103","2026-09-08"
"DRX-0103","CARNELIAN","REJECT-NOT-THE-STONE","P230388","4'","gug","{na4}kiszib gug","SRC-103","2026-09-08"
"DRX-0104","CARNELIAN","REJECT-NOT-THE-STONE","P230388","5'","gug","{na4}lagab gug","SRC-103","2026-09-08"
"DRX-0105","CARNELIAN","REJECT-NOT-THE-STONE","P230388","6'","gug","{na4}ellag2 gug","SRC-103","2026-09-08"
"DRX-0106","CARNELIAN","REJECT-NOT-THE-STONE","P232300","22","gug","gug gi-rin-e me-luh-ha-ta","SRC-103","2026-09-08"
"DRX-0107","CARNELIAN","REJECT-NOT-THE-STONE","P232301","13","gug","gu3-de2-a gug za-gin3 mi-ni-uh","SRC-103","2026-09-08"
"DRX-0108","CARNELIAN","REJECT-NOT-THE-STONE","P232301","13","gug","uruda# nagga lagab za-gin3-na ku3 NE gug gi-rin me-luh-ha-da","SRC-103","2026-09-08"
"DRX-0109","CARNELIAN","REJECT-NOT-THE-STONE","P282337","14","gug","gug = %a ha-a-lu","SRC-103","2026-09-08"
"DRX-0110","CARNELIAN","REJECT-NOT-THE-STONE","P282337","16","gug","gug = %a pe-en-du-u2","SRC-103","2026-09-08"
"DRX-0111","CARNELIAN","REJECT-NOT-THE-STONE","P332829","10'","gug","[{na4}kiszib] gug","SRC-103","2026-09-08"
"DRX-0112","CARNELIAN","REJECT-NOT-THE-STONE","P332829","11'","gug","[{na4}lagab] gug","SRC-103","2026-09-08"
"DRX-0113","CARNELIAN","REJECT-NOT-THE-STONE","P332830","35","gug","{na4}kiszib gug","SRC-103","2026-09-08"
"DRX-0114","CARNELIAN","REJECT-NOT-THE-STONE","P332830","36","gug","{na4}lagab gug","SRC-103","2026-09-08"
"DRX-0115","CARNELIAN","REJECT-NOT-THE-STONE","P332830","37","gug","{na4}ellag gug","SRC-103","2026-09-08"
"DRX-0116","CARNELIAN","REJECT-NOT-THE-STONE","P332929","8","gug","[{na4}]kiszib gug","SRC-103","2026-09-08"
"DRX-0117","CARNELIAN","REJECT-NOT-THE-STONE","P332929","9","gug","[{na4}]lagab gug","SRC-103","2026-09-08"
"DRX-0118","CARNELIAN","REJECT-NOT-THE-STONE","P332929","10","gug","[{na4}]ellag2 gug","SRC-103","2026-09-08"
"DRX-0119","CARNELIAN","REJECT-NOT-THE-STONE","P343748","5","gug","erim2-sze3 gug sar ak","SRC-103","2026-09-08"
"DRX-0120","CARNELIAN","REJECT-NOT-THE-STONE","P348413","27","gug","{na4}kiszib gug","SRC-103","2026-09-08"
"DRX-0121","CARNELIAN","REJECT-NOT-THE-STONE","P348413","28","gug","{na4}lagab!(PU2) gug","SRC-103","2026-09-08"
"DRX-0122","CARNELIAN","REJECT-NOT-THE-STONE","P348413","29","gug","{na4}ellag2 gug","SRC-103","2026-09-08"
"DRX-0123","CARNELIAN","REJECT-NOT-THE-STONE","P375994","1","gug","7(disz) {na4}za-bir! gug babbar","SRC-103","2026-09-08"
"DRX-0124","CARNELIAN","REJECT-NOT-THE-STONE","P380502","5","gug","2(disz) ma-na gug","SRC-103","2026-09-08"
"DRX-0125","CARNELIAN","REJECT-NOT-THE-STONE","P429779","158","gug","mitum-gu10-u3 ur zu2 ses-a-gin7 gug hu-mu-u3-ra-ra-ra","SRC-103","2026-09-08"
"DRX-0126","CARNELIAN","REJECT-NOT-THE-STONE","P429779","189","gug","ma-sa2-tum-gu10-u3 sag kalam-ma-ka gug sar ha-mu-u3-ak-ke4","SRC-103","2026-09-08"
"DRX-0127","CARNELIAN","REJECT-NOT-THE-STONE","P431881","443","gug","gug gi-rin-e me-luh-ha-ta","SRC-103","2026-09-08"
"DRX-0128","CARNELIAN","REJECT-NOT-THE-STONE","P431882","57","gug","gu3-de2-a gug za-gin3 mi-ni-uh","SRC-103","2026-09-08"
"DRX-0129","CARNELIAN","REJECT-NOT-THE-STONE","P431882","328","gug","uruda nagga lagab za-gin3-na ku3 NE gug gi-rin me-luh-ha-da","SRC-103","2026-09-08"
"DRX-0130","CARNELIAN","REJECT-NOT-THE-STONE","P448449","5","gug","erim2-sze3 gug sar ak","SRC-103","2026-09-08"
"DRX-0131","CARNELIAN","REJECT-NOT-THE-STONE","P478850","80","gug","3(disz)-kam-ma uga{muszen}-gin7 za-na gug im-kul-e","SRC-103","2026-09-08"
"DRX-0132","CARNELIAN","REJECT-NOT-THE-STONE","P215868","2","gug","4(u@c) gug tur-tur","SRC-103","2026-09-08"
"DRX-0133","CARNELIAN","REJECT-NOT-THE-STONE","P214862","3","gug","2(asz@c) gug ku3-sig17 an-si gu2","SRC-103","2026-09-08"
"DRX-0134","CARNELIAN","REJECT-NOT-THE-STONE","P214862","10","gug","[n(asz@c)] bu gug","SRC-103","2026-09-08"
"DRX-0135","CARNELIAN","REJECT-NOT-THE-STONE","P479873","12","gug","u4 ka sza-an-sza-sza ah6 x x x-ba gug sar ak","SRC-103","2026-09-08"
"DRX-0136","CARNELIAN","REJECT-NOT-THE-STONE","P478977","54","gug","gug-ni gug ur tur-ra-ke4 du14 ga-nam mu-da-mu2","SRC-103","2026-09-08"
"DRX-0137","CARNELIAN","REJECT-NOT-THE-STONE","P478977","94","gug","gug-a-ni gug ur tur-ra-ke4 lu2 har-ra-an gig-ga-ke4","SRC-103","2026-09-08"
"DRX-0138","CARNELIAN","REJECT-NOT-THE-STONE","P478905","3","gug","amar gug hi-li szu tag-ga su3-ra2-ag2 [...]","SRC-103","2026-09-08"
"DRX-0139","CARNELIAN","REJECT-NOT-THE-STONE","P478911","51","gug","muszen {na4}gug-ta gug {na4}za-gin3-ta za-gin3","SRC-103","2026-09-08"
"DRX-0140","CARNELIAN","REJECT-NOT-THE-STONE","P348744","33'","gug","_DISZ gug diri_-ma#? [...]","SRC-103","2026-09-08"
"DRX-0141","CARNELIAN","REJECT-NOT-THE-STONE","P394629","21","gug","_DISZ gug sa5_-ma 1(disz) _sig2 [e3_ ...]","SRC-103","2026-09-08"
"DRX-0142","CARNELIAN","REJECT-NOT-THE-STONE","P285438","2","gug","_[{na4}{d}lamma] ku3#-babbar ku3-sig17 gug za-gin3 nir2 duh-szi-a_","SRC-103","2026-09-08"
"DRX-0143","CARNELIAN","REJECT-NOT-THE-STONE","P285438","10","gug","_{na4}dag#-gaz# duh-szi-a musz-gir2 babbar-dili gug gug-zu2_","SRC-103","2026-09-08"
"DRX-0144","CARNELIAN","REJECT-NOT-THE-STONE","P285438","13","gug","_{na4}amasz-pa-e3 gug nir2 dur2-mi-na asz-gi3-gi3 za-gin3 babbar-dili_","SRC-103","2026-09-08"
"DRX-0145","CARNELIAN","REJECT-NOT-THE-STONE","P285438","15","gug","{na4}su-u _nig2#-bur3-bur3 gug gazi{sar}_","SRC-103","2026-09-08"
"DRX-0146","CARNELIAN","REJECT-NOT-THE-STONE","P285438","13","gug","_{na4}zu2 sig7_ asz-pu-u _{d}lamma gug gazi#{sar}_","SRC-103","2026-09-08"
"DRX-0147","CARNELIAN","REJECT-NOT-THE-STONE","P285447","8'","gug","_an-bar gug 7(disz) na4-mesz silim_ {d}e2-a","SRC-103","2026-09-08"
"DRX-0148","CARNELIAN","REJECT-NOT-THE-STONE","P285447","26'","gug","su-u _nig2-bur3-bur3 gug gazi{sar}_ 3(disz) ne2-me-di ha-a-a-tu2","SRC-103","2026-09-08"
"DRX-0149","CARNELIAN","REJECT-NOT-THE-STONE","P285447","10","gug","_ku3-babbar ku3-sig17 gug za-gin3 pa_","SRC-103","2026-09-08"
"DRX-0150","CARNELIAN","REJECT-NOT-THE-STONE","P285447","13","gug","_musz-gir2 gug hi-li-ba_ ug-gun3-nu","SRC-103","2026-09-08"
"DRX-0151","CARNELIAN","REJECT-NOT-THE-STONE","P285447","15","gug","_{na4}amasz-mu2-a hi-li-ba gug gazi{sar}_","SRC-103","2026-09-08"
"DRX-0152","CARNELIAN","REJECT-NOT-THE-STONE","P285447","19","gug","_duh-szi-a gug za-gin3 za-gin3-duru5 igi musz nir2_","SRC-103","2026-09-08"
"DRX-0153","CARNELIAN","REJECT-NOT-THE-STONE","P285447","22","gug","_nir2 za-gin3 gug sag-kal_ zib-tu2 _babbar-dili hi-li-ba_","SRC-103","2026-09-08"
"DRX-0154","CARNELIAN","REJECT-NOT-THE-STONE","P513416","5'","gug","1(disz) gug ze2 ku3-sig17","SRC-103","2026-09-08"
"DRX-0155","CARNELIAN","REJECT-NOT-THE-STONE","P404959","37","gug","tu-ub!-bal! i-na u2 gug _gaz_","SRC-103","2026-09-08"
"DRX-0156","CARNELIAN","REJECT-NOT-THE-STONE","P285333","9","gug!","[...] _u3 gug! nu# [zu]_","SRC-103","2026-09-08"
"DRX-0157","CARNELIAN","REJECT-NOT-THE-STONE","P216977","2'","gug#","1(u) 6(asz@c) gug# [...]","SRC-103","2026-09-08"
"DRX-0158","CARNELIAN","REJECT-NOT-THE-STONE","P217787","1","gug#","1(u@c) 1(asz@c) gin2 la2 igi 6(disz)-gal2 gug#","SRC-103","2026-09-08"
"DRX-0159","CARNELIAN","REJECT-NOT-THE-STONE","P285443","15","gug#","[x x x] _za-gin3_ [x x x x] _musz#-gir2 gug# asz#-gi3#-gi3#_","SRC-103","2026-09-08"
"DRX-0160","CARNELIAN","REJECT-NOT-THE-STONE","P285447","5'","gug#","_za-gin3 gug# zalag2 an-bar_ asz-pu-u _babbar-dili_ ab3-asz-mu","SRC-103","2026-09-08"
"DRX-0161","CARNELIAN","REJECT-NOT-THE-STONE","P227750","9'","gug#-[...]","udu gug#-[...] nud","SRC-103","2026-09-08"
"DRX-0162","CARNELIAN","REJECT-NOT-THE-STONE","P262629","5","gug#-|KAxERIN2|-na2","gug#-|KAxERIN2|-na2","SRC-103","2026-09-08"
"DRX-0163","CARNELIAN","REJECT-NOT-THE-STONE","P285431","2","gug#_","_{na4}babbar-dili gug#_ [...]","SRC-103","2026-09-08"
"DRX-0164","CARNELIAN","REJECT-NOT-THE-STONE","P285438","22","gug#_","[{na4}a]-lal#-lu sa-a-bu _an-zah gug#_ me-luh-ha","SRC-103","2026-09-08"
"DRX-0165","CARNELIAN","REJECT-NOT-THE-STONE","P285443","13'","gug#_","_{na4}szuba nigin za-gin3 pa gug#_","SRC-103","2026-09-08"
"DRX-0166","CARNELIAN","REJECT-NOT-THE-STONE","P285447","1'","gug#_","_za#-gin3# gug#_ [...]","SRC-103","2026-09-08"
"DRX-0167","CARNELIAN","REJECT-NOT-THE-STONE","P214912","3","gug(ZA+GUL)","6(gesz2) la2 2(u) gug(ZA+GUL) tur","SRC-103","2026-09-08"
"DRX-0168","CARNELIAN","REJECT-NOT-THE-STONE","P229750","5","gug(|ZA#.[GUL]|)#","{na4}kiszib gug(|ZA#.[GUL]|)#","SRC-103","2026-09-08"
"DRX-0169","CARNELIAN","REJECT-NOT-THE-STONE","P229750","6","gug(|ZA#.[GUL]|)#","{na4}lagab gug(|ZA#.[GUL]|)#","SRC-103","2026-09-08"
"DRX-0170","CARNELIAN","REJECT-NOT-THE-STONE","P469699","27","gug-a","gug-a nam-nun-ni mu-ni-ib2-si-nam","SRC-103","2026-09-08"
"DRX-0171","CARNELIAN","REJECT-NOT-THE-STONE","P478977","94","gug-a-ni","gug-a-ni gug ur tur-ra-ke4 lu2 har-ra-an gig-ga-ke4","SRC-103","2026-09-08"
"DRX-0172","CARNELIAN","REJECT-NOT-THE-STONE","P141796","16'","gug-bi","3(u) 8(disz) za-bir gug-bi","SRC-103","2026-09-08"
"DRX-0173","CARNELIAN","REJECT-NOT-THE-STONE","P388043","1","gug-bi","{na4}kikken2 gug-bi [6(disz)?]","SRC-103","2026-09-08"
"DRX-0174","CARNELIAN","REJECT-NOT-THE-STONE","P105685","7","gug-ga","gug-ga nu2 dingir-re-ne","SRC-103","2026-09-08"
"DRX-0175","CARNELIAN","REJECT-NOT-THE-STONE","P461397","98","gug-ga","udu gug-ga nu2","SRC-103","2026-09-08"
"DRX-0176","CARNELIAN","REJECT-NOT-THE-STONE","P105066","11'","gug-ga-na2","giri3-se3-ga sa2-du11 siskur2 gug-ga-na2","SRC-103","2026-09-08"
"DRX-0177","CARNELIAN","REJECT-NOT-THE-STONE","P105063","5'","gug-ga-na2#","siskur# gug-ga-na2#","SRC-103","2026-09-08"
"DRX-0178","CARNELIAN","REJECT-NOT-THE-STONE","P105001","5","gug-ga-nu2","giri3-se3-ga sa2-du11 gug-ga-nu2 u3 ezem didli-me","SRC-103","2026-09-08"
"DRX-0179","CARNELIAN","REJECT-NOT-THE-STONE","P105669","23","gug-ga-nu2","1(asz) ziz2 gug-ga-nu2 {d}nusku","SRC-103","2026-09-08"
"DRX-0180","CARNELIAN","REJECT-NOT-THE-STONE","P227892","35'","gug-ga-nu2","udu gug-ga-nu2","SRC-103","2026-09-08"
"DRX-0181","CARNELIAN","REJECT-NOT-THE-STONE","P469700","84","gug-kal","gug-kal bar-sze3 mu sze-gar-ra-ka igi kalam-ma-ka na-ni-sa6","SRC-103","2026-09-08"
"DRX-0182","CARNELIAN","REJECT-NOT-THE-STONE","P480682","19'","gug-kal-la","gug-kal-la AN [...]","SRC-103","2026-09-08"
"DRX-0183","CARNELIAN","REJECT-NOT-THE-STONE","P478977","54","gug-ni","gug-ni gug ur tur-ra-ke4 du14 ga-nam mu-da-mu2","SRC-103","2026-09-08"
"DRX-0184","CARNELIAN","REJECT-NOT-THE-STONE","P285438","10","gug-zu2_","_{na4}dag#-gaz# duh-szi-a musz-gir2 babbar-dili gug gug-zu2_","SRC-103","2026-09-08"
"DRX-0185","CARNELIAN","REJECT-NOT-THE-STONE","P262629","2","gug-|KAxERIN2|-na2","gug-|KAxERIN2|-na2","SRC-103","2026-09-08"
"DRX-0186","CARNELIAN","REJECT-NOT-THE-STONE","P304821","5","gug2-gug_","_3(disz) sila3 gug2-gug_","SRC-103","2026-09-08"
"DRX-0187","CARNELIAN","REJECT-NOT-THE-STONE","P467618","18","gug?","mu gug? an-na","SRC-103","2026-09-08"
"DRX-0188","CARNELIAN","REJECT-NOT-THE-STONE","P285443","8","gug]","_{na4#}{d}lamma ku3-babbar ku3#-[sig17 gug] za-gin3 nir2 duh-szi-a_","SRC-103","2026-09-08"
"DRX-0189","CARNELIAN","REJECT-NOT-THE-STONE","P357847","5","gug_","_na4 gug_ 3(disz) 1/6(disz) _gin2 na4 gug_","SRC-103","2026-09-08"
"DRX-0190","CARNELIAN","REJECT-NOT-THE-STONE","P357847","5","gug_","_na4 gug_ 3(disz) 1/6(disz) _gin2 na4 gug_","SRC-103","2026-09-08"
"DRX-0191","CARNELIAN","REJECT-NOT-THE-STONE","P360573","4","gug_","_na4 gug_ sze2-bi4-lam","SRC-103","2026-09-08"
"DRX-0192","CARNELIAN","REJECT-NOT-THE-STONE","P390626","14","gug_","i-na wa-s,a-i-a sza _na4 gug_","SRC-103","2026-09-08"
"DRX-0193","CARNELIAN","REJECT-NOT-THE-STONE","P285444","16","gug_","_{na4}duh-szi-a gug_","SRC-103","2026-09-08"
"DRX-0194","CARNELIAN","REJECT-NOT-THE-STONE","P285444","20","gug_","_{na4}nir2# za#-gin3 gug_","SRC-103","2026-09-08"
"DRX-0195","CARNELIAN","REJECT-NOT-THE-STONE","P285444","5","gug_","{na4}asz-pu-u _duh-szi-a gug_","SRC-103","2026-09-08"
"DRX-0196","CARNELIAN","REJECT-NOT-THE-STONE","P285447","9","gug_","_dag-gaz duh-szi-a musz-gir2 babbar-dili gug_","SRC-103","2026-09-08"
"DRX-0197","CARNELIAN","REJECT-NOT-THE-STONE","P352120","7","gug_","_ku3-babbar ku3-sig17 gug_ u3 [...]","SRC-103","2026-09-08"
"DRX-0198","CARNELIAN","REJECT-NOT-THE-STONE","P273892","8","gugx(|A.ZI.ZI.A|)","gugx(|A.ZI.ZI.A|) lil2-am3 za3-bi ib2-dab6","SRC-103","2026-09-08"
"DRX-0199","CARNELIAN","REJECT-NOT-THE-STONE","P273892","9","gugx(|A.ZI.ZI.A|)-bi","gugx(|A.ZI.ZI.A|)-bi ga-bu-ni","SRC-103","2026-09-08"
"DRX-0200","CARNELIAN","REJECT-NOT-THE-STONE","P252035","8","gugx(|GUL.ZA|)","2(asz@c) gugx(|GUL.ZA|) tur-tur ad-tab@t","SRC-103","2026-09-08"
"DRX-0201","CARNELIAN","REJECT-NOT-THE-STONE","P451789","8'","i#-gug#-[...]","lib3-bi# i#-gug#-[...]","SRC-103","2026-09-08"
"DRX-0202","CARNELIAN","REJECT-NOT-THE-STONE","P395575","3","i-gug","lib3-bi i-gug [...]","SRC-103","2026-09-08"
"DRX-0203","CARNELIAN","REJECT-NOT-THE-STONE","P462890","13'","i-gug","lib3-bi i-gug [...]","SRC-103","2026-09-08"
"DRX-0204","CARNELIAN","REJECT-NOT-THE-STONE","P393994","66","i-gug#-[...]-ru#-uh","[x]-bi# i-gug#-[...]-ru#-uh ka-bat-[x]","SRC-103","2026-09-08"
"DRX-0205","CARNELIAN","REJECT-NOT-THE-STONE","P392156","10'","i-gug#-ma","[...]-a#-ti lib3-bi i-gug#-ma","SRC-103","2026-09-08"
"DRX-0206","CARNELIAN","REJECT-NOT-THE-STONE","P394061","6'","i-gug#-ma#","[...] lib3-bi i-gug#-ma# is,-s,a-ru#-uh# ka#-bat-ti","SRC-103","2026-09-08"
"DRX-0207","CARNELIAN","REJECT-NOT-THE-STONE","P345514","26'","i-gug-ma","[...] i-gug-ma","SRC-103","2026-09-08"
"DRX-0208","CARNELIAN","REJECT-NOT-THE-STONE","P393959","14'","i-gug-ma","lib3-bi i-gug-ma is,-s,a-ri-ih ka-bat-ti {lu2}szu-ut _sag-mesz_-ia","SRC-103","2026-09-08"
"DRX-0209","CARNELIAN","REJECT-NOT-THE-STONE","P422293","51","i-gug-ma","ina qe2-reb nina{ki} asz2-me-e-ma lib3-bi i-gug-ma is,-s,a-ri-ih ka-bat-ti","SRC-103","2026-09-08"
"DRX-0210","CARNELIAN","REJECT-NOT-THE-STONE","P453467","11'","i-gug-ma","i-gug-ma [{d}en-lil2-la5]","SRC-103","2026-09-08"
"DRX-0211","CARNELIAN","REJECT-NOT-THE-STONE","P462961","12'","i-gug-ma","i-gug-ma {d}en-lil2-la5","SRC-103","2026-09-08"
"DRX-0212","CARNELIAN","REJECT-NOT-THE-STONE","P462955","37","i-gug-ma","ma-hi-risz i-gug-ma","SRC-103","2026-09-08"
"DRX-0213","CARNELIAN","REJECT-NOT-THE-STONE","P462851","138","i-gug-ma","ina qe2-reb nina{ki} asz2-me-e-ma lib3-bi i-gug-ma is,-s,a-ri-ih ka-bat-ti","SRC-103","2026-09-08"
"DRX-0214","CARNELIAN","REJECT-NOT-THE-STONE","P452595","11'","i-gug-ma","[...]-a#-ti lib3-bi i-gug-ma i-s,a-ru-uh ka-bat-ti","SRC-103","2026-09-08"
"DRX-0215","CARNELIAN","REJECT-NOT-THE-STONE","P514712","64","i-gug-ma","lib3-bi i-gug-ma is,-s,a-ru-uh ka-bat-ti","SRC-103","2026-09-08"
"DRX-0216","CARNELIAN","REJECT-NOT-THE-STONE","P514713","50","i-gug-ma","an-na-a-ti lib3-bi i-gug-ma is,-s,a-ru-uh ka-bat-ti","SRC-103","2026-09-08"
"DRX-0217","CARNELIAN","REJECT-NOT-THE-STONE","P514715","128'","i-gug-ma","lib3-bi i-gug-ma is,-s,a-ru-uh ka-bat-ti","SRC-103","2026-09-08"
"DRX-0218","CARNELIAN","REJECT-NOT-THE-STONE","P424582","22'","i-gug-ma","lib3#-bi i-gug-ma is,-s,a-ru-uh ka-bat-ti","SRC-103","2026-09-08"
"DRX-0219","CARNELIAN","REJECT-NOT-THE-STONE","P392230","50","i-gug-ma#","an-na-a-ti lib3-bi i-gug-ma# [...]","SRC-103","2026-09-08"
"DRX-0220","CARNELIAN","REJECT-NOT-THE-STONE","P422684","4'","i-gug-ma#","[...]-ti# lib3-bi i-gug-ma#","SRC-103","2026-09-08"
"DRX-0221","CARNELIAN","REJECT-NOT-THE-STONE","P398254","20","im#–kal-gug#_","[2(disz)] _gin2# im#–kal-gug#_","SRC-103","2026-09-08"
"DRX-0222","CARNELIAN","REJECT-NOT-THE-STONE","P285108","18","im-kal-gug","_{u2}kur-kur {u2}masz-tab-ba im-kal-gug gazi{sar}_ {u2}kur-ka-nu-u _{szim}sal_","SRC-103","2026-09-08"
"DRX-0223","CARNELIAN","REJECT-NOT-THE-STONE","P285143","8'","im-kal-gug","[...] _gig# im-kal-gug sud2_ ina _lal3_ u _i3-[gesz?_ ...]","SRC-103","2026-09-08"
"DRX-0224","CARNELIAN","REJECT-NOT-THE-STONE","P395058","19","im-kal-gug","_DISZ ki-min im-kal-gug {gesz}erin {szim}bal# [numun {u2}si-sa2]_","SRC-103","2026-09-08"
"DRX-0225","CARNELIAN","REJECT-NOT-THE-STONE","P498964","45","im-kal-gug","_DISZ na_ su-alu rit!(DUB)-ku-su _gig im-kal-gug sud2_ ina _lal3 zu2-lum-ma_ u _i3-nun-na hi-hi_","SRC-103","2026-09-08"
"DRX-0226","CARNELIAN","REJECT-NOT-THE-STONE","P404959","39","im-kal-gug","_[{u2}]masz-tab-ba im-kal-gug gazi{sar}_","SRC-103","2026-09-08"
"DRX-0227","CARNELIAN","REJECT-NOT-THE-STONE","P285323","1'","im-kal-gug#","[... _im]-kal im-kal-gug# im#-sahar#-[kur-ra_ ...]","SRC-103","2026-09-08"
"DRX-0228","CARNELIAN","REJECT-NOT-THE-STONE","P285108","15","im-kal-gug_","_{szim}mug im-kal-gug_ ana _de3 szub gesztu-min_-szu2 _sar_ ana _sza3 gesztu-min_-szu2 _gar_-an _im-sahar-na4-kur-ra_","SRC-103","2026-09-08"
"DRX-0229","CARNELIAN","REJECT-NOT-THE-STONE","P285108","34","im-kal-gug_","_{szim}man-du gazi{sar} im-kal-gug_ 9(disz) qu5-_gi_ sza2 _gesztu-min_-szu2 ina# _[de3 {gesz}]kiszi16# sar_-szu2","SRC-103","2026-09-08"
"DRX-0230","CARNELIAN","REJECT-NOT-THE-STONE","P285449","3'","im-kal-gug_","_[na4 gar_-szu2] _gin7# im-kal-gug_","SRC-103","2026-09-08"
"DRX-0231","CARNELIAN","REJECT-NOT-THE-STONE","P394455","7'","im-kal-gug_","_[du3-du3]-bi# {szim}gur2-gur2 {szim}li {szim}szesz {gesz}erin gi du10-ga {szim}bulug gazi{sar} im-kal-gug_ ina _de3 gestu-min_-szu2 _sar_","SRC-103","2026-09-08"
"DRX-0232","CARNELIAN","REJECT-NOT-THE-STONE","P400233","31'","im-kal-gug_","_{szim}gur2-gur2 {szim}li {szim}szesz {gesz}erin gi du10-ga {szim}mug gazi{sar} im-kal-gug_","SRC-103","2026-09-08"
"DRX-0233","CARNELIAN","REJECT-NOT-THE-STONE","P393804","10","im-kal-gug_","_{szim}mug gazi{sar} im-kal-gug_ ina _de3 gesztu-min_-szu2 tu-qat#-[tar]","SRC-103","2026-09-08"
"DRX-0234","CARNELIAN","REJECT-NOT-THE-STONE","P498964","34","im-kal-gug_","_DISZ na_ ina _ka_-szu2 _usz2 buru8 {u2}nu-luh-ha im-kal-gug_ mal2-ma-lisz _sud2_ tu#-x x [x ina] _kasz sila11_","SRC-103","2026-09-08"
"DRX-0235","CARNELIAN","REJECT-NOT-THE-STONE","P348655","9","im-kal-la-gug","_DISZ na eme_-szu2 _gig im-kal-la-gug uruda sumun_ ina _i3-nun-na hi-hi_","SRC-103","2026-09-08"
"DRX-0236","CARNELIAN","REJECT-NOT-THE-STONE","P248813","5'","ma-gug","1(disz) ma-gug","SRC-103","2026-09-08"
"DRX-0237","CARNELIAN","REJECT-NOT-THE-STONE","P469674","345","na4-gug-gesz-dili","na4-gug-gesz-dili na4-za-gin3-gesz-dili-gin7 szu-ni-a hu-mu-un-gal2","SRC-103","2026-09-08"
"DRX-0238","CARNELIAN","REJECT-NOT-THE-STONE","P469674","387","na4-gug-gesz-dili","na4-gug-gesz-dili na4-za-gin3-gesz-dili-gin7 szu-ni-a hu-mu-un-gal2","SRC-103","2026-09-08"
"DRX-0239","CARNELIAN","REJECT-NOT-THE-STONE","P469674","410","na4-gug-gesz-dili","na4-gug-gesz-dili na4-za-gin3-gesz-dili-gin7 szu-ni-a hu-mu-un-gal2","SRC-103","2026-09-08"
"DRX-0240","CARNELIAN","REJECT-NOT-THE-STONE","P110494","2","nig2-gug","1(asz) nig2-gug zi3 sig15 gur","SRC-103","2026-09-08"
"DRX-0241","CARNELIAN","REJECT-NOT-THE-STONE","P118453","9","puzur4-gug","puzur4-gug","SRC-103","2026-09-08"
"DRX-0242","CARNELIAN","REJECT-NOT-THE-STONE","P282337","15","su#-gug","su#-gug = %a um-s,a-tu4","SRC-103","2026-09-08"
"DRX-0243","CARNELIAN","REJECT-NOT-THE-STONE","P282337","17","su#-gug","su#-gug = %a ka-tar-ru","SRC-103","2026-09-08"
"DRX-0244","CARNELIAN","REJECT-NOT-THE-STONE","P141241","3","szu-gu-sza3-gug","2(disz) sila3 szu-gu-sza3-gug","SRC-103","2026-09-08"
"DRX-0245","CARNELIAN","REJECT-NOT-THE-STONE","P467042","27","szu2_-[...]-gug","a-na [...]-tap#-pi szu2_-[...]-gug na4#-[x_ x] _{na4#}musz#-gir2#? {<na4}nir2> na4#-babbar-dili-mesz_","SRC-103","2026-09-08"
"DRX-0246","CARNELIAN","REJECT-NOT-THE-STONE","P282337","4'","u2#-[gug]","u2#-[gug] gal2#-la# = %a hu#-sza#-ah#-hu#","SRC-103","2026-09-08"
"DRX-0247","CARNELIAN","REJECT-NOT-THE-STONE","P349103","1","u2#-gug#","edin-ba masz2-ansze#-bi# u2#-gug# mi-ni-ib2-du11 buru5#{muszen#}-re-esz# szu# mi-ni#-ib2-hu-uz","SRC-103","2026-09-08"
"DRX-0248","CARNELIAN","REJECT-NOT-THE-STONE","P346655","5","u2-gug","nam-tar u2-gug du11-ga sza3 kur# [...]","SRC-103","2026-09-08"
"DRX-0249","CARNELIAN","REJECT-NOT-THE-STONE","P297229","5","za-gug_","_na4# za-gug_ sza ki-[x x]","SRC-103","2026-09-08"
"DRX-0250","CARNELIAN","REJECT-NOT-THE-STONE","P345354","20","{d}gug-kal-la","{d}gug-kal-la","SRC-103","2026-09-08"
"DRX-0251","CARNELIAN","REJECT-NOT-THE-STONE","P499940","162","{d}guggim","{d}guggim","SRC-103","2026-09-08"
"DRX-0252","CARNELIAN","REJECT-NOT-THE-STONE","P394104","12","{im}kal-gug","[...] ana# _i3+gesz#_ tara#-bak# _igi#-4(disz)#-gal2#-la {im}kal-gug sud2 mar_","SRC-103","2026-09-08"
"DRX-0253","CARNELIAN","REJECT-NOT-THE-STONE","P394413","22","{im}kal-gug","_DISZ kimin {im}kal-gug sud2_ ina _kasz nag_-ma _kimin_","SRC-103","2026-09-08"
"DRX-0254","CARNELIAN","REJECT-NOT-THE-STONE","P348467","11","{im}kal-gug","szi-i-pa {im}kal-gug {gesz}sze-na2-a_","SRC-103","2026-09-08"
"DRX-0255","CARNELIAN","REJECT-NOT-THE-STONE","P348465","25","{im}kal-gug_","_ka inim-ma_ bu-'-sza2-nu _dab_-su : _du3-du3-bi {im}kal-gug_ [...]","SRC-103","2026-09-08"
"DRX-0256","CARNELIAN","REJECT-NOT-THE-STONE","P404959","17","{im}kal-li-gug","_{u2}kur-kur {im}kal-li-gug ka_ tam-tim","SRC-103","2026-09-08"
"DRX-0257","CARNELIAN","REJECT-NOT-THE-STONE","P285323","40'","{{_{na4}gug_","_{na4}gug-zu2_ ta-sak3 {{_{na4}gug_ {na4}ka-pa-s,a}} ina _kasz-sag nag {na4}ad-bar numun {u2}in-nu-usz sud2 {sig2}he2-me-da_","SRC-103","2026-09-08"
"DRX-0258","DILMUN","REJECT-NOT-TOPONYM","P000207","2'","DILMUN","1(N01) , DILMUN ZAG~a#","SRC-103","2026-09-08"
"DRX-0259","DILMUN","REJECT-NOT-TOPONYM","P000247","4","DILMUN","1(N01) , DILMUN [...]","SRC-103","2026-09-08"
"DRX-0260","DILMUN","REJECT-NOT-TOPONYM","P000516","4'","DILMUN","1(N01) , 2(N57)#? DILMUN","SRC-103","2026-09-08"
"DRX-0261","DILMUN","REJECT-NOT-TOPONYM","P000519","3'","DILMUN","1(N01) , DILMUN TUN3~a","SRC-103","2026-09-08"
"DRX-0262","DILMUN","REJECT-NOT-TOPONYM","P000554","6'","DILMUN","1(N01) , DILMUN ZAG~a","SRC-103","2026-09-08"
"DRX-0263","DILMUN","REJECT-NOT-TOPONYM","P002716","2","DILMUN","3(N01) , DILMUN X X [...]","SRC-103","2026-09-08"
"DRX-0264","DILMUN","REJECT-NOT-TOPONYM","P003575","2","DILMUN","b2. , DILMUN","SRC-103","2026-09-08"
"DRX-0265","DILMUN","REJECT-NOT-TOPONYM","P003808","1","DILMUN","b1B2. 1(N57) , DILMUN","SRC-103","2026-09-08"
"DRX-0266","DILMUN","REJECT-NOT-TOPONYM","P003808","2","DILMUN","b1B2. 1(N57) , HI E2~a DILMUN NUN~a","SRC-103","2026-09-08"
"DRX-0267","DILMUN","REJECT-NOT-TOPONYM","P003811","1","DILMUN","1(N01) , TUG2~a BARA2~a DILMUN","SRC-103","2026-09-08"
"DRX-0268","DILMUN","REJECT-NOT-TOPONYM","P004132","1","DILMUN","3(N14) , DILMUN KA2~b","SRC-103","2026-09-08"
"DRX-0269","DILMUN","REJECT-NOT-TOPONYM","P005339","1","DILMUN","2(N45) 3(N14) 5(N01) , DILMUN ERIM~a","SRC-103","2026-09-08"
"DRX-0270","DILMUN","REJECT-NOT-TOPONYM","P005587","1","DILMUN","2(N01) , DILMUN ISZ~a GAL~a","SRC-103","2026-09-08"
"DRX-0271","DILMUN","REJECT-NOT-TOPONYM","P005653","2","DILMUN","[...] 1(N01) 1(N08) , DILMUN","SRC-103","2026-09-08"
"DRX-0272","DILMUN","REJECT-NOT-TOPONYM","P005687","7","DILMUN",", TUR# DILMUN","SRC-103","2026-09-08"
"DRX-0273","DILMUN","REJECT-NOT-TOPONYM","P005864","5","DILMUN","[...] , DILMUN","SRC-103","2026-09-08"
"DRX-0274","DILMUN","REJECT-NOT-TOPONYM","P005925","4","DILMUN","1(N01) , X DU AMA~b DILMUN DI","SRC-103","2026-09-08"
"DRX-0275","DILMUN","REJECT-NOT-TOPONYM","P005926","7","DILMUN","1(N01@f) , DILMUN","SRC-103","2026-09-08"
"DRX-0276","DILMUN","REJECT-NOT-TOPONYM","P005933","2","DILMUN","[...] , [...] TUR# DILMUN","SRC-103","2026-09-08"
"DRX-0277","DILMUN","REJECT-NOT-TOPONYM","P006040","2","DILMUN","1(N01) , TUN3~a DILMUN","SRC-103","2026-09-08"
"DRX-0278","DILMUN","REJECT-NOT-TOPONYM","P006051","3","DILMUN","1(N01) , TUN3~a DILMUN","SRC-103","2026-09-08"
"DRX-0279","DILMUN","REJECT-NOT-TOPONYM","P006318","1","DILMUN","a. [3(N01)] , KISZ# DILMUN","SRC-103","2026-09-08"
"DRX-0280","DILMUN","REJECT-NOT-TOPONYM","P449015","2'","DILMUN","2(N01@f) , DILMUN","SRC-103","2026-09-08"
"DRX-0281","DILMUN","REJECT-NOT-TOPONYM","P325229","1","DILMUN","a. 1(N39~a) , U4 ZATU710 DILMUN","SRC-103","2026-09-08"
"DRX-0282","DILMUN","REJECT-NOT-TOPONYM","P387487","1","DILMUN","1(N01) , DILMUN","SRC-103","2026-09-08"
"DRX-0283","DILMUN","REJECT-NOT-TOPONYM","P387531","1","DILMUN","1(N01) , DILMUN KU6~a","SRC-103","2026-09-08"
"DRX-0284","DILMUN","REJECT-NOT-TOPONYM","P387723","1","DILMUN","b2. , DILMUN","SRC-103","2026-09-08"
"DRX-0285","DILMUN","REJECT-NOT-TOPONYM","P464118","85","DILMUN","DILMUN ZAG~a","SRC-103","2026-09-08"
"DRX-0286","DILMUN","REJECT-NOT-TOPONYM","P471688","27","DILMUN","DILMUN TUN3~a","SRC-103","2026-09-08"
"DRX-0287","DILMUN","REJECT-NOT-TOPONYM","P242433","37","DILMUN","gesz DILMUN","SRC-103","2026-09-08"
"DRX-0288","DILMUN","REJECT-NOT-TOPONYM","P504412","3'","DILMUN","1(N01) , DILMUN TUN3~a","SRC-103","2026-09-08"
"DRX-0289","DILMUN","REJECT-NOT-TOPONYM","P000256","10","DILMUN#","1(N01) , DILMUN# TUN3~a#","SRC-103","2026-09-08"
"DRX-0290","DILMUN","REJECT-NOT-TOPONYM","P000288","2'","DILMUN#","1(N01) , DILMUN# TUN3~a#","SRC-103","2026-09-08"
"DRX-0291","DILMUN","REJECT-NOT-TOPONYM","P000293","1'","DILMUN#","[1(N01)] , DILMUN# TUN3~a","SRC-103","2026-09-08"
"DRX-0292","DILMUN","REJECT-NOT-TOPONYM","P000330","6'","DILMUN#","[1(N01)] , DILMUN# ZAG~a","SRC-103","2026-09-08"
"DRX-0293","DILMUN","REJECT-NOT-TOPONYM","P000557","3'","DILMUN#","1(N01) , DILMUN# [...]","SRC-103","2026-09-08"
"DRX-0294","DILMUN","REJECT-NOT-TOPONYM","P001447","1","DILMUN#","1(N14) , ERIM~a DILMUN#","SRC-103","2026-09-08"
"DRX-0295","DILMUN","REJECT-NOT-TOPONYM","P002146","2","DILMUN#","a. 1(N01) , SI DILMUN# ZATU777 [...]","SRC-103","2026-09-08"
"DRX-0296","DILMUN","REJECT-NOT-TOPONYM","P003654","4","DILMUN#","a. 2(N01)# , TUG2~a# DILMUN# ERIM~a# SU~a","SRC-103","2026-09-08"
"DRX-0297","DILMUN","REJECT-NOT-TOPONYM","P004934","1","DILMUN#","[...] 1(N14) , DILMUN# TUN3~a","SRC-103","2026-09-08"
"DRX-0298","DILMUN","REJECT-NOT-TOPONYM","P005666","3","DILMUN#","4(N01) , TUR# DILMUN#","SRC-103","2026-09-08"
"DRX-0299","DILMUN","REJECT-NOT-TOPONYM","P005787","2","DILMUN#","1(N22) 3(N01) , DILMUN# [...]","SRC-103","2026-09-08"
"DRX-0300","DILMUN","REJECT-NOT-TOPONYM","P005926","1","DILMUN#","1(N01@f) , DILMUN# GAL~a GIR2~a A#","SRC-103","2026-09-08"
"DRX-0301","DILMUN","REJECT-NOT-TOPONYM","P002085","2","DILMUN#?",", ZATU717? DILMUN#?","SRC-103","2026-09-08"
"DRX-0302","DILMUN","REJECT-NOT-TOPONYM","P005045","3","DILMUN#?","3(N01) , DILMUN#? [...]","SRC-103","2026-09-08"
"DRX-0303","DILMUN","REJECT-NOT-TOPONYM","P005948","2","DILMUN#?","[...] , [...] X DILMUN#?","SRC-103","2026-09-08"
"DRX-0304","DILMUN","REJECT-NOT-TOPONYM","P006403","8","DILMUN#?","1(N01) , DILMUN#? GU7","SRC-103","2026-09-08"
"DRX-0305","DILMUN","REJECT-NOT-TOPONYM","P240860","2","DILMUN-_ku5_","DILMUN-_ku5_","SRC-103","2026-09-08"
"DRX-0306","DILMUN","REJECT-NOT-TOPONYM","P240860","10","DILMUN-_ku5_","DILMUN-_ku5_","SRC-103","2026-09-08"
"DRX-0307","DILMUN","REJECT-NOT-TOPONYM","P242000","5","DILMUN-_ku5_","DILMUN-_ku5_","SRC-103","2026-09-08"
"DRX-0308","DILMUN","REJECT-NOT-TOPONYM","P242686","2'","DILMUN-_ku5_","DILMUN-_ku5_","SRC-103","2026-09-08"
"DRX-0309","DILMUN","REJECT-NOT-TOPONYM","P242951","3'","DILMUN-_ku5_","DILMUN-_ku5_","SRC-103","2026-09-08"
"DRX-0310","DILMUN","REJECT-NOT-TOPONYM","P242951","7'","DILMUN-_ku5_","DILMUN-_ku5_","SRC-103","2026-09-08"
"DRX-0311","DILMUN","REJECT-NOT-TOPONYM","P242997","4'","DILMUN-_ku5_","DILMUN-_ku5_","SRC-103","2026-09-08"
"DRX-0312","DILMUN","REJECT-NOT-TOPONYM","P243086","4'","DILMUN-_ku5_","DILMUN-_ku5_","SRC-103","2026-09-08"
"DRX-0313","DILMUN","REJECT-NOT-TOPONYM","P243086","3'","DILMUN-_ku5_","DILMUN-_ku5_","SRC-103","2026-09-08"
"DRX-0314","DILMUN","REJECT-NOT-TOPONYM","P243103","2'","DILMUN-_ku5_","DILMUN-_ku5_","SRC-103","2026-09-08"
"DRX-0315","DILMUN","REJECT-NOT-TOPONYM","P242452","6'","DILMUN-_kur6_","DILMUN-_kur6_","SRC-103","2026-09-08"
"DRX-0316","DILMUN","REJECT-NOT-TOPONYM","P006401","1","DILMUN?","1(N01) , PIRIG~b1 DILMUN?","SRC-103","2026-09-08"
"DRX-0317","DILMUN","REJECT-NOT-TOPONYM","P429584","1","DILMUN?","1(N45) 5(N14) , U4 LAGAB~b TE DILMUN? A EN~a DU X X","SRC-103","2026-09-08"
"DRX-0318","DILMUN","REJECT-NOT-TOPONYM","P241664","1","_an-na_-DILMUN","_masz-masz_ 2(u@c) _an-na_-DILMUN _tur-tur_","SRC-103","2026-09-08"
"DRX-0319","DILMUN","REJECT-NOT-TOPONYM","P241664","2","_an-na_-DILMUN-MAH#","4(u@c) _an-na_-DILMUN-MAH# SZUM","SRC-103","2026-09-08"
"DRX-0320","DILMUN","REJECT-NOT-TOPONYM","P242433","24","al!(DILMUN)-pad","al!(DILMUN)-pad","SRC-103","2026-09-08"
"DRX-0321","DILMUN","REJECT-NOT-TOPONYM","P020600","6'","ama-dilmunx(|SAL.HUB2|)","[n] ama-dilmunx(|SAL.HUB2|)","SRC-103","2026-09-08"
"DRX-0322","DILMUN","REJECT-NOT-TOPONYM","P216090","9","ama-dilmunx(|SAL.HUB2|)","2(ban2@c) ama-dilmunx(|SAL.HUB2|)","SRC-103","2026-09-08"
"DRX-0323","DILMUN","REJECT-NOT-TOPONYM","P212694","8","ama-dilmunx(|SAL.HUB2|)","3(disz) ama-dilmunx(|SAL.HUB2|)","SRC-103","2026-09-08"
"DRX-0324","DILMUN","REJECT-NOT-TOPONYM","P212558","5","ama-dilmunx(|SAL.HUB2|)","dumu ama-dilmunx(|SAL.HUB2|)","SRC-103","2026-09-08"
"DRX-0325","DILMUN","REJECT-NOT-TOPONYM","P216274","8","dilmunx(|ASZ.DILMUN|)","4(asz@c) ma2 dilmunx(|ASZ.DILMUN|)","SRC-103","2026-09-08"
"DRX-0326","DILMUN","REJECT-NOT-TOPONYM","P010086","6","dilmunx(|SAL.HUB2|)","szum2 dilmunx(|SAL.HUB2|)","SRC-103","2026-09-08"
"DRX-0327","DILMUN","REJECT-NOT-TOPONYM","P010093","17","dilmunx(|SAL.HUB2|)","dilmunx(|SAL.HUB2|) AL","SRC-103","2026-09-08"
"DRX-0328","DILMUN","REJECT-NOT-TOPONYM","P010093","18","dilmunx(|SAL.HUB2|)","dilmunx(|SAL.HUB2|) AL balag","SRC-103","2026-09-08"
"DRX-0329","DILMUN","REJECT-NOT-TOPONYM","P010442","1","dilmunx(|SAL.HUB2|)#","lu2 dilmunx(|SAL.HUB2|)#","SRC-103","2026-09-08"
"DRX-0330","DILMUN","REJECT-NOT-TOPONYM","P245311","1","gin#-[DILMUN]","[|GA2xLA2|] x gin#-[DILMUN]","SRC-103","2026-09-08"
"DRX-0331","DILMUN","REJECT-NOT-TOPONYM","P216286","3","ma2-dilmunx(|ASZ.DILMUN|)","ma2-dilmunx(|ASZ.DILMUN|) du8-ni ru-a","SRC-103","2026-09-08"
"DRX-0332","DILMUN","REJECT-NOT-TOPONYM","P216090","18","nin#-kur-sze3-dilmunx(|SAL.HUB2|)#?-mah#","[...] nin#-kur-sze3-dilmunx(|SAL.HUB2|)#?-mah#","SRC-103","2026-09-08"
"DRX-0333","DILMUN","REJECT-NOT-TOPONYM","P242433","4","|GIN2:DILMUN|","|GIN2:DILMUN|","SRC-103","2026-09-08"
"DRX-0334","MAGAN","REJECT-NOT-TOPONYM","P379399","4","<ama>-gan-me","2(u) 1/2(disz) sipa udu <ama>-gan-me","SRC-103","2026-09-08"
"DRX-0335","MAGAN","REJECT-DIVINE-NAME","P246947","8","DINGIR-sza-ma-gan","DINGIR-sza-ma-gan","SRC-103","2026-09-08"
"DRX-0336","MAGAN","REJECT-DIVINE-NAME","P246955","18","DINGIR-sza-ma-gan","DINGIR-sza-ma-gan","SRC-103","2026-09-08"
"DRX-0337","MAGAN","REJECT-DIVINE-NAME","P241582","3","NI-lam-{d}sza-ma-gan","NI-lam-{d}sza-ma-gan","SRC-103","2026-09-08"
"DRX-0338","MAGAN","REJECT-DIVINE-NAME","P246960","18'","UR-[{d}sza]-ma-gan","UR-[{d}sza]-ma-gan","SRC-103","2026-09-08"
"DRX-0339","MAGAN","REJECT-NOT-TOPONYM","P227768","16'","[ama]-gan","[ama]-gan","SRC-103","2026-09-08"
"DRX-0340","MAGAN","REJECT-NOT-TOPONYM","P227863","3'","[ama]-gan#","[ama]-gan#","SRC-103","2026-09-08"
"DRX-0341","MAGAN","REJECT-NOT-TOPONYM","P466646","28'","[x]-mes-ma2#-kan-na_","[...]-hu# _{gesz}szur-min3# [x]-mes-ma2#-kan-na_ nap-har _gesz#-mesz#_ [x x]-hu-ma u2#-[...]","SRC-103","2026-09-08"
"DRX-0342","MAGAN","REJECT-NOT-TOPONYM","P411136","5","_ama-gan","_ama-gan ab2 er2-ra du5-mu-zu ma-a-a e-re7-esz_","SRC-103","2026-09-08"
"DRX-0343","MAGAN","REJECT-NOT-TOPONYM","P261018","13","_gesz-mes-ma2-gan-na","gi-isz-ra sza _gesz-mes-ma2-gan-na","SRC-103","2026-09-08"
"DRX-0344","MAGAN","REJECT-DIVINE-NAME","P274151","2","_lu2_-sza-ma-gan","_lu2_-sza-ma-gan","SRC-103","2026-09-08"
"DRX-0345","MAGAN","REJECT-NOT-TOPONYM","P345516","16'","_{gesz}mesz-ma2-kan-na","_{gesz}mesz-ma2-kan-na ad-[x_ x]","SRC-103","2026-09-08"
"DRX-0346","MAGAN","REJECT-NOT-TOPONYM","P345515","32","_{gesz}mesz-ma2-kan-na_","_{gesz}mesz-ma2-kan-na_","SRC-103","2026-09-08"
"DRX-0347","MAGAN","REJECT-NOT-TOPONYM","P450505","14","_{gesz}mesz-ma2]-kan-na_","[... _{gesz}mesz-ma2]-kan-na_","SRC-103","2026-09-08"
"DRX-0348","MAGAN","REJECT-NOT-TOPONYM","P247798","17","ama#-gan","ama#-gan","SRC-103","2026-09-08"
"DRX-0349","MAGAN","REJECT-NOT-TOPONYM","P283756","5'","ama#-gan#-[...]","ama#-gan#-[...] nam-dumu#-ne-ne-sze3","SRC-103","2026-09-08"
"DRX-0350","MAGAN","REJECT-NOT-TOPONYM","P225936","3'","ama#-gan#{+ga#}","munus ama#-gan#{+ga#}","SRC-103","2026-09-08"
"DRX-0351","MAGAN","REJECT-NOT-TOPONYM","P123569","3","ama-[gan]","1(u) [...] 3(disz) szah2 ama-[gan]","SRC-103","2026-09-08"
"DRX-0352","MAGAN","REJECT-NOT-TOPONYM","P228063","27'","ama-[gan]","ama-[gan]","SRC-103","2026-09-08"
"DRX-0353","MAGAN","REJECT-NOT-TOPONYM","P216139","1","ama-gan","3(u@c) 2(asz@c) eme3 ama-gan","SRC-103","2026-09-08"
"DRX-0354","MAGAN","REJECT-NOT-TOPONYM","P228066","18","ama-gan","ama-gan","SRC-103","2026-09-08"
"DRX-0355","MAGAN","REJECT-NOT-TOPONYM","P228841","13","ama-gan","ama-gan","SRC-103","2026-09-08"
"DRX-0356","MAGAN","REJECT-NOT-TOPONYM","P235796","39","ama-gan","szah2 ama-gan","SRC-103","2026-09-08"
"DRX-0357","MAGAN","REJECT-NOT-TOPONYM","P405569","11'","ama-gan","ama-gan inim dumu-ra bi2-in-du11-ga dumu-ra ba-an-da#-[DU]","SRC-103","2026-09-08"
"DRX-0358","MAGAN","REJECT-NOT-TOPONYM","P453580","1","ama-gan","1(u) 3(disz) szah2 ama-gan","SRC-103","2026-09-08"
"DRX-0359","MAGAN","REJECT-NOT-TOPONYM","P453750","11","ama-gan","2(u) szah2 ama-gan","SRC-103","2026-09-08"
"DRX-0360","MAGAN","REJECT-NOT-TOPONYM","P453750","17","ama-gan","2(u) szah2 ama-gan","SRC-103","2026-09-08"
"DRX-0361","MAGAN","REJECT-NOT-TOPONYM","P453750","4","ama-gan","3(disz) ad3 szah2 ama-gan","SRC-103","2026-09-08"
"DRX-0362","MAGAN","REJECT-NOT-TOPONYM","P453835","5","ama-gan","1(u) 2(disz) szah2 ama-gan","SRC-103","2026-09-08"
"DRX-0363","MAGAN","REJECT-NOT-TOPONYM","P454111","1","ama-gan","5(disz) szah2 ama-gan iri","SRC-103","2026-09-08"
"DRX-0364","MAGAN","REJECT-NOT-TOPONYM","P248592","8","ama-gan","2(disz) eme3-mah2 ama-gan","SRC-103","2026-09-08"
"DRX-0365","MAGAN","REJECT-NOT-TOPONYM","P478976","79","ama-gan","szah2 ama-gan gu2 i7-da-ka nig2-silag-ga2 kar-kar-re","SRC-103","2026-09-08"
"DRX-0366","MAGAN","REJECT-NOT-TOPONYM","P499147","194","ama-gan","munus ama-gan","SRC-103","2026-09-08"
"DRX-0367","MAGAN","REJECT-NOT-TOPONYM","P499328","1","ama-gan","2(u) la2 1(disz@t)? szah2 ama-gan","SRC-103","2026-09-08"
"DRX-0368","MAGAN","REJECT-NOT-TOPONYM","P252797","2","ama-gan","sipa ama-gan","SRC-103","2026-09-08"
"DRX-0369","MAGAN","REJECT-NOT-TOPONYM","P206504","3'","ama-gan","nig2-ka9 ansze ama-gan e2-gal","SRC-103","2026-09-08"
"DRX-0370","MAGAN","REJECT-NOT-TOPONYM","P206513","2","ama-gan","8(disz) ansze ama-gan","SRC-103","2026-09-08"
"DRX-0371","MAGAN","REJECT-NOT-TOPONYM","P203598","6","ama-gan","ur-{d}ig-alim sipa ama-gan","SRC-103","2026-09-08"
"DRX-0372","MAGAN","REJECT-NOT-TOPONYM","P227858","11'","ama-gan#","ama-gan#","SRC-103","2026-09-08"
"DRX-0373","MAGAN","REJECT-NOT-TOPONYM","P203840","18'","ama-gan-[(x)]-ke4-ne-ta","ki sipa ama-gan-[(x)]-ke4-ne-ta","SRC-103","2026-09-08"
"DRX-0374","MAGAN","REJECT-NOT-TOPONYM","P225937","5'","ama-gan-[...]","ama-gan-[...]","SRC-103","2026-09-08"
"DRX-0375","MAGAN","REJECT-NOT-TOPONYM","P389025","7","ama-gan-da","[ki] sipa ansze ama-gan-da tusz-[a?]-ta#","SRC-103","2026-09-08"
"DRX-0376","MAGAN","REJECT-NOT-TOPONYM","P468903","230","ama-gan-e","ama-gan-e nam dumu-ne-ne-sze3","SRC-103","2026-09-08"
"DRX-0377","MAGAN","REJECT-NOT-TOPONYM","P320066","2","ama-gan-na#","ansze ama-gan-na# gub-ba","SRC-103","2026-09-08"
"DRX-0378","MAGAN","REJECT-NOT-TOPONYM","P453750","18","ama-gan-sze3","2(u) 1(disz) szah2 sikil sag szah2 ama-gan-sze3","SRC-103","2026-09-08"
"DRX-0379","MAGAN","REJECT-NOT-TOPONYM","P248592","1","ama-gan-sze3","[n] eme3#-mah2 ama-gan-sze3","SRC-103","2026-09-08"
"DRX-0380","MAGAN","REJECT-NOT-TOPONYM","P248592","8","ama-gan-sze3","3(disz)# eme3-mah2 ama-gan-sze3","SRC-103","2026-09-08"
"DRX-0381","MAGAN","REJECT-NOT-TOPONYM","P248592","9","ama-gan-sze3","3(disz) eme3 mu ama-gan-sze3","SRC-103","2026-09-08"
"DRX-0382","MAGAN","REJECT-NOT-TOPONYM","P203957","2","ama-gan{ki}-e","szesz-kal-la ugula ama-gan{ki}-e","SRC-103","2026-09-08"
"DRX-0383","MAGAN","REJECT-NOT-TOPONYM","P137689","4'","e2-duru5-lu2-ma2-gan{ki}","a-sza3 e2-duru5-lu2-ma2-gan{ki}","SRC-103","2026-09-08"
"DRX-0384","MAGAN","REJECT-NOT-TOPONYM","P227911","2'","gu-za-ma2-gan#-[...]","gesz# gu-za-ma2-gan#-[...]","SRC-103","2026-09-08"
"DRX-0385","MAGAN","REJECT-DIVINE-NAME","P225860","1","i-ku#-{d}sza-ma#-gan#","i-ku#-{d}sza-ma#-gan#","SRC-103","2026-09-08"
"DRX-0386","MAGAN","REJECT-DIVINE-NAME","P225858","1","i-ku-{d}sza-ma-gan","i-ku-{d}sza-ma-gan","SRC-103","2026-09-08"
"DRX-0387","MAGAN","REJECT-DIVINE-NAME","P225859","1","i-ku-{d}sza-ma-gan","i-ku-{d}sza-ma-gan","SRC-103","2026-09-08"
"DRX-0388","MAGAN","REJECT-DIVINE-NAME","P431173","1","i-ku-{d}sza-ma-gan","i-ku-{d}sza-ma-gan","SRC-103","2026-09-08"
"DRX-0389","MAGAN","REJECT-DIVINE-NAME","P431174","1","i-ku-{d}sza-ma-gan","i-ku-{d}sza-ma-gan","SRC-103","2026-09-08"
"DRX-0390","MAGAN","REJECT-DIVINE-NAME","P431175","1","i-ku-{d}sza-ma-gan","i-ku-{d}sza-ma-gan","SRC-103","2026-09-08"
"DRX-0391","MAGAN","REJECT-DIVINE-NAME","P240832","2","ir-mi-{d}sza-ma-gan","ir-mi-{d}sza-ma-gan","SRC-103","2026-09-08"
"DRX-0392","MAGAN","REJECT-DIVINE-NAME","P246948","6","kum-{d}sza-ma-gan","kum-{d}sza-ma-gan","SRC-103","2026-09-08"
"DRX-0393","MAGAN","REJECT-DIVINE-NAME","P227180","7","lu2-sza-ma-gan","lu2-sza-ma-gan 1(barig@c)","SRC-103","2026-09-08"
"DRX-0394","MAGAN","REJECT-DIVINE-NAME","P227183","5","lu2-sza-ma-gan","kusz lu2-sza-ma-gan [x] 4(asz@c)#?","SRC-103","2026-09-08"
"DRX-0395","MAGAN","REJECT-NOT-TOPONYM","P221565","11","lugal-ma2#-gan{ki}","[n] 1(esze3) lugal-ma2#-gan{ki}","SRC-103","2026-09-08"
"DRX-0396","MAGAN","REJECT-NOT-TOPONYM","P101040","22","lugal-ma2-gan-x","lugal-ma2-gan-x","SRC-103","2026-09-08"
"DRX-0397","MAGAN","REJECT-NOT-TOPONYM","P136619","2","lugal-ma2-gan{ki}","lugal-ma2-gan{ki}","SRC-103","2026-09-08"
"DRX-0398","MAGAN","REJECT-DIVINE-NAME","P251644","4","me-{d}sza-ma-gan","4(asz@c) me-{d}sza-ma-gan","SRC-103","2026-09-08"
"DRX-0399","MAGAN","REJECT-DIVINE-NAME","P246953","23","puzur4-{d}sza-ma-gan","puzur4-{d}sza-ma-gan","SRC-103","2026-09-08"
"DRX-0400","MAGAN","REJECT-NOT-TOPONYM","P212077","3","szah2-ama-gan-gesz-gi-bi","szah2-ama-gan-gesz-gi-bi 1(disz)-am3","SRC-103","2026-09-08"
"DRX-0401","MAGAN","REJECT-NOT-TOPONYM","P227886","36","szir3-ama-gan#","szir3-ama-gan#","SRC-103","2026-09-08"
"DRX-0402","MAGAN","REJECT-NOT-TOPONYM","P453783","1","{d}isz-ma2-gan2","nig2-gur11 {d}isz-ma2-gan2","SRC-103","2026-09-08"
"DRX-0403","MAGAN","REJECT-NOT-TOPONYM","P453663","5","{d}isz-ma2-gan2?","1(disz) tug2 guz-za du {d}isz-ma2-gan2?","SRC-103","2026-09-08"
"DRX-0404","MAGAN","REJECT-DIVINE-NAME","P274186","3","{d}sza#-ma-gan#","_iti-sar_ {d}sza#-ma-gan#","SRC-103","2026-09-08"
"DRX-0405","MAGAN","REJECT-DIVINE-NAME","P252835","4","{d}sza-ma#-gan#","3(barig@c) {d}sza-ma#-gan#","SRC-103","2026-09-08"
"DRX-0406","MAGAN","REJECT-DIVINE-NAME","P227263","1","{d}sza-ma-gan","u4-sar {d}sza-ma-gan","SRC-103","2026-09-08"
"DRX-0407","MAGAN","REJECT-DIVINE-NAME","P227290","2","{d}sza-ma-gan","iti-sar {d}sza-ma-gan","SRC-103","2026-09-08"
"DRX-0408","MAGAN","REJECT-DIVINE-NAME","P240582","7","{d}sza-ma-gan","{d}sza-ma-gan","SRC-103","2026-09-08"
"DRX-0409","MAGAN","REJECT-DIVINE-NAME","P240688","11","{d}sza-ma-gan","{d}sza-ma-gan","SRC-103","2026-09-08"
"DRX-0410","MAGAN","REJECT-DIVINE-NAME","P242280","1'","{d}sza-ma-gan","{d}sza-ma-gan","SRC-103","2026-09-08"
"DRX-0411","MAGAN","REJECT-DIVINE-NAME","P242437","1'","{d}sza-ma-gan","{d}sza-ma-gan","SRC-103","2026-09-08"
"DRX-0412","MAGAN","REJECT-DIVINE-NAME","P382306","1","{d}sza-ma-gan","e2 {d}sza-ma-gan","SRC-103","2026-09-08"
"DRX-0413","MAGAN","REJECT-DIVINE-NAME","P251644","1","{d}sza-ma-gan","4(u@c) {d}sza-ma-gan 2(asz@c)","SRC-103","2026-09-08"
"DRX-0414","MAGAN","REJECT-DIVINE-NAME","P227280","3","{d}sza-ma-gan2","isz {d}sza-ma-gan2","SRC-103","2026-09-08"
"DRX-0415","MAGAN","REJECT-DIVINE-NAME","P325050","3","{d}sza-ma-ganx(GAN@s)","ki {d}sza-ma-ganx(GAN@s)","SRC-103","2026-09-08"
"DRX-0416","MAGAN","REJECT-NOT-TOPONYM","P227212","1","{d}sza:ma-gan","{d}sza:ma-gan","SRC-103","2026-09-08"
"DRX-0417","MAGAN","REJECT-NOT-TOPONYM","P491330","7'","{gesz}mesz-ma2-kan-na_","_{gesz}na2 {gesz}mesz-ma2-kan-na_ is,-s,i [x]-re-e#","SRC-103","2026-09-08"
