"hypothesis_id","exact_claim","attested_or_hypothetical","chronological_fit","geographical_fit","contact_mechanism","positive_evidence","contrary_evidence","independent_support","source_dependencies","current_specialist_standing","diagnostic_predictions","falsifier","eligible_for_extended_analysis","proportional_space","status","reason"
"HYP-E-000","NULL EXPLANATION. The non-Indo-European-looking vocabulary of the Rigveda is accounted for by Indo-Aryan-internal processes - inherited but thinly attested roots, expressive and onomatopoeic formation, popular derivation, ordinary lexical replacement - with no substrate donor required.","mechanisms all independently attested within Indo-Aryan","PASS. Requires no dating beyond the corpus itself.","PASS. Requires no donor location.","PASS - none needed, which is the point.","PARTIAL. 29 of Turner's 224 Dravidian arrows name no authority (DE-M-029); 101 CDIAL entries are declared of unknown or obscure origin with no donor named (DE-M-018). Both mark space the null could occupy; neither is positive support for it.","The Popular-stratum clustering of loan candidates (DE-M-012) is not something the null predicts.","None retrieved.","SRC-065; SRC-059. Shares CDIAL with every rival, so it is not independent of them.","NOT ESTABLISHABLE HERE (DE-I-009).","Loan candidates should show ordinary Indo-Aryan derivational morphology; should NOT cluster in one metrical stratum; the residue should not be semantically coherent.","A large, semantically coherent, stratum-clustered residue with systematic non-Indo-Aryan phonotactics.","YES","Full. Carried through every comparison as the standing alternative.","PROVISIONAL","Step 1 requires the null to be named. This programme's recorded failure was reaching for donors, so the null is entered first and made to compete - not favoured, and not appended."
"HYP-E-001","A Dravidian language was spoken in or adjacent to the northwest during the period of Rigvedic composition and lent vocabulary into Old Indo-Aryan.","ATTESTED family; the northwestern presence at that date is hypothetical","CANNOT BE RUN AT VERIFIED LEVEL. No absolute date is establishable from anything retrieved (DE-M-027). Relative chronology only, on Arnold's strata, single-sourced (DEP-001).","PASS, carried by one language. Nearest attested Dravidian lect to the northwest is Brahui at 393 km; without Brahui it is Kolami at 1,055 km (DE-M-023, DE-M-025).","PASS. Lexical borrowing under contact; Turner records the direction explicitly in 224 entries (DE-M-002).","224 CDIAL loan attributions, 15 with a Rigvedic simplex, 15 distinct lemmas, 21 tokens, 0.013% of the corpus (DE-M-009 to DE-M-011). Donor base: 76,303 DEDR reflex rows under 5,619 entries, 1,286 Proto-Dravidian starred forms, a 20-variety cognate-coded sample (DE-M-013, DE-M-014, DE-M-017).","The Rigvedic signal is small (DE-I-003). The geographic position depends on a single language whose own history is unsettled (DE-I-008). 29 of Turner's arrows cite no authority (DE-M-029).","NONE that qualifies. DEDR and CDIAL are not independent of each other (DEP-011); DravLex is basic vocabulary and corroborates no individual etymology.","SRC-065; SRC-061; SRC-062; SRC-067; SRC-060; SRC-059. DEP-010, DEP-011, DEP-013, DEP-015.","NOT ESTABLISHABLE HERE (DE-I-009). Newest reachable opinion is Turner 1966.","Loans concentrate in later strata; show recipient-language adaptation; cluster in identifiable semantic domains; Brahui behaves as a relict.","The stratum clustering dissolving on a larger candidate set; the loan etymologies being individually withdrawn in favour of Indo-Aryan-internal derivations; Brahui shown to be a late arrival with no northwestern Dravidian layer behind it.","YES","Full analysis.","PROVISIONAL","Passes on mechanism, geography and positive evidence. Does not pass on chronology at this record's standard, and the geographic pass is single-language. Both limits travel with the hypothesis rather than being dropped at the gate."
"HYP-E-002","A Munda language proper was spoken in the northwest during Rigvedic composition and lent vocabulary into Old Indo-Aryan.","ATTESTED family; the northwestern presence is hypothetical and unevidenced","CANNOT BE RUN AT VERIFIED LEVEL. IH-119 is INHERITED-UNVERIFIED and is not used.","ADVERSE. No attested Munda lect falls inside the northwestern envelope; nearest is Korku at 855 km (DE-M-022, DE-M-024). §4.P forbids reading modern distribution as prehistoric, so this weakens without closing.","PASS in principle; requires a presence the geography does not evidence.","55 CDIAL loan attributions, 5 with a Rigvedic simplex (DE-M-003, DE-M-009). Donor base: 1,096 attested reflexes across 12 languages, 127 reconstructed Proto-Munda etyma (DE-M-015).","The geography. And 85% of the 55 attributions cite Kuiper or PMWS, so they approximate one authority (DE-M-028).","NONE. See DEP-012.","SRC-065; SRC-063; SRC-064; SRC-060. DEP-012, DEP-014.","NOT ESTABLISHABLE HERE (DE-I-009).","Loans show Munda phonological shape and Munda-specific semantics; some Munda presence west of Korku is recoverable.","Evidence of Munda-family speech west of Korku at any period - a toponym layer, an inscription, a secure Munda etymology in a northwestern language - would revive it.","NO","Concise exclusion plus a historiographical note. Not an equal section.","PROVISIONAL","Fails on geography. The failure is scoped exactly as §4.E scopes it: it materially weakens a Munda-affiliated substrate explanation and does NOT transfer to HYP-E-003 or any other unattested prefixing language."
"HYP-E-003","Witzel's Para-Munda: an unattested prefixing language, related to but not identical with Munda, was the substrate donor in the early Rigvedic northwest.","HYPOTHETICAL. Unattested by construction.","CANNOT GATE. Proposal unretrieved (HOLD-005, SRC-068).","CANNOT GATE. No attested distribution exists by construction; the distribution Witzel proposes cannot be checked without the source.","CANNOT GATE.","NOT MEASURABLE HERE. EM-20 reads zero, and zero means zero retrieved (DE-M-019).","NONE ESTABLISHED HERE. The Munda-proper geography failure does not transfer to it.","Unknown.","SRC-068. Entirely blocked.","NOT ESTABLISHABLE HERE. IH-231 records that even the claim that Witzel now keeps the question open is second-hand, via Mukhopadhyay 2021.","Prefix segmentation in Rigvedic vocabulary. The test needs Witzel's word lists and segmentation criteria, both unretrieved.","A demonstration that the prefixed forms admit Indo-Aryan-internal or Dravidian analysis; or a positive identification of the donor.","NO - FOR LACK OF SOURCES, NOT FOR LACK OF MERIT","Historiographical note only, with non-retrieval named as the reason for the note.","HOLD","The row most at risk of the original error running backwards. Giving Para-Munda parity with Dravidian was the recorded failure (IH-033); treating our inability to retrieve Witzel as evidence against him would be the mirror of it, and is refused. Under §6 this absence types as NOT ACCESSIBLE, the weakest kind of silence. The prefixing observation the proposal addresses is a real observation needing some explanation (IH-036)."
"HYP-E-004","The weaker fallback: an unknown prefixing language of the Kubha-Vipas region, not identified with Munda or with Para-Munda, was the donor.","HYPOTHETICAL, and weaker than HYP-E-003 - it asserts less.","CANNOT GATE. Unretrieved.","CANNOT GATE. The region is named in the proposal; the evidence for a language there is in the unretrieved source.","CANNOT GATE.","NOT MEASURABLE HERE. EM-21 reads zero (DE-M-019).","NONE ESTABLISHED HERE.","Unknown.","SRC-068.","NOT ESTABLISHABLE HERE.","Same prefix-segmentation diagnostic, with the donor's identity left open.","As HYP-E-003.","NO - FOR LACK OF SOURCES","Historiographical note only.","HOLD","Kept distinct from HYP-E-003 deliberately. Collapsing them would let the stronger claim borrow the weaker one's lower evidential burden, which is one of the substitutions §4.E exists to forbid."
"HYP-E-005","Masica's Language X: an unidentified donor, neither Indo-Aryan nor Dravidian nor Munda, behind part of the north Indian agricultural vocabulary.","HYPOTHETICAL, and a residue rather than a donor with content.","CANNOT GATE. Masica 1979 unretrieved.","CANNOT GATE. Scope constraint inherited: IH-160 records that transplanting Language X to South India, Sri Lanka or the Ganges was REJECTED; it is Indus/northwest-specific.","CANNOT GATE.","NOT MEASURABLE HERE. EM-22 reads zero (DE-M-019). Turner's own 101 entries of declared unknown origin (DE-M-018) are a different residue in a different corpus and are NOT used as a proxy.","NONE ESTABLISHED HERE.","Unknown.","SRC-068.","NOT ESTABLISHABLE HERE.","A residue resisting both Dravidian and Munda etymology, semantically coherent (agriculture) and geographically bounded (northwest).","The residue being progressively absorbed by Dravidian or Indo-Aryan-internal etymologies as those improve.","NO","Historiographical note only.","HOLD","Even fully retrieved, Language X could not compete with HYP-E-001 as an explanation. §6: 'unknown' is residual, never a positive rival. It would mark the size of what the others fail to explain, which is a useful quantity and a different one."
"HYP-E-006","Brahui is a relict of an earlier and wider Dravidian distribution in the northwest.","ATTESTED language; the relict history is hypothetical","CANNOT GATE HERE. Requires Elfenbein and the Brahui literature; IH-236 already records that source as named but never read.","CONSISTENT WITH MEASUREMENT. Brahui sits 393 km from the nearest northwestern lect and 8.6 degrees of longitude west of the next Dravidian language (DE-M-023, DE-M-025). The measurement shows isolation, not how it arose.","PASS. Survival of a language island around which the surrounding population shifted is an ordinary, widely observed process.","The isolation itself; DEDR's inclusion of Brahui as Dravidian (DE-M-013).","Not assessed here - it is in the unretrieved literature.","None retrieved.","SRC-060; SRC-061. DEP-015.","NOT ESTABLISHABLE HERE.","Archaic retentions shared with Dravidian generally rather than with any one modern branch; no trace of a recent transit corridor.","Shared innovations tying Brahui specifically to a modern central or eastern Dravidian branch; a recoverable migration route.","YES, when the Brahui literature is retrievable","Held open beside HYP-E-007; neither presented as the other's correction.","HOLD","IH-031 records that the burden was previously inverted on this question. This row does not assert the relict reading; it records that the geography is consistent with it and that the deciding evidence is unretrieved. This is domain M's question, flagged forward rather than pre-empted."
"HYP-E-007","Brahui arrived in Balochistan by a late, roughly medieval migration from central or eastern India.","ATTESTED language; the migration history is hypothetical","CANNOT GATE HERE. Unretrieved (IH-236).","CANNOT GATE. Requires a movement of roughly 1,000-1,500 km; the measurement here establishes the endpoint gap (DE-M-025), not whether or when it was crossed.","PASS in principle. Migration is an ordinary mechanism.","NOT MEASURABLE HERE.","IH-031 records that late migration requires an undocumented movement leaving no trace, which is the heavier burden of the two.","None retrieved.","SRC-060.","NOT ESTABLISHABLE HERE.","Recoverable traces along a route; shared innovations with a specific modern branch; a loan profile from languages passed through.","Absence of any such trace after adequate search, typed under §6.","NO, pending sources","Held open beside HYP-E-006.","HOLD","IH-156 records that presenting late migration AS the correction was itself rejected. Both Brahui hypotheses are therefore held open together and neither is the default."
"HYP-E-008","The language of the Indus civilisation was Dravidian.","HYPOTHETICAL","OUT OF SCOPE FOR THIS UNIT.","OUT OF SCOPE FOR THIS UNIT.","OUT OF SCOPE FOR THIS UNIT.","NOT MEASURABLE HERE. Nothing retrieved in this session bears on the Indus script or its language.","Not assessed here.","Not assessed here.","-","NOT ESTABLISHABLE HERE.","Would require a decipherment or a positional-statistics argument.","Not stated here.","DEFERRED - domain K and packet R20","None in this unit.","INHERITED-UNVERIFIED","IH-136 and IH-118 carry it and it stays where it is. Listed only so no reader mistakes HYP-E-001's gate pass for support of it: a Dravidian presence in the northwest and a Dravidian Indus language are two claims, and the bridge between them is BR-E-005, which is not crossed."
"HYP-E-009","The language of the Indus civilisation was Para-Munda or a prefixing language.","HYPOTHETICAL","OUT OF SCOPE FOR THIS UNIT.","OUT OF SCOPE FOR THIS UNIT.","OUT OF SCOPE FOR THIS UNIT.","NOT MEASURABLE HERE.","Not assessed here.","Not assessed here.","-","NOT ESTABLISHABLE HERE.","As HYP-E-008.","Not stated here.","DEFERRED - domain K and packet R20","None in this unit.","INHERITED-UNVERIFIED","IH-137 carries it. Deferred alongside HYP-E-008 so the two Indus hypotheses travel together and neither is quietly resolved by this unit's Rigvedic measurements."
"HYP-J-001","The fortified settlements of the Rigveda, named by púr-, durgá-, vr̥trá- and vr̥jána-, are the walled habitations and citadels of the Greater Indus belt across the stages of Harappan urbanisation, and are the nucleus of politically administered territories in the hegemonic conflicts of the Harappan Middle Bronze Age. (R. N. Nandi, 'The City and the Citadel', ch. 4 of An Outline of the Aryan Civilization, Routledge 2017, as its publisher's abstract states it. THE CHAPTER IS NOT READ - SRC-086, SRC-087, HOLD-007, D-046. What is gated is the thesis, not Nandi's argument for it.)","Both sides ATTESTED and neither in doubt: the Rigvedic corpus is attested and pinned (SRC-069), and Harappan walled settlements are excavated. HYPOTHETICAL is the IDENTIFICATION of the one with the other. Under the attestation gradient (§4E) this is the third thing - a named historical proposal - and it is not symmetrical with either body of evidence it joins.","CANNOT BE RUN. The thesis places the Rigvedic fort passages inside Harappan urbanisation, which requires an ABSOLUTE date for the passages. This repository has none: the only chronology in hand is Arnold's relative metrical stratification, single-sourced (DEP-001) and capped at PROVISIONAL where read chronologically (PUR-026). No archaeological source of any kind has been retrieved in this domain. The gate cannot pass or fail this leg, and the honest verdict is that it was not run - NOT that it was passed by default. Note the direction of the risk: the site's own the-forts headline asserts the opposite ('three centuries too late') on no recorded source either, so this repository currently holds an unevidenced chronology on each side.","CANNOT BE RUN. The pinned corpus carries NO geographic content; the §4J proposed-geography field is typed NOT PRODUCED for that reason. info/rv_locations.tsv, flagged as a candidate in 06-BRIEFS/rv01-reconciliation.md, is a citation-format conversion table. Nothing here places a single púr- passage anywhere.","NOT ASSESSED HERE. The thesis needs the Rigvedic composers to be describing Harappan settlements - as occupants, successors, neighbours or observers - and that requires archaeological and chronological evidence this unit has none of. Recorded as unassessed, not as failed.","ONE LEG OF FOUR SURVIVES A LEXICAL CHECK. Of the four terms the abstract names: (1) vr̥jána- SUPPORTS the 'politically administered territory' half - Grassmann glosses it 'Gemeinschaft, Territorium einer Gemeinschaft, Niederlassung', 61 tokens (DJ-010, DJ-012). (2) púr- is a wall, not a settlement: Grassmann 'Wall aus Steinen und Lehm, Verschanzung, Palisade' (DJ-010). (3) durgá- FAILS in this corpus - all 21 tokens are neuter and every one means difficult ground or peril, six of them the same 'as a chariot from a difficult ravine' refrain at RV 1.106.1-6; not one is broken, besieged, entered or held (DJ-011). (4) the vr̥trá- family glosses as resistance/obstruction and the demon Vr̥tra, not as a settlement (DJ-010). Two of the four terms do not denote fortified settlements on the lexicon in hand. Separately, pū́rpati- 'lord of the fort' (RV 1.173.10) is one token of positive evidence for a political office attached to a púr, and it is the strongest single item on this side.","No lemma in the corpus is glossed 'brick' or 'city', against a stated denominator of 91.7% of lemmas and 78.98% of tokens (DJ-008) - so the corpus supplies no positive lexical evidence of the brick architecture that defines Harappan urbanism. Of the ten passages stating a material, eight are of metal, one of stone and one 'raw/unbaked'; seven of the eight metal forts are not an enemy's, and in two the fort IS something else - Agni at RV 7.15.14, the river Sarasvatī at 7.95.1 (PUR4J finding 4). 3.6% of simplex púr- tokens are locative and 67.5% accusative: the commonest thing a púr does is be the direct object of a verb of breaking (DJ-006). CAVEAT THAT CUTS THE OTHER WAY AND IS NOT OPTIONAL: DJ-009 types the brick absence NOT PRODUCED for the historical question - a liturgical corpus was never going to describe construction technique - so it does not show that brick was unknown; and DJ-007's two similes ('like an old man in a fort', 'as a man enters the fort') PRESUPPOSE inhabited forts for their audience, which is evidence FOR habitability drawn from the passages that most look like evidence against.","NONE ESTABLISHED, and the appearance of it must be resisted. Every lexical result above rests on Grassmann's dictionary, and per DEP-005 the lemmatisation and the gloss are one source, not two. Griffith, Geldner and Grassmann are three translators in one nineteenth-century German philological line (RA-015, DEP-021). Sāyaṇa is not in the pinned corpus and was not retrieved. There is no non-European scholarly source anywhere in this unit, and no archaeological source at all - which means the gate has heard the case for the identification only as its opponent's lexicon states it.","DEP-005 (lemma and gloss are one source); DEP-001 (strata single-sourced); DEP-021 (the four terms are Nandi's via a search index, the glosses are Grassmann's - different sources, one each); RA-015 (the whole unit sits in one German philological line).","NOT ESTABLISHED. Step 11 could not be run: the chapter is unread, its citation record is unreachable (api.crossref.org and api.openalex.org both EGRESS_BLOCKED, SRC-087), and no reception literature was retrieved. SRC-088 records that a stronger form of the same thesis is in circulation - dating the Samhitas FROM the fort passages to 3300-2600 BCE - so the position is not a single author's, but how either stands with specialists is unknown here and is not guessed.","Fixed before the corpus was searched. (P1) If púr- denotes Harappan-style architecture, a brick word should occur somewhere in the corpus - FAILS, but weakly, because DJ-009 types the absence NOT PRODUCED. (P2) A term for 'city' should exist - FAILS, same qualification. (P3) The four named terms should each denote a fortified settlement - FAILS in two of four (DJ-011, DJ-010). (P4) púr- should appear in the locative with human occupants - FAILS as a statement of fact, but the two similes presuppose it, so this prediction is INCONCLUSIVE rather than failed (DJ-007). (P5) A political office attached to a púr should be nameable - PASSES, on one token, pū́rpati- at RV 1.173.10. (P6) Counts should be stable per site or per opponent if they enumerate real strongholds - FAILS: Śambara alone carries 90, 99, 100 and 'hundreds' (PUR4J finding 2), and the ninety-nine expression counts rivers, arms, horses, coils and oblations in twelve stanzas outside the corpus (DJ-003, DJ-004).","The gate verdict is overturned by obtaining the chapter and finding the argument does not rest on the four-term list its abstract names, or rests on evidence classes this unit never examined - archaeological stratigraphy, site plans, comparative Bronze Age fortification. It is overturned in the other direction by an archaeological or absolute-chronology source placing any púr- passage in a Harappan settlement. It is SHARPENED, not overturned, by a non-European or pre-modern commentary (Sāyaṇa) reading durgá- or vr̥trá- as a fortification in these passages, which would move DJ-010 and DJ-011 off a single German lexicon.","NOT-ELIGIBLE-SOURCE-BLOCKED","A historiographical note, not a section, and not an equal section beside the corpus findings. Step 7 says a hypothesis failing the gate gets a concise exclusion or a historiographical note; this one fails no leg outright on evidence, and fails two legs for want of any evidence at all, which is a different thing and is why the verdict carries SOURCE-BLOCKED rather than NOT-ELIGIBLE. It may be NAMED wherever domain J's public copy discusses what a púr- was, because §4J's prohibition is written against it and a reader meeting the prohibition is owed the position it prohibits. It may NOT be argued for or against at length from this evidence base.","NOT-ELIGIBLE-SOURCE-BLOCKED","Two of the five gate legs - chronology and geography - CANNOT BE RUN from anything retrieved in this repository, and they are the two the thesis most depends on. The legs that could be run cut both ways and are recorded doing so: the four-term list loses two of four terms on the lexicon in hand, and the counts behave formulaically rather than enumeratively; but the brick and city absences are typed NOT PRODUCED and cannot carry the weight an argument against would want, and two passages presuppose the inhabited fort the corpus never asserts. This is therefore NOT a finding that Nandi is wrong, and it must not be reported as one. It is a finding that this repository cannot adjudicate the thesis and can say precisely why: it holds no archaeological source, no absolute chronology, no geography, and one nineteenth-century German lexicon standing behind every lexical result. The chapter itself is paywalled and blocked on both channels - D-046, HOLD-007."
