"passage_id","stanza","book","hymn","stanza_n","n_family_tokens","family_surfaces","family_lemmas","family_padas","family_morphology","n_padas","arnold_metre_labels","arnold_stratum_code","arnold_stratum","stratum_certainty","addressee","poet_group","stanza_properties_flags","samhita_text","padapatha","translations_present","translations_absent","source_id","retrieval_date","supports_page","notes"
"PUR-P-001","01.011.04","1","11","4","1","purā́m","púr-","a","a1 case=GEN|gender=F|number=PL","4","M M M M","N","Normal","certain","Indra","1. group: hymns of Madhucchandas","(none)","purā́m bhindúr yúvā kavír ámitaujā ajāyata / índro víśvasya kármaṇo dhartā́ vajrī́ puruṣṭutáḥ","purām | bhinduḥ | yuvā | kaviḥ | amita-ojāḥ | ajāyata | indraḥ | viśvasya | kamarṇaḥ | dhartā | vajrī | puru-stutaḥ","elizarenkova geldner grassmann griffith renou","macdonell mueller oldenberg_tr otto","SRC-069; SRC-020; SRC-021; SRC-022; SRC-023; SRC-070; SRC-071; SRC-072; SRC-073; SRC-074; SRC-075; SRC-076; SRC-077","2026-09-07","forts (proposed)","No stanza-level lateness flag from Grassmann, Oldenberg, Arnold 1897, Wuest or Witzel. Absence of a flag is NOT PRODUCED, not a judgement of authenticity."
"PUR-P-002","01.033.13","1","33","13","1","púraḥ","púr-","b","b4 case=ACC|gender=F|number=PL","4","M M M M","n","Normal","metrical-variations-only","Indra","2. group: hymns of Medhatithi","(none)","abhí sidhmó ajigād asya śátrūn ví tigména vr̥ṣabhéṇā púro 'bhet / sáṁ vájreṇāsr̥jad vr̥trám índraḥ prá svā́m matím atirac chā́śadānaḥ","abhi | sidhmaḥ | ajigāt | asya | śatrūn | vi | tigmena | vr̥ṣabheṇa | puraḥ | abhet | sam | vajreṇa | asr̥jat | vr̥tram | indraḥ | pra | svām | matim | atirat | śāśadānaḥ","elizarenkova geldner grassmann griffith renou","macdonell mueller oldenberg_tr otto","SRC-069; SRC-020; SRC-021; SRC-022; SRC-023; SRC-070; SRC-071; SRC-072; SRC-073; SRC-074; SRC-075; SRC-076; SRC-077","2026-09-07","forts (proposed)","Arnold assigns this stanza's period on metrical variations alone (lowercase code); lower confidence than the uppercase assignments. No stanza-level lateness flag from Grassmann, Oldenberg, Arnold 1897, Wuest or Witzel. Absence of a flag is NOT PRODUCED, not a judgement of authenticity."
"PUR-P-003","01.051.05","1","51","5","1","púraḥ","púr-","c","c6 case=ACC|gender=F|number=PL","4","M M M M","C","Cretic","certain","Indra","7. group: hymns of Savya","(none)","tvám māyā́bhir ápa māyíno 'dhamaḥ svadhā́bhir yé ádhi śúptāv ájuhvata / tvám pípror nr̥maṇaḥ prā́rujaḥ púraḥ prá r̥jíśvānaṁ dasyuhátyeṣv āvitha","tvam | māyābhiḥ | apa | māyinaḥ | adhamaḥ | svadhābhiḥ | ye | adhi | śuptau | ajuhvata | tvam | piproḥ | nr̥-manaḥ | pra | arujaḥ | puraḥ | pra | r̥jiścānam | dasyu-hatyeṣu | āvitha","elizarenkova geldner grassmann griffith renou","macdonell mueller oldenberg_tr otto","SRC-069; SRC-020; SRC-021; SRC-022; SRC-023; SRC-070; SRC-071; SRC-072; SRC-073; SRC-074; SRC-075; SRC-076; SRC-077","2026-09-07","forts (proposed)","No stanza-level lateness flag from Grassmann, Oldenberg, Arnold 1897, Wuest or Witzel. Absence of a flag is NOT PRODUCED, not a judgement of authenticity."
"PUR-P-004","01.051.11","1","51","11","1","púraḥ","púr-","d","d5 case=ACC|gender=F|number=PL","4","M M M M","C","Cretic","certain","Indra","7. group: hymns of Savya","(none)","mándiṣṭa yád uśáne kāvyé sácām̐ índro vaṅkū́ vaṅkutárā́dhi tiṣṭhati / ugró yayíṁ nír apáḥ srótasāsr̥jad ví śúṣṇasya dr̥ṁhitā́ airayat púraḥ","mandiṣṭa | yat | uśane | kāvye | sacā | indraḥ | vaṅkūiti | vaṅku-tarā | adhi | tiṣṭhat i | ugraḥ | yayim | niḥ | apaḥ | srotasā | asr̥jat | vi | śuṣṇasya | dr̥ṁhitāḥ | airayat | puraḥ","elizarenkova geldner grassmann griffith renou","macdonell mueller oldenberg_tr otto","SRC-069; SRC-020; SRC-021; SRC-022; SRC-023; SRC-070; SRC-071; SRC-072; SRC-073; SRC-074; SRC-075; SRC-076; SRC-077","2026-09-07","forts (proposed)","No stanza-level lateness flag from Grassmann, Oldenberg, Arnold 1897, Wuest or Witzel. Absence of a flag is NOT PRODUCED, not a judgement of authenticity."
"PUR-P-005","01.053.07","1","53","7","2","purā́ púram","púr- púr-","b b","b1 case=INS|gender=F|number=SG ; b2 case=ACC|gender=F|number=SG","4","M M M M","C","Cretic","certain","Indra","7. group: hymns of Savya","(none)","yudhā́ yúdham úpa ghéd eṣi dhr̥ṣṇuyā́ purā́ púraṁ sám idáṁ haṁsy ójasā / námyā yád indra sákhyā parāváti nibarháyo námuciṁ nā́ma māyínam","yudhā | yudham | upa | gha | it | eṣi | dhr̥śṇu-yā | purā | puram | sam | idam | haṁsi | ojasā | namyā | yat | indra | sakhyā | parāvati | ni-barhayaḥ | namucm | nāma | māyinam","elizarenkova geldner grassmann griffith renou","macdonell mueller oldenberg_tr otto","SRC-069; SRC-020; SRC-021; SRC-022; SRC-023; SRC-070; SRC-071; SRC-072; SRC-073; SRC-074; SRC-075; SRC-076; SRC-077","2026-09-07","forts (proposed)","Carries 2 family tokens; a token-unit count would enter this passage more than once. No stanza-level lateness flag from Grassmann, Oldenberg, Arnold 1897, Wuest or Witzel. Absence of a flag is NOT PRODUCED, not a judgement of authenticity."
"PUR-P-006","01.053.08","1","53","8","1","púraḥ","púr-","c","c5 case=ACC|gender=F|number=PL","4","M M M M","C","Cretic","certain","Indra","7. group: hymns of Savya","(none)","tváṁ kárañjam utá parṇáyaṁ vadhīs téjiṣṭhayātithigvásya vartanī́ / tváṁ śatā́ váṅgr̥dasyābhinat púro 'nānudáḥ páriṣūtā r̥jíśvanā","tvam | karañjam | uta | parṇayam | vadhīḥ | tejiṣṭhayā | atithi-gvasya | vartanī | tvam | śatā | varṅgedasya | abhinat | puraḥ | ananu-daḥ | pari-sūtāḥ | r̥jiśvanā","elizarenkova geldner grassmann griffith renou","macdonell mueller oldenberg_tr otto","SRC-069; SRC-020; SRC-021; SRC-022; SRC-023; SRC-070; SRC-071; SRC-072; SRC-073; SRC-074; SRC-075; SRC-076; SRC-077","2026-09-07","forts (proposed)","No stanza-level lateness flag from Grassmann, Oldenberg, Arnold 1897, Wuest or Witzel. Absence of a flag is NOT PRODUCED, not a judgement of authenticity."
"PUR-P-007","01.054.06","1","54","6","1","púraḥ","púr-","d","d2 case=ACC|gender=F|number=PL","4","M M M M","C","Cretic","certain","Indra","7. group: hymns of Savya","(none)","tvám āvitha náryaṁ turváśaṁ yáduṁ tváṁ turvī́tiṁ vayyàṁ śatakrato / tváṁ rátham étaśaṁ kŕ̥tvye dháne tvám púro navatíṁ dambhayo náva","tvam | āvitha | naryam | turvaśam | yadum | tvam | turvītim | vayyam | śatakrato itiśata-krato | tvam | ratham | etaśam | kr̥tvye | dhane | tvam | puraḥ | navatim | dambhayaḥ | nava","elizarenkova geldner grassmann griffith renou","macdonell mueller oldenberg_tr otto","SRC-069; SRC-020; SRC-021; SRC-022; SRC-023; SRC-070; SRC-071; SRC-072; SRC-073; SRC-074; SRC-075; SRC-076; SRC-077","2026-09-07","forts (proposed)","No stanza-level lateness flag from Grassmann, Oldenberg, Arnold 1897, Wuest or Witzel. Absence of a flag is NOT PRODUCED, not a judgement of authenticity."
"PUR-P-008","01.058.08","1","58","8","1","pūrbhíḥ","púr-","d","d3 case=INS|gender=F|number=PL","4","M M M M","A","Archaic","certain","Agni","8. group: hymns of Nodhas, descendant of Gotama","(none)","áchidrā sūno sahaso no adyá stotŕ̥bhyo mitramahaḥ śárma yacha / ágne gr̥ṇántam áṁhasa uruṣyórjo napāt pūrbhír ā́yasībhiḥ","acchidrā | sūno iti | sahasaḥ | naḥ | adya | stotr̥-bhyaḥ | mitra-mahaḥ | śarma | yaccha | agne | gr̥ṇantam | aṁhasaḥ | uruṣya | ūrjaḥ | napāt | pūḥ-bhiḥ | āyasībhiḥ","elizarenkova geldner grassmann griffith oldenberg_tr renou","macdonell mueller otto","SRC-069; SRC-020; SRC-021; SRC-022; SRC-023; SRC-070; SRC-071; SRC-072; SRC-073; SRC-074; SRC-075; SRC-076; SRC-077","2026-09-07","forts (proposed)","No stanza-level lateness flag from Grassmann, Oldenberg, Arnold 1897, Wuest or Witzel. Absence of a flag is NOT PRODUCED, not a judgement of authenticity."
"PUR-P-009","01.061.05","1","61","5","1","purā́m","púr-","d","d1 case=GEN|gender=F|number=PL","4","MG MG MG MG","A","Archaic","certain","Indra","8. group: hymns of Nodhas, descendant of Gotama","(none)","asmā́ íd u sáptim iva śravasyéndrāyārkáṁ juhvāā̀ sám añje / vīráṁ dānaúkasaṁ vandádhyai purā́ṁ gūrtáśravasaṁ darmā́ṇam","asmai | it | oṁ iti | saptim-iva | śravasyā | indrāya | arkam | juhvā | sam | añje | vīram | dāna-okasam | vandadhyai | purām | gūrta-śravasam | darmāṇam","elizarenkova geldner grassmann griffith renou","macdonell mueller oldenberg_tr otto","SRC-069; SRC-020; SRC-021; SRC-022; SRC-023; SRC-070; SRC-071; SRC-072; SRC-073; SRC-074; SRC-075; SRC-076; SRC-077","2026-09-07","forts (proposed)","No stanza-level lateness flag from Grassmann, Oldenberg, Arnold 1897, Wuest or Witzel. Absence of a flag is NOT PRODUCED, not a judgement of authenticity."
"PUR-P-010","01.063.02","1","63","2","1","púraḥ","púr-","d","d1 case=ACC|gender=F|number=PL","4","M M M M","A","Archaic","certain","Indra","8. group: hymns of Nodhas, descendant of Gotama","(none)","ā́ yád dhárī indra vívratā vér ā́ te vájraṁ jaritā́ bāhvór dhāt / yénāviharyatakrato amítrān púra iṣṇā́si puruhūta pūrvī́ḥ","ā | yat | harī iti | indra | vi-vratā | veḥ | ā | te | vajram | jaritā | bāhvoḥ | dhāt | yena | aviharyatakrato ity aviharyata-krato | amitrān | puraḥ | iṣṇāsi | puru-hūta | pūrvīḥ","elizarenkova geldner grassmann griffith renou","macdonell mueller oldenberg_tr otto","SRC-069; SRC-020; SRC-021; SRC-022; SRC-023; SRC-070; SRC-071; SRC-072; SRC-073; SRC-074; SRC-075; SRC-076; SRC-077","2026-09-07","forts (proposed)","No stanza-level lateness flag from Grassmann, Oldenberg, Arnold 1897, Wuest or Witzel. Absence of a flag is NOT PRODUCED, not a judgement of authenticity."
"PUR-P-011","01.063.07","1","63","7","1","púraḥ","púr-","b","b1 case=ACC|gender=F|number=PL","4","M M M M","A","Archaic","certain","Indra","8. group: hymns of Nodhas, descendant of Gotama","(none)","tváṁ ha tyád indra saptá yúdhyan púro vajrin purukútsāya dardaḥ / barhír ná yát sudā́se vŕ̥thā várg aṁhó rājan várivaḥ pūráve kaḥ","tvam | ha | tyat | indra | sapta | yudhyan | puraḥ | vajrin | puru-kutsāya | dardaḥ | barhiḥ | na | yat | su-dāse | vr̥thā | varka | aṁhoḥ | rājan | varivaḥ | pūrave | kaḥ","elizarenkova geldner grassmann griffith renou","macdonell mueller oldenberg_tr otto","SRC-069; SRC-020; SRC-021; SRC-022; SRC-023; SRC-070; SRC-071; SRC-072; SRC-073; SRC-074; SRC-075; SRC-076; SRC-077","2026-09-07","forts (proposed)","No stanza-level lateness flag from Grassmann, Oldenberg, Arnold 1897, Wuest or Witzel. Absence of a flag is NOT PRODUCED, not a judgement of authenticity."
"PUR-P-012","01.102.07","1","102","7","1","puraṃdara","puraṃdará-","d","d4 case=VOC|gender=M|number=SG","4","M M M M","C","Cretic","certain","Indra","11. group: hymns of Kutsa, the Angiras","(none)","út te śatā́n maghavann úc ca bhū́yasa út sahásrād ririce kr̥ṣṭíṣu śrávaḥ / amātráṁ tvā dhiṣáṇā titviṣe mahy ádhā vr̥trā́ṇi jighnase puraṁdara","ut | te | śatāt | magha-van | ut | cabhūyasaḥ | ut | sahasrāt | ririce | kr̥ṣṭiṣu | śravaḥ | amātram | tvā | dhiṣaṇā | titviṣe | mahī | adha | vr̥trāṇi | jighnase | puram-dara","elizarenkova geldner grassmann griffith renou","macdonell mueller oldenberg_tr otto","SRC-069; SRC-020; SRC-021; SRC-022; SRC-023; SRC-070; SRC-071; SRC-072; SRC-073; SRC-074; SRC-075; SRC-076; SRC-077","2026-09-07","forts (proposed)","No stanza-level lateness flag from Grassmann, Oldenberg, Arnold 1897, Wuest or Witzel. Absence of a flag is NOT PRODUCED, not a judgement of authenticity."
"PUR-P-013","01.103.03","1","103","3","1","púraḥ","púr-","b","b1 case=ACC|gender=F|number=PL","4","M M M M","C","Cretic","certain","Indra","11. group: hymns of Kutsa, the Angiras","(none)","sá jātū́bharmā śraddádhāna ójaḥ púro vibhindánn acarad ví dā́sīḥ / vidvā́n vajrin dásyave hetím asyā́ryaṁ sáho vardhayā dyumnám indra","saḥ | jātū-bharmā | śrat-dadhānaḥ | ojaḥ | puraḥ | vi-bhindan | acarat | vi | dāsīḥ | vi dvān | vajrin | dasyave | hetim | asya | āryam | sahaḥ | vardhaya | dyumnam | indra","elizarenkova geldner grassmann griffith renou","macdonell mueller oldenberg_tr otto","SRC-069; SRC-020; SRC-021; SRC-022; SRC-023; SRC-070; SRC-071; SRC-072; SRC-073; SRC-074; SRC-075; SRC-076; SRC-077","2026-09-07","forts (proposed)","No stanza-level lateness flag from Grassmann, Oldenberg, Arnold 1897, Wuest or Witzel. Absence of a flag is NOT PRODUCED, not a judgement of authenticity."
"PUR-P-014","01.103.08","1","103","8","1","púraḥ","púr-","b","b4 case=ACC|gender=F|number=PL","4","M M MR MR","C","Cretic","certain","Indra","11. group: hymns of Kutsa, the Angiras","(none)","śúṣṇam pípruṁ kúyavaṁ vr̥trám indra yadā́vadhīr ví púraḥ śámbarasya / tán no mitró váruṇo māmahantām áditiḥ síndhuḥ pr̥thivī́ utá dyaúḥ","śuṣṇam | piprum | kuyavam | vr̥tram | indra | yadā | avadhīḥ | vi | puraḥ | śambarasya | tat | naḥ | mitraḥ | varuṇaḥ | mamahantām | aditiḥ | sindhuḥ | pr̥thivī | uta | dyauḥ","elizarenkova geldner grassmann griffith renou","macdonell mueller oldenberg_tr otto","SRC-069; SRC-020; SRC-021; SRC-022; SRC-023; SRC-070; SRC-071; SRC-072; SRC-073; SRC-074; SRC-075; SRC-076; SRC-077","2026-09-07","forts (proposed)","No stanza-level lateness flag from Grassmann, Oldenberg, Arnold 1897, Wuest or Witzel. Absence of a flag is NOT PRODUCED, not a judgement of authenticity."
"PUR-P-015","01.109.08","1","109","8","1","púraṃdarā","puraṃdará-","a","a1 case=VOC|gender=M|number=DU","4","M M MR MR","C","Cretic","certain","Indra and Agni","11. group: hymns of Kutsa, the Angiras","(none)","púraṁdarā śíkṣataṁ vajrahastāsmā́m̐ indrāgnī avatam bháreṣu / tán no mitró váruṇo māmahantām áditiḥ síndhuḥ pr̥thivī́ utá dyaúḥ","puram-darā | śikṣatam | vajra-hastā | asmān | indrāgnī iti | avatam | bhareṣu | tat | naḥ | mitraḥ | varuṇaḥ | mamahantām | aditiḥ | sindhuḥ | pr̥th ivī | uta | dyauḥ","elizarenkova geldner grassmann griffith renou","macdonell mueller oldenberg_tr otto","SRC-069; SRC-020; SRC-021; SRC-022; SRC-023; SRC-070; SRC-071; SRC-072; SRC-073; SRC-074; SRC-075; SRC-076; SRC-077","2026-09-07","forts (proposed)","No stanza-level lateness flag from Grassmann, Oldenberg, Arnold 1897, Wuest or Witzel. Absence of a flag is NOT PRODUCED, not a judgement of authenticity."
"PUR-P-016","01.112.14","1","112","14","1","pūrbhídye","pūrbhídya-","c","c2 case=LOC|gender=N|number=SG","4","M M M MR","C","Cretic","certain","Asvins","11. group: hymns of Kutsa, the Angiras","(none)","yā́bhir mahā́m atithigváṁ kaśojúvaṁ dívodāsaṁ śambarahátya ā́vatam / yā́bhiḥ pūrbhídye trasádasyum ā́vataṁ tā́bhir ū ṣú ūtíbhir aśvinā́ gatam","yābhiḥ | mahām | atithi-gvam | kaśaḥ-juvam | divaḥ-dāsam | śambara-hatye | āvatam | yābhiḥ | pūḥ-bhidye | trasadasyum | āvatam | tābhiḥ | oṁ iti | su | ūti-bhiḥ | aśvinā | ā | gatam","elizarenkova geldner grassmann griffith","macdonell mueller oldenberg_tr otto renou","SRC-069; SRC-020; SRC-021; SRC-022; SRC-023; SRC-070; SRC-071; SRC-072; SRC-073; SRC-074; SRC-075; SRC-076; SRC-077","2026-09-07","forts (proposed)","No stanza-level lateness flag from Grassmann, Oldenberg, Arnold 1897, Wuest or Witzel. Absence of a flag is NOT PRODUCED, not a judgement of authenticity."
"PUR-P-017","01.130.07","1","130","7","1","púraḥ","púr-","a","a2 case=ACC|gender=F|number=PL","7","M M M M M M M","s","Strophic","metrical-variations-only","Indra","13. group: hymns of Parucchepa, son of Divodasa","(none)","bhinát púro navatím indra pūráve dívodāsāya máhi dāśúṣe nr̥to vájreṇa dāśúṣe nr̥to / atithigvā́ya śámbaraṁ girér ugró ávābharat / mahó dhánāni dáyamāna ójasā víśvā dhánāny ójasā","iti | vajreṇa | dāśuṣe | nr̥to iti | atithi-gvāya | śambaram | gireḥ | ugraḥ | ava | abharat | mahaḥ | dhanāni | dayamānaḥ | ojasā | viśvā | dhanāni | ojasā","elizarenkova geldner grassmann griffith renou","macdonell mueller oldenberg_tr otto","SRC-069; SRC-020; SRC-021; SRC-022; SRC-023; SRC-070; SRC-071; SRC-072; SRC-073; SRC-074; SRC-075; SRC-076; SRC-077","2026-09-07","forts (proposed)","Arnold assigns this stanza's period on metrical variations alone (lowercase code); lower confidence than the uppercase assignments. No stanza-level lateness flag from Grassmann, Oldenberg, Arnold 1897, Wuest or Witzel. Absence of a flag is NOT PRODUCED, not a judgement of authenticity."
"PUR-P-018","01.130.10","1","130","10","1","púrām","púr-","b","b1 case=GEN|gender=F|number=PL","4","M M M M","s","Strophic","metrical-variations-only","Indra","13. group: hymns of Parucchepa, son of Divodasa","(none)","sá no návyebhir vr̥ṣakarmann ukthaíḥ púrāṁ dartaḥ pāyúbhiḥ pāhi śagmaíḥ / divodāsébhir indra stávāno vāvr̥dhīthā́ áhobhir iva dyaúḥ","saḥ | naḥ | navyebhiḥ | vr̥ṣa-karman | ukthaiḥ | purām | dartaritidartaḥ | pāyu-bhiḥ | pāhi | śagmaiḥ | divaḥ-dāsebhiḥ | indra | stavānaḥ | vavr̥dhīthāḥ | ahobhiḥ-iva | dyauḥ","elizarenkova geldner grassmann griffith renou","macdonell mueller oldenberg_tr otto","SRC-069; SRC-020; SRC-021; SRC-022; SRC-023; SRC-070; SRC-071; SRC-072; SRC-073; SRC-074; SRC-075; SRC-076; SRC-077","2026-09-07","forts (proposed)","Arnold assigns this stanza's period on metrical variations alone (lowercase code); lower confidence than the uppercase assignments. No stanza-level lateness flag from Grassmann, Oldenberg, Arnold 1897, Wuest or Witzel. Absence of a flag is NOT PRODUCED, not a judgement of authenticity."
"PUR-P-019","01.131.04","1","131","4","1","púraḥ","púr-","b","b1 case=ACC|gender=F|number=PL","7","M M M M M M M","s","Strophic","metrical-variations-only","Indra","13. group: hymns of Parucchepa, son of Divodasa","(none)","vidúṣ ṭe asyá vīryàsya pūrávaḥ púro yád indra śā́radīr avā́tiraḥ sāsahānó avā́tiraḥ / śā́sas tám indra mártyam áyajyuṁ śavasas pate / mahī́m amuṣṇāḥ pr̥thivī́m imā́ apó mandasāná imā́ apáḥ","viduḥ | te | asya | vīryasya | pūravaḥ | puraḥ | yat | indra | śāradīḥ | ava-at iraḥ | sasahānaḥ | ava-atiraḥ | śāsaḥ | tam | indra | martyam | ayajyum | śavasaḥ | pate | mahīm | amuṣṇāḥ | pr̥thivīm | imāḥ | apaḥ | mandasānaḥ | imāḥ | apaḥ","elizarenkova geldner grassmann griffith renou","macdonell mueller oldenberg_tr otto","SRC-069; SRC-020; SRC-021; SRC-022; SRC-023; SRC-070; SRC-071; SRC-072; SRC-073; SRC-074; SRC-075; SRC-076; SRC-077","2026-09-07","forts (proposed)","Arnold assigns this stanza's period on metrical variations alone (lowercase code); lower confidence than the uppercase assignments. No stanza-level lateness flag from Grassmann, Oldenberg, Arnold 1897, Wuest or Witzel. Absence of a flag is NOT PRODUCED, not a judgement of authenticity."
"PUR-P-020","01.149.03","1","149","3","1","púram","púr-","a","a3 case=ACC|gender=F|number=SG","3","M M M","a","Archaic","metrical-variations-only","Agni","14. group: hymns of Dirghatamas, son of Ucathya and Mamata","(none)","ā́ yáḥ púraṁ nā́rmiṇīm ádīded átyaḥ kavír nabhanyò nā́rvā / sū́ro ná rurukvā́ñ chatā́tmā","ā | yaḥ | puram | nārmiṇīm | adīdet | atyaḥ | kaviḥ | nabhanyaḥ | nārvā | sūraḥ | na | rurukvān | śata-ātmā","elizarenkova geldner grassmann griffith oldenberg_tr renou","macdonell mueller otto","SRC-069; SRC-020; SRC-021; SRC-022; SRC-023; SRC-070; SRC-071; SRC-072; SRC-073; SRC-074; SRC-075; SRC-076; SRC-077","2026-09-07","forts (proposed)","Arnold assigns this stanza's period on metrical variations alone (lowercase code); lower confidence than the uppercase assignments. No stanza-level lateness flag from Grassmann, Oldenberg, Arnold 1897, Wuest or Witzel. Absence of a flag is NOT PRODUCED, not a judgement of authenticity."
"PUR-P-021","01.166.08","1","166","8","1","pūrbhíḥ","púr-","b","b1 case=INS|gender=F|number=PL","4","M M M M","s","Strophic","metrical-variations-only","the Maruts","15. group: hymns of Agastya","(none)","śatábhujibhis tám abhíhruter aghā́t pūrbhī́ rakṣatā maruto yám ā́vata / jánaṁ yám ugrās tavaso virapśinaḥ pāthánā śáṁsāt tánayasya puṣṭíṣu","śatabhuji-bhiḥ | tam | abhi-hruteḥ | aghāt | pūḥ-bhiḥ | rakṣata | marutaḥ | yam | āvata | janam | yam | ugrāḥ | tavasaḥ | vi-rapśinaḥ | pāthana | śaṁsāt | tanayasya | puṣṭiṣu","elizarenkova geldner grassmann griffith mueller renou","macdonell oldenberg_tr otto","SRC-069; SRC-020; SRC-021; SRC-022; SRC-023; SRC-070; SRC-071; SRC-072; SRC-073; SRC-074; SRC-075; SRC-076; SRC-077","2026-09-07","forts (proposed)","Arnold assigns this stanza's period on metrical variations alone (lowercase code); lower confidence than the uppercase assignments. No stanza-level lateness flag from Grassmann, Oldenberg, Arnold 1897, Wuest or Witzel. Absence of a flag is NOT PRODUCED, not a judgement of authenticity."
"PUR-P-022","01.173.10","1","173","10","1","pū́rpatim","pū́rpati-","c","c3 case=ACC|gender=M|number=SG","4","M M M M","A","Archaic","certain","Indra","15. group: hymns of Agastya","(none)","víṣpardhaso narā́ṁ ná śáṁsair asmā́kāsad índro vájrahastaḥ / mitrāyúvo ná pū́rpatiṁ súśiṣṭau madhyāyúva úpa śikṣanti yajñaíḥ","vi-spardhasaḥ | narām | na | śaṁsaiḥ | asmāka | asat | indraḥ | vajra-hastaḥ | mitra-yuvaḥ | na | pūḥ-patim | su-śiśṭau | madhya-yuvaḥ | upa | śikṣanti | yajñaiḥ","elizarenkova geldner grassmann griffith renou","macdonell mueller oldenberg_tr otto","SRC-069; SRC-020; SRC-021; SRC-022; SRC-023; SRC-070; SRC-071; SRC-072; SRC-073; SRC-074; SRC-075; SRC-076; SRC-077","2026-09-07","forts (proposed)","No stanza-level lateness flag from Grassmann, Oldenberg, Arnold 1897, Wuest or Witzel. Absence of a flag is NOT PRODUCED, not a judgement of authenticity."
"PUR-P-023","01.174.02","1","174","2","1","púraḥ","púr-","b","b3 case=ACC|gender=F|number=PL","4","M M M M","A","Archaic","certain","Indra","15. group: hymns of Agastya","(none)","dáno víśa indra mr̥dhrávācaḥ saptá yát púraḥ śárma śā́radīr dárt / r̥ṇór apó anavadyā́rṇā yū́ne vr̥trám purukútsāya randhīḥ","danaḥ | viśaḥ | indra | mr̥dhra-vācaḥ | sapta | yat | puraḥ | śarma | śāradīḥ | darta | r̥ṇoḥ | apaḥ | anavadya | arṇāḥ | yūne | vr̥tram | puru-kutsāya | randhīḥ","elizarenkova geldner grassmann griffith renou","macdonell mueller oldenberg_tr otto","SRC-069; SRC-020; SRC-021; SRC-022; SRC-023; SRC-070; SRC-071; SRC-072; SRC-073; SRC-074; SRC-075; SRC-076; SRC-077","2026-09-07","forts (proposed)","No stanza-level lateness flag from Grassmann, Oldenberg, Arnold 1897, Wuest or Witzel. Absence of a flag is NOT PRODUCED, not a judgement of authenticity."
"PUR-P-024","01.174.08","1","174","8","1","púraḥ","púr-","c","c2 case=ACC|gender=F|number=PL","4","M M M M","A","Archaic","certain","Indra","15. group: hymns of Agastya","(none)","sánā tā́ ta indra návyā ā́guḥ sáho nábhó 'viraṇāya pūrvī́ḥ / bhinát púro ná bhído ádevīr nanámo vádhar ádevasya pīyóḥ","sanā | tā | te | indra | navyāḥ | ā | aguḥ | sahaḥ | nabhaḥ | avi-raṇāya | pūrvīḥ | bhinat | puraḥ | na | bhidaḥ | adevīḥ | nanamaḥ | vadhaḥ | adevasya | pīyoḥ","elizarenkova geldner grassmann griffith renou","macdonell mueller oldenberg_tr otto","SRC-069; SRC-020; SRC-021; SRC-022; SRC-023; SRC-070; SRC-071; SRC-072; SRC-073; SRC-074; SRC-075; SRC-076; SRC-077","2026-09-07","forts (proposed)","No stanza-level lateness flag from Grassmann, Oldenberg, Arnold 1897, Wuest or Witzel. Absence of a flag is NOT PRODUCED, not a judgement of authenticity."
"PUR-P-025","01.189.02","1","189","2","1","pū́ḥ","púr-","c","c1 case=NOM|gender=F|number=SG","4","M M M M","s","Strophic","metrical-variations-only","Agni","15. group: hymns of Agastya","(none)","ágne tvám pārayā návyo asmā́n svastíbhir áti durgā́ṇi víśvā / pū́ś ca pr̥thvī́ bahulā́ na urvī́ bhávā tokā́ya tánayāya śáṁ yóḥ","agne | tvam | pāraya | navyaḥ | asmān | svasti-bhiḥ | ati | duḥ-gāṇi | viśvā | pūḥ | ca | pr̥thvī | bahulā | naḥ | urvī | bhava | tokāya | tanayāya | śam | yoḥ","elizarenkova geldner grassmann griffith oldenberg_tr renou","macdonell mueller otto","SRC-069; SRC-020; SRC-021; SRC-022; SRC-023; SRC-070; SRC-071; SRC-072; SRC-073; SRC-074; SRC-075; SRC-076; SRC-077","2026-09-07","forts (proposed)","Arnold assigns this stanza's period on metrical variations alone (lowercase code); lower confidence than the uppercase assignments. No stanza-level lateness flag from Grassmann, Oldenberg, Arnold 1897, Wuest or Witzel. Absence of a flag is NOT PRODUCED, not a judgement of authenticity."
"PUR-P-026","02.014.06","2","14","6","1","púraḥ","púr-","b","b1 case=ACC|gender=F|number=PL","4","M M M M","N","Normal","certain","Indra","2. group: hymns to Indra","(none)","ádhvaryavo yáḥ śatáṁ śámbarasya púro bibhédā́śmaneva pūrvī́ḥ / yó varcínaḥ śatám índraḥ sahásram apā́vapad bháratā sómam asmai","adhvaryavaḥ | yaḥ | śatam | śambarasya | puraḥ | bibheda | aśmanāiva | pūrvīḥ | yaḥ | varcinaḥ | śatam | indraḥ | sahasram | apa-avapat | bharata | somam | asmai","elizarenkova geldner grassmann griffith renou","macdonell mueller oldenberg_tr otto","SRC-069; SRC-020; SRC-021; SRC-022; SRC-023; SRC-070; SRC-071; SRC-072; SRC-073; SRC-074; SRC-075; SRC-076; SRC-077","2026-09-07","forts (proposed)","No stanza-level lateness flag from Grassmann, Oldenberg, Arnold 1897, Wuest or Witzel. Absence of a flag is NOT PRODUCED, not a judgement of authenticity."
"PUR-P-027","02.019.06","2","19","6","1","púraḥ","púr-","d","d2 case=ACC|gender=F|number=PL","4","M M M M","A","Archaic","certain","Indra","2. group: hymns to Indra","(none)","sá randhayat sadívaḥ sā́rathaye śúṣṇam aśúṣaṁ kúyavaṁ kútsāya / dívodāsāya navatíṁ ca návéndraḥ púro vy a .ìrac chámbarasya","saḥ | randhayat | sa-divaḥ | sārathaye | śuṣṇam | aśuṣam | kuyavam | kutsāya | d ivaḥ-dāsāya | navatim | ca | nava | indraḥ | puraḥ | vi | airat | śambarasya","elizarenkova geldner grassmann griffith renou","macdonell mueller oldenberg_tr otto","SRC-069; SRC-020; SRC-021; SRC-022; SRC-023; SRC-070; SRC-071; SRC-072; SRC-073; SRC-074; SRC-075; SRC-076; SRC-077","2026-09-07","forts (proposed)","No stanza-level lateness flag from Grassmann, Oldenberg, Arnold 1897, Wuest or Witzel. Absence of a flag is NOT PRODUCED, not a judgement of authenticity."
"PUR-P-028","02.020.07","2","20","7","1","puraṃdaráḥ","puraṃdará-","b","b1 case=NOM|gender=M|number=SG","4","M M M M","A","Archaic","certain","Indra","2. group: hymns to Indra","(none)","sá vr̥trahéndraḥ kr̥ṣṇáyonīḥ puraṁdaró dā́sīr airayad ví / ájanayan mánave kṣā́m apáś ca satrā́ śáṁsaṁ yájamānasya tūtot","saḥ | vr̥tra-hā | indraḥ | kr̥ṣṇa-yonīḥ | puram-daraḥ | dāsīḥ | airayat | vi | ajanayan | manave | kṣāma-paḥ | ca | satrā | śaṁsam | yajamānasya | tūtot","elizarenkova geldner grassmann griffith renou","macdonell mueller oldenberg_tr otto","SRC-069; SRC-020; SRC-021; SRC-022; SRC-023; SRC-070; SRC-071; SRC-072; SRC-073; SRC-074; SRC-075; SRC-076; SRC-077","2026-09-07","forts (proposed)","No stanza-level lateness flag from Grassmann, Oldenberg, Arnold 1897, Wuest or Witzel. Absence of a flag is NOT PRODUCED, not a judgement of authenticity."
"PUR-P-029","02.020.08","2","20","8","1","púraḥ","púr-","d","d3 case=ACC|gender=F|number=PL","4","M M M M","A","Archaic","certain","Indra","2. group: hymns to Indra","(none)","tásmai tavasyàm ánu dāyi satréndrāya devébhir árṇasātau / práti yád asya vájram bāhvór dhúr hatvī́ dásyūn púra ā́yasīr ní tārīt","tasmai | tavasyam | anu | dāyi | satrā | indrāya | devebhiḥ | arṇa-sātau | prati | yat | asya | vajram | bāhvoḥ | dhuḥ | hatvī | dasyūn | puraḥ | āyasīḥ | ni | tārīt","elizarenkova geldner grassmann griffith renou","macdonell mueller oldenberg_tr otto","SRC-069; SRC-020; SRC-021; SRC-022; SRC-023; SRC-070; SRC-071; SRC-072; SRC-073; SRC-074; SRC-075; SRC-076; SRC-077","2026-09-07","forts (proposed)","No stanza-level lateness flag from Grassmann, Oldenberg, Arnold 1897, Wuest or Witzel. Absence of a flag is NOT PRODUCED, not a judgement of authenticity."
"PUR-P-030","02.035.06","2","35","6","1","pūrṣú","púr-","c","c2 case=LOC|gender=F|number=PL","4","M M M M","N","Normal","certain","Apam Napat","5. group: hymns to various gods","(none)","áśvasyā́tra jánimāsyá ca svàr druhó riṣáḥ sampŕ̥caḥ pāhi sūrī́n / āmā́su pūrṣú paró apramr̥ṣyáṁ nā́rātayo ví naśan nā́nr̥tāni","aśvasya | atra | janima | asya | ca | svaḥ | druhaḥ | riṣaḥ | sam-pr̥caḥ | pāhi  | sūrīn | āmāsu | pūrṣu | paraḥ | apra-mr̥ṣyam | na | arātayaḥ | vi | naśan | na | anr̥tāni","elizarenkova geldner grassmann griffith macdonell renou","mueller oldenberg_tr otto","SRC-069; SRC-020; SRC-021; SRC-022; SRC-023; SRC-070; SRC-071; SRC-072; SRC-073; SRC-074; SRC-075; SRC-076; SRC-077","2026-09-07","forts (proposed)","No stanza-level lateness flag from Grassmann, Oldenberg, Arnold 1897, Wuest or Witzel. Absence of a flag is NOT PRODUCED, not a judgement of authenticity."
"PUR-P-031","03.012.06","3","12","6","1","púraḥ","púr-","a","a3 case=ACC|gender=F|number=PL","3","M M M","s","Strophic","metrical-variations-only","Indra and Agni","1. group: hymns to Agni","(none)","índrāgnī navatím púro dāsápatnīr adhūnutam / sākám ékena kármaṇā","indrāgnī iti | navatim | puraḥ | dāsa-patnīḥ | adhūnutam | sākam | ekena | karmaṇā","elizarenkova geldner grassmann griffith oldenberg_tr renou","macdonell mueller otto","SRC-069; SRC-020; SRC-021; SRC-022; SRC-023; SRC-070; SRC-071; SRC-072; SRC-073; SRC-074; SRC-075; SRC-076; SRC-077","2026-09-07","forts (proposed)","Arnold assigns this stanza's period on metrical variations alone (lowercase code); lower confidence than the uppercase assignments. No stanza-level lateness flag from Grassmann, Oldenberg, Arnold 1897, Wuest or Witzel. Absence of a flag is NOT PRODUCED, not a judgement of authenticity."
"PUR-P-032","03.015.04","3","15","4","1","púraḥ","púr-","b","b1 case=ACC|gender=F|number=PL","4","M M M M","N","Normal","certain","Agni","1. group: hymns to Agni","(none)","áṣāḷho agne vr̥ṣabhó didīhi púro víśvāḥ saúbhagā saṁjigīvā́n / yajñásya netā́ prathamásya pāyór jā́tavedo br̥hatáḥ supraṇīte","aṣāl̥haḥ | agne | vr̥ṣabhaḥ | didīhi | puraḥ | viśvāḥ | saubhagā | sam-jigīvān | yajñasya | netā | prathamasya | pāyoḥ | jāta-vedaḥ | br̥hataḥ | su-pranīte","elizarenkova geldner grassmann griffith oldenberg_tr renou","macdonell mueller otto","SRC-069; SRC-020; SRC-021; SRC-022; SRC-023; SRC-070; SRC-071; SRC-072; SRC-073; SRC-074; SRC-075; SRC-076; SRC-077","2026-09-07","forts (proposed)","No stanza-level lateness flag from Grassmann, Oldenberg, Arnold 1897, Wuest or Witzel. Absence of a flag is NOT PRODUCED, not a judgement of authenticity."
"PUR-P-033","03.034.01","3","34","1","1","pūrbhít","pūrbhíd-","a","a2 case=NOM|gender=M|number=SG","4","M M M M","c","Cretic","metrical-variations-only","Indra","2. group: hymns to Indra","(none)","índraḥ pūrbhíd ā́tirad dā́sam arkaír vidádvasur dáyamāno ví śátrūn / bráhmajūtas tanvāā̀ vāvr̥dhānó bhū́ridātra ā́pr̥ṇad ródasī ubhé","indraḥ | pūḥ-bhit | ā | atirat | dāsam | arkaiḥ | vidat-vasuḥ | dayamānaḥ | vi | śatrūn | brahma-jūtaḥ | tanvā | vavr̥dhānaḥ | bhūri-dātraḥ | ā | apr̥ṇat | rodasī iti | ubhe iti","elizarenkova geldner grassmann griffith renou","macdonell mueller oldenberg_tr otto","SRC-069; SRC-020; SRC-021; SRC-022; SRC-023; SRC-070; SRC-071; SRC-072; SRC-073; SRC-074; SRC-075; SRC-076; SRC-077","2026-09-07","forts (proposed)","Arnold assigns this stanza's period on metrical variations alone (lowercase code); lower confidence than the uppercase assignments. No stanza-level lateness flag from Grassmann, Oldenberg, Arnold 1897, Wuest or Witzel. Absence of a flag is NOT PRODUCED, not a judgement of authenticity."
"PUR-P-034","03.045.02","3","45","2","1","purā́m","púr-","b","b1 case=GEN|gender=F|number=PL","4","M M M M","N","Normal","certain","Indra","2. group: hymns to Indra","(none)","vr̥trakhādó valaṁrujáḥ purā́ṁ darmó apā́m ajáḥ / sthā́tā ráthasya háryor abhisvará índro dr̥ḷhā́ cid ārujáḥ","vr̥tra-khādaḥ | valam-rujaḥ | purām | darmaḥ | apām | ajaḥ | sthātā | rathasya | haryoḥ | abhi-svare | indraḥ | dr̥l̥hā | cit | ārujaḥ","elizarenkova geldner grassmann griffith renou","macdonell mueller oldenberg_tr otto","SRC-069; SRC-020; SRC-021; SRC-022; SRC-023; SRC-070; SRC-071; SRC-072; SRC-073; SRC-074; SRC-075; SRC-076; SRC-077","2026-09-07","forts (proposed)","No stanza-level lateness flag from Grassmann, Oldenberg, Arnold 1897, Wuest or Witzel. Absence of a flag is NOT PRODUCED, not a judgement of authenticity."
"PUR-P-035","03.051.02","3","51","2","1","pūrbhídam","pūrbhíd-","c","c2 case=ACC|gender=M|number=SG","4","M M M M","N","Normal","certain","Indra","2. group: hymns to Indra","(none)","śatákratum arṇaváṁ śākínaṁ náraṁ gíro ma índram úpa yanti viśvátaḥ / vājasánim pūrbhídaṁ tū́rṇim aptúraṁ dhāmasā́cam abhiṣā́caṁ svarvídam","śata-kratum | arṇavam | śākinam | naram | giraḥ | me | indram | upa | yanti | viśvataḥ | vāja-sanim | pūḥ-bhidam | tūrṇim | ap-turam | dhāma-sācam | abhi-ṣācam | svaḥ-vidam","elizarenkova geldner grassmann griffith renou","macdonell mueller oldenberg_tr otto","SRC-069; SRC-020; SRC-021; SRC-022; SRC-023; SRC-070; SRC-071; SRC-072; SRC-073; SRC-074; SRC-075; SRC-076; SRC-077","2026-09-07","forts (proposed)","No stanza-level lateness flag from Grassmann, Oldenberg, Arnold 1897, Wuest or Witzel. Absence of a flag is NOT PRODUCED, not a judgement of authenticity."
"PUR-P-036","03.054.15","3","54","15","1","puraṃdaráḥ","puraṃdará-","c","c1 case=NOM|gender=M|number=SG","4","M M M M","C","Cretic","certain","all the gods","3. group: hymns to the Visvedevas","(none)","índro víśvair vīrya .ìḥ pátyamāna ubhé ā́ paprau ródasī mahitvā́ / puraṁdaró vr̥trahā́ dhr̥ṣṇúṣeṇaḥ saṁgŕ̥bhyā na ā́ bharā bhū́ri paśváḥ","indraḥ | viśvaiḥ | vīryaiḥ | patyamānaḥ | ubhe iti | ā | paprau | rodasī iti | mahi-tvā | puram-daraḥ | vr̥tra-hā | dhr̥ṣṇu-seṇaḥ | sam-gr̥bhya | naḥ | ā | bhara | bhūri | paśvaḥ","elizarenkova geldner grassmann griffith renou","macdonell mueller oldenberg_tr otto","SRC-069; SRC-020; SRC-021; SRC-022; SRC-023; SRC-070; SRC-071; SRC-072; SRC-073; SRC-074; SRC-075; SRC-076; SRC-077","2026-09-07","forts (proposed)","No stanza-level lateness flag from Grassmann, Oldenberg, Arnold 1897, Wuest or Witzel. Absence of a flag is NOT PRODUCED, not a judgement of authenticity."
"PUR-P-037","04.016.13","4","16","13","1","púraḥ","púr-","d","d3 case=ACC|gender=F|number=PL","4","M M M M","S","Strophic","certain","Indra","2. group: hymns to Indra","(none)","tvám píprum mŕ̥gayaṁ śūśuvā́ṁsam r̥jíśvane vaidathinā́ya randhīḥ / pañcāśát kr̥ṣṇā́ ní vapaḥ sahásrā́tkaṁ ná púro jarimā́ ví dardaḥ","tvam | piprum | mr̥gayam | śūśu-vāṁsam | r̥jiśvane | vaidathināya | randhīḥ | pañcāśat | kr̥ṣṇā | ni | vapaḥ | sahasrā | ātkam | na | puraḥ | jarimā | vi | dardaḥ","elizarenkova geldner grassmann griffith","macdonell mueller oldenberg_tr otto renou","SRC-069; SRC-020; SRC-021; SRC-022; SRC-023; SRC-070; SRC-071; SRC-072; SRC-073; SRC-074; SRC-075; SRC-076; SRC-077","2026-09-07","forts (proposed)","No stanza-level lateness flag from Grassmann, Oldenberg, Arnold 1897, Wuest or Witzel. Absence of a flag is NOT PRODUCED, not a judgement of authenticity."
"PUR-P-038","04.026.03","4","26","3","1","púraḥ","púr-","a","a2 case=ACC|gender=F|number=PL","4","M M M M","S","Strophic","certain","Indra","2. group: hymns to Indra","(none)","ahám púro mandasānó vy a .ìraṁ náva sākáṁ navatī́ḥ śámbarasya / śatatamáṁ veśyàṁ sarvátātā dívodāsam atithigváṁ yád ā́vam","aham | puraḥ | mandasānaḥ | vi | airam | nava | sākam | navatīḥ | śambarasya | śata-tamam | veśyam | sarva-tātā | divaḥ-dāsam | atithi-gvam | yat | āvam","elizarenkova geldner grassmann griffith","macdonell mueller oldenberg_tr otto renou","SRC-069; SRC-020; SRC-021; SRC-022; SRC-023; SRC-070; SRC-071; SRC-072; SRC-073; SRC-074; SRC-075; SRC-076; SRC-077","2026-09-07","forts (proposed)","No stanza-level lateness flag from Grassmann, Oldenberg, Arnold 1897, Wuest or Witzel. Absence of a flag is NOT PRODUCED, not a judgement of authenticity."
"PUR-P-039","04.027.01","4","27","1","1","púraḥ","púr-","c","c3 case=NOM|gender=F|number=PL","4","M M M M","S","Strophic","certain","Soma and the eagle","2. group: hymns to Indra","(none)","gárbhe nú sánn ánv eṣām avedam aháṁ devā́nāṁ jánimāni víśvā / śatám mā púra ā́yasīr arakṣann ádha śyenó javásā nír adīyam","garbhe | nu | san | anu | eṣām | avedam | aham | devānām | janimāni | viśvā | śatam | mā | puraḥ | āyasīḥ | arakṣan | adha | śyenaḥ | javasā | niḥ | adīyam","elizarenkova geldner grassmann griffith","macdonell mueller oldenberg_tr otto renou","SRC-069; SRC-020; SRC-021; SRC-022; SRC-023; SRC-070; SRC-071; SRC-072; SRC-073; SRC-074; SRC-075; SRC-076; SRC-077","2026-09-07","forts (proposed)","No stanza-level lateness flag from Grassmann, Oldenberg, Arnold 1897, Wuest or Witzel. Absence of a flag is NOT PRODUCED, not a judgement of authenticity."
"PUR-P-040","04.030.13","4","30","13","1","púraḥ","púr-","c","c1 case=ACC|gender=F|number=PL","3","M M M","S","Strophic","certain","Indra","2. group: hymns to Indra","(none)","utá śúṣṇasya dhr̥ṣṇuyā́ prá mr̥kṣo abhí védanam / púro yád asya sampiṇák","uta | śuṣṇasya | dhr̥ṣṇu-yā | pra | mr̥kṣaḥ | abhi | vedanam | puraḥ | yat | asya | sam-piṇak","elizarenkova geldner grassmann griffith","macdonell mueller oldenberg_tr otto renou","SRC-069; SRC-020; SRC-021; SRC-022; SRC-023; SRC-070; SRC-071; SRC-072; SRC-073; SRC-074; SRC-075; SRC-076; SRC-077","2026-09-07","forts (proposed)","No stanza-level lateness flag from Grassmann, Oldenberg, Arnold 1897, Wuest or Witzel. Absence of a flag is NOT PRODUCED, not a judgement of authenticity."
"PUR-P-041","04.030.20","4","30","20","1","purā́m","púr-","b","b1 case=GEN|gender=F|number=PL","3","M M M","S","Strophic","certain","Indra","2. group: hymns to Indra","(none)","śatám aśmanmáyīnām purā́m índro vy āā̀syat / dívodāsāya dāśúṣe","śatam | aśman-mayīnām | purām | indraḥ | vi | āsyat | divaḥ-dāsāya | dāśuṣe","elizarenkova geldner grassmann griffith","macdonell mueller oldenberg_tr otto renou","SRC-069; SRC-020; SRC-021; SRC-022; SRC-023; SRC-070; SRC-071; SRC-072; SRC-073; SRC-074; SRC-075; SRC-076; SRC-077","2026-09-07","forts (proposed)","No stanza-level lateness flag from Grassmann, Oldenberg, Arnold 1897, Wuest or Witzel. Absence of a flag is NOT PRODUCED, not a judgement of authenticity."
"PUR-P-042","04.032.10","4","32","10","1","púraḥ","púr-","c","c1 case=ACC|gender=F|number=PL","3","M M M","S","Strophic","certain","Indra","2. group: hymns to Indra","(none)","prá te vocāma vīryāā̀ yā́ mandasāná ā́rujaḥ / púro dā́sīr abhī́tya","pra | te | vocāma | vīryā | yāḥ | mandasanaḥ | ā | arujaḥ | puraḥ | dāsīḥ | abhi-itya","elizarenkova geldner grassmann griffith","macdonell mueller oldenberg_tr otto renou","SRC-069; SRC-020; SRC-021; SRC-022; SRC-023; SRC-070; SRC-071; SRC-072; SRC-073; SRC-074; SRC-075; SRC-076; SRC-077","2026-09-07","forts (proposed)","No stanza-level lateness flag from Grassmann, Oldenberg, Arnold 1897, Wuest or Witzel. Absence of a flag is NOT PRODUCED, not a judgement of authenticity."
"PUR-P-043","05.019.02","5","19","2","1","púram","púr-","c","c3 case=ACC|gender=F|number=SG","3","MT MT MT","A","Archaic","certain","Agni","1. group: hymns to Agni","grassmann","juhuré ví citáyantó 'nimiṣaṁ nr̥mṇám pānti / ā́ dr̥ḷhā́m púraṁ viviśuḥ","juhure | vi | citayantaḥ | animiṣam | nr̥mṇam | pānti | ā | dr̥l̥hām | puram | viviśuḥ","elizarenkova geldner grassmann griffith oldenberg_tr renou","macdonell mueller otto","SRC-069; SRC-020; SRC-021; SRC-022; SRC-023; SRC-070; SRC-071; SRC-072; SRC-073; SRC-074; SRC-075; SRC-076; SRC-077","2026-09-07","forts (proposed)",""
"PUR-P-044","05.030.11","5","30","11","1","puraṃdaráḥ","puraṃdará-","c","c1 case=NOM|gender=M|number=SG","4","M M M M","N","Normal","certain","Indra","2. group: hymns to Indra","(none)","yád īṁ sómā babhrúdhūtā ámandann ároravīd vr̥ṣabháḥ sā́daneṣu / puraṁdaráḥ papivā́m̐ índro asya púnar gávām adadād usríyāṇām","yat | īm | somāḥ | babhru-dhūtāḥ | amandan | aroravīt | vr̥ṣabhaḥ | sādaneṣu | puram-daraḥ | papi-vān | indraḥ | asya | punaḥ | gavām | adadāt | usriyāṇām","elizarenkova geldner grassmann griffith","macdonell mueller oldenberg_tr otto renou","SRC-069; SRC-020; SRC-021; SRC-022; SRC-023; SRC-070; SRC-071; SRC-072; SRC-073; SRC-074; SRC-075; SRC-076; SRC-077","2026-09-07","forts (proposed)","No stanza-level lateness flag from Grassmann, Oldenberg, Arnold 1897, Wuest or Witzel. Absence of a flag is NOT PRODUCED, not a judgement of authenticity."
"PUR-P-045","05.041.12","5","41","12","1","púraḥ","púr-","c","c3 case=NOM|gender=F|number=PL","4","M M M M","A","Archaic","certain","all the gods","3. group: hymns to the all-gods","(none)","śr̥ṇótu na ūrjā́m pátir gíraḥ sá nábhas tárīyām̐ iṣiráḥ párijmā / śr̥ṇvántv ā́paḥ púro ná śubhrā́ḥ pári srúco babr̥hāṇásyā́dreḥ","śr̥ṇotu | naḥ | ūrjām | patiḥ | giraḥ | saḥ | nabhaḥ | tarīyān | iṣiraḥ | pari-jmā | śr̥ṇvantu | āpaḥ | puraḥ | na | śubhrāḥ | pari | srucaḥ | babr̥hāṇasya | adreḥ","elizarenkova geldner grassmann griffith renou","macdonell mueller oldenberg_tr otto","SRC-069; SRC-020; SRC-021; SRC-022; SRC-023; SRC-070; SRC-071; SRC-072; SRC-073; SRC-074; SRC-075; SRC-076; SRC-077","2026-09-07","forts (proposed)","No stanza-level lateness flag from Grassmann, Oldenberg, Arnold 1897, Wuest or Witzel. Absence of a flag is NOT PRODUCED, not a judgement of authenticity."
"PUR-P-046","05.066.04","5","66","4","1","pūrbhíḥ","púr-","b","b2 case=INS|gender=F|number=PL","4","M M M M","A","Archaic","certain","Mitra and Varuna","5. group: hymns to Mitra-Varuna","(none)","ádhā hí kā́vyā yuváṁ dákṣasya pūrbhír adbhutā / ní ketúnā jánānāṁ cikéthe pūtadakṣasā","adha | hi | kāvyā | yuvam | dakṣasya | pūḥ-bhiḥ | adbhutā | ni | ketunā | janānām | ciketheiti | pūta-dakṣasā","elizarenkova geldner grassmann griffith otto renou","macdonell mueller oldenberg_tr","SRC-069; SRC-020; SRC-021; SRC-022; SRC-023; SRC-070; SRC-071; SRC-072; SRC-073; SRC-074; SRC-075; SRC-076; SRC-077","2026-09-07","forts (proposed)","No stanza-level lateness flag from Grassmann, Oldenberg, Arnold 1897, Wuest or Witzel. Absence of a flag is NOT PRODUCED, not a judgement of authenticity."
"PUR-P-047","06.002.07","6","2","7","1","purí","púr-","c","c2 case=LOC|gender=F|number=SG","4","M M M M","A","Archaic","certain","Agni","1. group: hymns to Agni","(none)","ádhā hí vikṣv ī́ḍyó .asi priyó no átithiḥ / raṇváḥ purīā̀va jū́ryaḥ sūnúr ná trayayā́yyaḥ","adha | hi | vikṣu | īḍyaḥ | asi | priyaḥ | naḥ | atithiḥ | raṇvaḥ | puri-iva | jūyarḥ | sūnuḥ | na | trayayāyyaḥ","elizarenkova geldner grassmann griffith renou","macdonell mueller oldenberg_tr otto","SRC-069; SRC-020; SRC-021; SRC-022; SRC-023; SRC-070; SRC-071; SRC-072; SRC-073; SRC-074; SRC-075; SRC-076; SRC-077","2026-09-07","forts (proposed)","No stanza-level lateness flag from Grassmann, Oldenberg, Arnold 1897, Wuest or Witzel. Absence of a flag is NOT PRODUCED, not a judgement of authenticity."
"PUR-P-048","06.016.14","6","16","14","1","puraṃdarám","puraṃdará-","c","c2 case=ACC|gender=M|number=SG","3","MO MO MO","A","Archaic","certain","Agni","1. group: hymns to Agni","(none)","tám u tvā dadhyáṅṅ ŕ̥ṣiḥ putrá īdhe átharvaṇaḥ / vr̥traháṇam puraṁdarám","tam | oṁ iti | tvā | dadhyaṅ | r̥ṣiḥ | putraḥ | īdhe | atharvaṇaḥ | vr̥tra-hanam | puram-daram","elizarenkova geldner grassmann griffith renou","macdonell mueller oldenberg_tr otto","SRC-069; SRC-020; SRC-021; SRC-022; SRC-023; SRC-070; SRC-071; SRC-072; SRC-073; SRC-074; SRC-075; SRC-076; SRC-077","2026-09-07","forts (proposed)","No stanza-level lateness flag from Grassmann, Oldenberg, Arnold 1897, Wuest or Witzel. Absence of a flag is NOT PRODUCED, not a judgement of authenticity."
"PUR-P-049","06.016.39","6","16","39","1","púraḥ","púr-","c","c2 case=ACC|gender=F|number=PL","3","MO MO MO","A","Archaic","certain","Agni","1. group: hymns to Agni","(none)","yá ugrá iva śaryahā́ tigmáśr̥ṅgo ná váṁsagaḥ / ágne púro rurójitha","yaḥ | ugraḥ-iva | śarya-hā | tigma-śr̥ṅgaḥ | na | vaṁsa-gaḥ | agne | puraḥ | rurojitha","elizarenkova geldner grassmann griffith renou","macdonell mueller oldenberg_tr otto","SRC-069; SRC-020; SRC-021; SRC-022; SRC-023; SRC-070; SRC-071; SRC-072; SRC-073; SRC-074; SRC-075; SRC-076; SRC-077","2026-09-07","forts (proposed)","No stanza-level lateness flag from Grassmann, Oldenberg, Arnold 1897, Wuest or Witzel. Absence of a flag is NOT PRODUCED, not a judgement of authenticity."
"PUR-P-050","06.018.05","6","18","5","1","púraḥ","púr-","d","d2 case=ACC|gender=F|number=PL","4","M M M M","n","Normal","metrical-variations-only","Indra","2. group: hymns to Indra","(none)","tán naḥ pratnáṁ sakhyám astu yuṣmé itthā́ vádadbhir valám áṅgirobhiḥ / hánn acyutacyud dasmeṣáyantam r̥ṇóḥ púro ví dúro asya víśvāḥ","tat | naḥ | pratnam | sakhyam | astu | yuṣme iti | itthā | vadat-bhiḥ | valam | aṅgiraḥ-bhiḥ | han | acyuta-cyut | dasma | iṣayantam | r̥ṇoḥ | puraḥ | vi | duraḥ | asya | viśvāḥ","elizarenkova geldner grassmann griffith","macdonell mueller oldenberg_tr otto renou","SRC-069; SRC-020; SRC-021; SRC-022; SRC-023; SRC-070; SRC-071; SRC-072; SRC-073; SRC-074; SRC-075; SRC-076; SRC-077","2026-09-07","forts (proposed)","Arnold assigns this stanza's period on metrical variations alone (lowercase code); lower confidence than the uppercase assignments. No stanza-level lateness flag from Grassmann, Oldenberg, Arnold 1897, Wuest or Witzel. Absence of a flag is NOT PRODUCED, not a judgement of authenticity."
"PUR-P-051","06.018.08","6","18","8","1","purā́m","púr-","d","d1 case=GEN|gender=F|number=PL","4","M M M M","n","Normal","metrical-variations-only","Indra","2. group: hymns to Indra","(none)","sá yó ná muhé ná míthū jáno bhū́t sumántunāmā cúmuriṁ dhúniṁ ca / vr̥ṇák pípruṁ śámbaraṁ śúṣṇam índraḥ purā́ṁ cyautnā́ya śayáthāya nū́ cit","saḥ | yaḥ | na | muhe | na | mithu | janaḥ | bhūt | sumantu-nāmā | / cumurim | dhunim | ca | vr̥ṇak | piprum | śambaram | śuṣṇam | indraḥ | purām | cyautnāya | śayathāya | nu | cit","elizarenkova geldner grassmann griffith","macdonell mueller oldenberg_tr otto renou","SRC-069; SRC-020; SRC-021; SRC-022; SRC-023; SRC-070; SRC-071; SRC-072; SRC-073; SRC-074; SRC-075; SRC-076; SRC-077","2026-09-07","forts (proposed)","Arnold assigns this stanza's period on metrical variations alone (lowercase code); lower confidence than the uppercase assignments. No stanza-level lateness flag from Grassmann, Oldenberg, Arnold 1897, Wuest or Witzel. Absence of a flag is NOT PRODUCED, not a judgement of authenticity."
"PUR-P-052","06.020.03","6","20","3","1","purā́m","púr-","d","d3 case=GEN|gender=F|number=PL","4","M M M M","A","Archaic","certain","Indra","2. group: hymns to Indra","(none)","tū́rvann ójīyān tavásas távīyān kr̥tábrahméndro vr̥ddhámahāḥ / rā́jābhavan mádhunaḥ somyásya víśvāsāṁ yát purā́ṁ dartnúm ā́vat","tūrvan | ojīyān | tavasaḥ | tavīyān | kr̥ta-brahmā | indraḥ | vr̥ddha-mahāḥ | rājā | abhavat | madhunaḥ | somyasya | viśvāsām | yat | purām | datnurm | āvat","elizarenkova geldner grassmann griffith","macdonell mueller oldenberg_tr otto renou","SRC-069; SRC-020; SRC-021; SRC-022; SRC-023; SRC-070; SRC-071; SRC-072; SRC-073; SRC-074; SRC-075; SRC-076; SRC-077","2026-09-07","forts (proposed)","No stanza-level lateness flag from Grassmann, Oldenberg, Arnold 1897, Wuest or Witzel. Absence of a flag is NOT PRODUCED, not a judgement of authenticity."
"PUR-P-053","06.020.07","6","20","7","1","púraḥ","púr-","b","b1 case=ACC|gender=F|number=PL","4","M M M M","A","Archaic","certain","Indra","2. group: hymns to Indra","(none)","ví pípror áhimāyasya dr̥ḷhā́ḥ púro vajriñ chávasā ná dardaḥ / súdāman tád rékṇo apramr̥ṣyám r̥jíśvane dātráṁ dāśúṣe dāḥ","vi | piproḥ | ahi-māyasya | dr̥l̥hāḥ | puraḥ | vajrin | śavasā | na | dardaritidardaḥ | su-dāman | tat | rekṇaḥ | apra-mr̥ṣyam | r̥jiśvane | dātram | dāśuṣe | dāḥ","elizarenkova geldner grassmann griffith","macdonell mueller oldenberg_tr otto renou","SRC-069; SRC-020; SRC-021; SRC-022; SRC-023; SRC-070; SRC-071; SRC-072; SRC-073; SRC-074; SRC-075; SRC-076; SRC-077","2026-09-07","forts (proposed)","No stanza-level lateness flag from Grassmann, Oldenberg, Arnold 1897, Wuest or Witzel. Absence of a flag is NOT PRODUCED, not a judgement of authenticity."
"PUR-P-054","06.020.10","6","20","10","1","púraḥ","púr-","c","c3 case=ACC|gender=F|number=PL","4","M M MR M","A","Archaic","certain","Indra","2. group: hymns to Indra","(none)","sanéma té 'vasā návya indra prá pūráva stavanta enā́ yajñaíḥ / saptá yát púraḥ śárma śā́radīr dárd dhán dā́sīḥ purukútsāya śíkṣan","sanema | te | avasā | navyaḥ | indra | pra | pūravaḥ | stavante | enā | yajñaiḥ | sapta | yat | puraḥ | śarma | śāradīḥ | darta | han | dāsīḥ | puru-kutsāya | śikṣan","elizarenkova geldner grassmann griffith","macdonell mueller oldenberg_tr otto renou","SRC-069; SRC-020; SRC-021; SRC-022; SRC-023; SRC-070; SRC-071; SRC-072; SRC-073; SRC-074; SRC-075; SRC-076; SRC-077","2026-09-07","forts (proposed)","No stanza-level lateness flag from Grassmann, Oldenberg, Arnold 1897, Wuest or Witzel. Absence of a flag is NOT PRODUCED, not a judgement of authenticity."
"PUR-P-055","06.031.04","6","31","4","1","púraḥ","púr-","b","b1 case=ACC|gender=F|number=PL","5","M M M M M","n","Normal","metrical-variations-only","Indra","2. group: hymns to Indra","(none)","tváṁ śatā́ny áva śámbarasya púro jaghanthāpratī́ni dásyoḥ / áśikṣo yátra śácyā śacīvo dívodāsāya sunvaté sutakre bharádvājāya gr̥ṇaté vásūni","tvam | śatāni | ava | śambarasya | puraḥ | jaghantha | apratīni | dasyoḥ | aśikṣaḥ | yatra | śacyā | śacī-vaḥ | divaḥ-dāsāya | sunvate | suta-kre | bharat-vājāya | gr̥ṇate | vasūni","elizarenkova geldner grassmann griffith","macdonell mueller oldenberg_tr otto renou","SRC-069; SRC-020; SRC-021; SRC-022; SRC-023; SRC-070; SRC-071; SRC-072; SRC-073; SRC-074; SRC-075; SRC-076; SRC-077","2026-09-07","forts (proposed)","Arnold assigns this stanza's period on metrical variations alone (lowercase code); lower confidence than the uppercase assignments. No stanza-level lateness flag from Grassmann, Oldenberg, Arnold 1897, Wuest or Witzel. Absence of a flag is NOT PRODUCED, not a judgement of authenticity."
"PUR-P-056","06.032.03","6","32","3","2","púraḥ purohā́","púr- purohán-","c c","c1 case=ACC|gender=F|number=PL ; c2 case=NOM|gender=M|number=SG","4","M M M M","n","Normal","metrical-variations-only","Indra","2. group: hymns to Indra","(none)","sá váhnibhir ŕ̥kvabhir góṣu śáśvan mitájñubhiḥ purukŕ̥tvā jigāya / púraḥ purohā́ sákhibhiḥ sakhīyán dr̥ḷhā́ ruroja kavíbhiḥ kavíḥ sán","saḥ | vahni-bhiḥ | r̥kva-bhiḥ | goṣu | śaśvat | mitajñu-bhiḥ | puru-kr̥tvā | jigāya | puraḥ | puraḥ-hā | sakhi-bhiḥ | sakhi-yan | dr̥l̥hā | ruroja | kavi-bhiḥ | kaviḥ | san","elizarenkova geldner grassmann griffith","macdonell mueller oldenberg_tr otto renou","SRC-069; SRC-020; SRC-021; SRC-022; SRC-023; SRC-070; SRC-071; SRC-072; SRC-073; SRC-074; SRC-075; SRC-076; SRC-077","2026-09-07","forts (proposed)","Arnold assigns this stanza's period on metrical variations alone (lowercase code); lower confidence than the uppercase assignments. Carries 2 family tokens; a token-unit count would enter this passage more than once. No stanza-level lateness flag from Grassmann, Oldenberg, Arnold 1897, Wuest or Witzel. Absence of a flag is NOT PRODUCED, not a judgement of authenticity."
"PUR-P-057","06.048.08","6","48","8","1","pūrbhíḥ","púr-","c","c2 case=INS|gender=F|number=PL","5","M M M M M","A","Archaic","certain","Agni, the Maruts and Pusan","2. group: hymns to Indra","(none)","víśvāsāṁ gr̥hápatir viśā́m asi tvám agne mā́nuṣīṇām / śatám pūrbhír yaviṣṭha pāhy áṁhasaḥ sameddhā́raṁ śatáṁ hímā stotŕ̥bhyo yé ca dádati","viśvāsām | gr̥ha-patiḥ | viśām | asi | tvam | agne | mānuṣīṇām | śatam | pūḥ-bhiḥ | yaviṣṭha | pāhi | aṁhasaḥ | sam-eddhāram | śatam | himāḥ | stotr̥-bhyaḥ | ye | ca | dadati","elizarenkova geldner grassmann griffith renou","macdonell mueller oldenberg_tr otto","SRC-069; SRC-020; SRC-021; SRC-022; SRC-023; SRC-070; SRC-071; SRC-072; SRC-073; SRC-074; SRC-075; SRC-076; SRC-077","2026-09-07","forts (proposed)","No stanza-level lateness flag from Grassmann, Oldenberg, Arnold 1897, Wuest or Witzel. Absence of a flag is NOT PRODUCED, not a judgement of authenticity."
"PUR-P-058","06.073.02","6","73","2","1","púraḥ","púr-","c","c4 case=ACC|gender=F|number=PL","4","M M M M","C","Cretic","certain","Brihaspati","5. group: hymns to various gods","(none)","jánāya cid yá ī́vata ulokám bŕ̥haspátir deváhūtau cakā́ra / ghnán vr̥trā́ṇi ví púro dardarīti jáyañ chátrūm̐r amítrān pr̥tsú sā́han","janāya | cit | yaḥ | īvate | oṁ iti | lokam | br̥haspatiḥ | deva-hūtau | cakāra | ghnan | vr̥trāṇi | vi | puraḥ | dardarīti | jayan | śatrūn | amitrān | pr̥t-su | sāhan","elizarenkova geldner grassmann griffith renou","macdonell mueller oldenberg_tr otto","SRC-069; SRC-020; SRC-021; SRC-022; SRC-023; SRC-070; SRC-071; SRC-072; SRC-073; SRC-074; SRC-075; SRC-076; SRC-077","2026-09-07","forts (proposed)","No stanza-level lateness flag from Grassmann, Oldenberg, Arnold 1897, Wuest or Witzel. Absence of a flag is NOT PRODUCED, not a judgement of authenticity."
"PUR-P-059","07.003.07","7","3","7","1","pūrbhíḥ","púr-","d","d2 case=INS|gender=F|number=PL","4","M M M M","S","Strophic","certain","Agni","1. group: hymns to Agni","(none)","yáthā vaḥ svā́hāgnáye dā́śema párī́ḷābhir ghr̥távadbhiś ca havyaíḥ / tébhir no agne ámitair máhobhiḥ śatám pūrbhír ā́yasībhir ní pāhi","yathā | vaḥ | svāhā | agnaye | dāśema | pari | il̥ābhiḥ | ghr̥tavat-bhiḥ | ca | havyaiḥ | tebhiḥ | naḥ | agne | amitaiḥ | mahaḥ-bhiḥ | śatam | pūḥ-bhiḥ | āyasībhiḥ | ni | pāhi","elizarenkova geldner grassmann griffith renou","macdonell mueller oldenberg_tr otto","SRC-069; SRC-020; SRC-021; SRC-022; SRC-023; SRC-070; SRC-071; SRC-072; SRC-073; SRC-074; SRC-075; SRC-076; SRC-077","2026-09-07","forts (proposed)","No stanza-level lateness flag from Grassmann, Oldenberg, Arnold 1897, Wuest or Witzel. Absence of a flag is NOT PRODUCED, not a judgement of authenticity."
"PUR-P-060","07.005.03","7","5","3","1","púraḥ","púr-","d","d1 case=ACC|gender=F|number=PL","4","M M M M","C","Cretic","certain","Agni Vaisvanara","1. group: hymns to Agni","(none)","tvád bhiyā́ víśa āyann ásiknīr asamanā́ jáhatīr bhójanāni / vaíśvānara pūráve śóśucānaḥ púro yád agne daráyann ádīdeḥ","tvat | bhiyā | viśaḥ | āyan | asiknīḥ | asamanāḥ | jahatīḥ | bhojanāni | vaiśvānara | pūrave | śośucānaḥ | puraḥ | yat | agne | darayan | adīdeḥ","elizarenkova geldner grassmann griffith renou","macdonell mueller oldenberg_tr otto","SRC-069; SRC-020; SRC-021; SRC-022; SRC-023; SRC-070; SRC-071; SRC-072; SRC-073; SRC-074; SRC-075; SRC-076; SRC-077","2026-09-07","forts (proposed)","No stanza-level lateness flag from Grassmann, Oldenberg, Arnold 1897, Wuest or Witzel. Absence of a flag is NOT PRODUCED, not a judgement of authenticity."
"PUR-P-061","07.006.02","7","6","2","1","puraṃdarásya","puraṃdará-","c","c1 case=GEN|gender=M|number=SG","4","M M M M","S","Strophic","certain","Agni Vaisvanara","1. group: hymns to Agni","(none)","kavíṁ ketúṁ dhāsím bhānúm ádrer hinvánti śáṁ rājyáṁ ródasyoḥ / puraṁdarásya gīrbhír ā́ vivāse 'gnér vratā́ni pūrvyā́ mahā́ni","kavim | ketum | dhāsim | bhānum | adreḥ | hinvanti | śam | rājyam | rodasyoḥ | puram-darasya | gīḥ-bhiḥ | ā | vivāse | agneḥ | vratāni | pūrvyā | mahāni","elizarenkova geldner grassmann griffith renou","macdonell mueller oldenberg_tr otto","SRC-069; SRC-020; SRC-021; SRC-022; SRC-023; SRC-070; SRC-071; SRC-072; SRC-073; SRC-074; SRC-075; SRC-076; SRC-077","2026-09-07","forts (proposed)","No stanza-level lateness flag from Grassmann, Oldenberg, Arnold 1897, Wuest or Witzel. Absence of a flag is NOT PRODUCED, not a judgement of authenticity."
"PUR-P-062","07.015.14","7","15","14","1","pū́ḥ","púr-","c","c1 case=NOM|gender=F|number=SG","3","MO MO MO","C","Cretic","certain","Agni","1. group: hymns to Agni","(none)","ádhā mahī́ na ā́yasy ánādhr̥ṣṭo nŕ̥pītaye / pū́r bhavā śatábhujiḥ","agne | mahī | naḥ | āyasī | anādhr̥ṣṭaḥ | nr̥-pītaye | pūḥ | bhava | śata-bhujiḥ","elizarenkova geldner grassmann griffith renou","macdonell mueller oldenberg_tr otto","SRC-069; SRC-020; SRC-021; SRC-022; SRC-023; SRC-070; SRC-071; SRC-072; SRC-073; SRC-074; SRC-075; SRC-076; SRC-077","2026-09-07","forts (proposed)","No stanza-level lateness flag from Grassmann, Oldenberg, Arnold 1897, Wuest or Witzel. Absence of a flag is NOT PRODUCED, not a judgement of authenticity."
"PUR-P-063","07.016.10","7","16","10","1","pūrbhíḥ","púr-","d","d2 case=INS|gender=F|number=PL","4","M M M M","S","Strophic","certain","Agni","1. group: hymns to Agni","(none)","yé rā́dhāṁsi dádaty áśvyā maghā́ kā́mena śrávaso maháḥ / tā́m̐ áṁhasaḥ pipr̥hi partŕ̥bhiṣ ṭváṁ śatám pūrbhír yaviṣṭhya","ye | rādhāṁsi | dadati | aśvyā | maghā | kāmena | śravasaḥ | mahaḥ | tān | aṁhasaḥ | pipr̥hi | partr̥-bhiḥ | tvam | śatam | pūḥ-bhiḥ | yaviṣṭhya","elizarenkova geldner grassmann griffith renou","macdonell mueller oldenberg_tr otto","SRC-069; SRC-020; SRC-021; SRC-022; SRC-023; SRC-070; SRC-071; SRC-072; SRC-073; SRC-074; SRC-075; SRC-076; SRC-077","2026-09-07","forts (proposed)","No stanza-level lateness flag from Grassmann, Oldenberg, Arnold 1897, Wuest or Witzel. Absence of a flag is NOT PRODUCED, not a judgement of authenticity."
"PUR-P-064","07.018.13","7","18","13","1","púraḥ","púr-","b","b2 case=ACC|gender=F|number=PL","4","M M M M","C","Cretic","certain","Indra","2. group: hymns to Indra","(none)","ví sadyó víśvā dr̥ṁhitā́ny eṣām índraḥ púraḥ sáhasā saptá dardaḥ / vy ā́navasya tŕ̥tsave gáyam bhāg jéṣma pūrúṁ vidáthe mr̥dhrávācam","vi | sadyaḥ | viśvā | dr̥ṁhitāni | eṣām | indraḥ | puraḥ | sahasā | sapta | dardaḥ | vi | ānavasya | tr̥tsave | gayam | bhāk | jeṣma | pūrum | vidathe | mr̥dhra-vācam","elizarenkova geldner grassmann griffith","macdonell mueller oldenberg_tr otto renou","SRC-069; SRC-020; SRC-021; SRC-022; SRC-023; SRC-070; SRC-071; SRC-072; SRC-073; SRC-074; SRC-075; SRC-076; SRC-077","2026-09-07","forts (proposed)","No stanza-level lateness flag from Grassmann, Oldenberg, Arnold 1897, Wuest or Witzel. Absence of a flag is NOT PRODUCED, not a judgement of authenticity."
"PUR-P-065","07.019.05","7","19","5","1","púraḥ","púr-","b","b3 case=ACC|gender=F|number=PL","4","M M M M","S","Strophic","certain","Indra","2. group: hymns to Indra","(none)","táva cyautnā́ni vajrahasta tā́ni náva yát púro navatíṁ ca sadyáḥ / nivéśane śatatamā́viveṣīr áhañ ca vr̥tráṁ námucim utā́han","tava | cyautnāni | vajra-hasta | tāni | nava | yat | puraḥ | navatim | ca | sadyaḥ | ni-veśane | śata-tamā | aviveṣīḥ | ahan | ca | vr̥tram | namucim | uta | ahan","elizarenkova geldner grassmann griffith","macdonell mueller oldenberg_tr otto renou","SRC-069; SRC-020; SRC-021; SRC-022; SRC-023; SRC-070; SRC-071; SRC-072; SRC-073; SRC-074; SRC-075; SRC-076; SRC-077","2026-09-07","forts (proposed)","No stanza-level lateness flag from Grassmann, Oldenberg, Arnold 1897, Wuest or Witzel. Absence of a flag is NOT PRODUCED, not a judgement of authenticity."
"PUR-P-066","07.021.04","7","21","4","1","púraḥ","púr-","c","c2 case=ACC|gender=F|number=PL","4","M M M M","S","Strophic","certain","Indra","2. group: hymns to Indra","(none)","bhīmó viveṣā́yudhebhir eṣām ápāṁsi víśvā náryāṇi vidvā́n / índraḥ púro járhr̥ṣāṇo ví dūdhod ví vájrahasto mahinā́ jaghāna","bhīmaḥ | viveṣa | āyudhebhiḥ | eṣām | apāṁsi | viśvā | naryāṇi | vidvān | indraḥ | puraḥ | jarhr̥ṣāṇaḥ | vi | dūdhot | vi | vajra-hastaḥ | mahinā | jaghāna","elizarenkova geldner grassmann griffith","macdonell mueller oldenberg_tr otto renou","SRC-069; SRC-020; SRC-021; SRC-022; SRC-023; SRC-070; SRC-071; SRC-072; SRC-073; SRC-074; SRC-075; SRC-076; SRC-077","2026-09-07","forts (proposed)","No stanza-level lateness flag from Grassmann, Oldenberg, Arnold 1897, Wuest or Witzel. Absence of a flag is NOT PRODUCED, not a judgement of authenticity."
"PUR-P-067","07.026.03","7","26","3","1","púraḥ","púr-","d","d3 case=ACC|gender=F|number=PL","4","M M M M","S","Strophic","certain","Indra","2. group: hymns to Indra","(none)","cakā́ra tā́ kr̥ṇávan nūnám anyā́ yā́ni bruvánti vedhásaḥ sutéṣu / jánīr iva pátir ékaḥ samānó ní māmr̥je púra índraḥ sú sárvāḥ","cakāra | tā | kr̥ṇavat | nūnam | anyā | yāni | bruvanti | vedhasaḥ | suteṣu | janīḥ-iva | patiḥ | ekaḥ | samānaḥ | ni | mamr̥je | puraḥ | indraḥ | su | sarvāḥ","elizarenkova geldner grassmann griffith","macdonell mueller oldenberg_tr otto renou","SRC-069; SRC-020; SRC-021; SRC-022; SRC-023; SRC-070; SRC-071; SRC-072; SRC-073; SRC-074; SRC-075; SRC-076; SRC-077","2026-09-07","forts (proposed)","No stanza-level lateness flag from Grassmann, Oldenberg, Arnold 1897, Wuest or Witzel. Absence of a flag is NOT PRODUCED, not a judgement of authenticity."
"PUR-P-068","07.052.01","7","52","1","1","pū́ḥ","púr-","b","b1 case=NOM|gender=F|number=SG","4","M M M M","C","Cretic","certain","Adityas","3. group: hymns to all the gods","(none)","ādityā́so áditayaḥ syāma pū́r devatrā́ vasavo martyatrā́ / sánema mitrāvaruṇā sánanto bhávema dyāvāpr̥thivī bhávantaḥ","ādityāsaḥ | aditayaḥ | syāma | pūḥ | deva-trā | vasavaḥ | martya-trā | sanema | mitrāvaruṇā | sanantaḥ | bhavema | dyāvāpr̥thivī | bhavantaḥ","elizarenkova geldner grassmann griffith renou","macdonell mueller oldenberg_tr otto","SRC-069; SRC-020; SRC-021; SRC-022; SRC-023; SRC-070; SRC-071; SRC-072; SRC-073; SRC-074; SRC-075; SRC-076; SRC-077","2026-09-07","forts (proposed)","No stanza-level lateness flag from Grassmann, Oldenberg, Arnold 1897, Wuest or Witzel. Absence of a flag is NOT PRODUCED, not a judgement of authenticity."
"PUR-P-069","07.095.01","7","95","1","1","pū́ḥ","púr-","b","b4 case=NOM|gender=F|number=SG","4","M M M M","S","Strophic","certain","Sarasvati or Sarasvat","10. group: hymns to divine pairs","(none)","prá kṣódasā dhā́yasā sasra eṣā́ sárasvatī dharúṇam ā́yasī pū́ḥ / prabā́badhānā rathyèva yāti víśvā apó mahinā́ síndhur anyā́ḥ","pra | kṣodasā | dhāyasā | sasre | eṣā | sarasvatī | dharuṇam | āyasī | pūḥ | pra-bābadhānā | rathyāiva | yāti | viśvāḥ | apaḥ | mahinā | sindhuḥ | anyāḥ","elizarenkova geldner grassmann griffith renou","macdonell mueller oldenberg_tr otto","SRC-069; SRC-020; SRC-021; SRC-022; SRC-023; SRC-070; SRC-071; SRC-072; SRC-073; SRC-074; SRC-075; SRC-076; SRC-077","2026-09-07","forts (proposed)","No stanza-level lateness flag from Grassmann, Oldenberg, Arnold 1897, Wuest or Witzel. Absence of a flag is NOT PRODUCED, not a judgement of authenticity."
"PUR-P-070","07.099.05","7","99","5","1","púraḥ","púr-","b","b2 case=ACC|gender=F|number=PL","4","M M M M","S","Strophic","certain","Vishnu, Indra and Vishnu","11. group: hymns to Vishnu","(none)","índrāviṣṇū dr̥ṁhitā́ḥ śámbarasya náva púro navatíṁ ca śnathiṣṭam / śatáṁ varcínaḥ sahásraṁ ca sākáṁ hathó apraty ásurasya vīrā́n","indrāviṣṇūiti | dr̥ṁhitāḥ | śambarasya | nava | puraḥ | navatim | ca | śnath iṣṭam | śatam | varcinaḥ | sahasram | ca | sākam | hathaḥ | aprati | asurasya | vīrān","elizarenkova geldner grassmann griffith renou","macdonell mueller oldenberg_tr otto","SRC-069; SRC-020; SRC-021; SRC-022; SRC-023; SRC-070; SRC-071; SRC-072; SRC-073; SRC-074; SRC-075; SRC-076; SRC-077","2026-09-07","forts (proposed)","No stanza-level lateness flag from Grassmann, Oldenberg, Arnold 1897, Wuest or Witzel. Absence of a flag is NOT PRODUCED, not a judgement of authenticity."
"PUR-P-071","08.001.07","8","1","7","1","puraṃdara","puraṃdará-","c","c4 case=VOC|gender=M|number=SG","4","M M M M","S","Strophic","certain","Indra","1. group: hymns of Priyamedha's, Medyatithi etc.","(none)","kvèyatha kvéd asi purutrā́ cid dhí te mánaḥ / álarṣi yudhma khajakr̥t puraṁdara prá gāyatrā́ agāsiṣuḥ","kva | iyatha | kva | it | asi | puru-trā | cit | hi | te | manaḥ | alarṣi | yudhma | khaja-kr̥t | puram-dara | pra | gāyatrāḥ | agāsiṣuḥ","elizarenkova geldner grassmann griffith","macdonell mueller oldenberg_tr otto renou","SRC-069; SRC-020; SRC-021; SRC-022; SRC-023; SRC-070; SRC-071; SRC-072; SRC-073; SRC-074; SRC-075; SRC-076; SRC-077","2026-09-07","forts (proposed)","No stanza-level lateness flag from Grassmann, Oldenberg, Arnold 1897, Wuest or Witzel. Absence of a flag is NOT PRODUCED, not a judgement of authenticity."
"PUR-P-072","08.001.08","8","1","8","2","puraṃdaráḥ púraḥ","puraṃdará- púr-","b d","b3 case=NOM|gender=M|number=SG ; d4 case=ACC|gender=F|number=PL","4","M M M M","S","Strophic","certain","Indra","1. group: hymns of Priyamedha's, Medyatithi etc.","(none)","prā́smai gāyatrám arcata vāvā́tur yáḥ puraṁdaráḥ / yā́bhiḥ kāṇvásyópa barhír āsádaṁ yā́sad vajrī́ bhinát púraḥ","pra | asmai | gāyatram | arcata | vavātuḥ | yaḥ | param-daraḥ | yābhiḥ | kāṇvasya | upa | barhiḥ | āsadam | yāsat | vajrī | bhinat | puraḥ","elizarenkova geldner grassmann griffith","macdonell mueller oldenberg_tr otto renou","SRC-069; SRC-020; SRC-021; SRC-022; SRC-023; SRC-070; SRC-071; SRC-072; SRC-073; SRC-074; SRC-075; SRC-076; SRC-077","2026-09-07","forts (proposed)","Carries 2 family tokens; a token-unit count would enter this passage more than once. No stanza-level lateness flag from Grassmann, Oldenberg, Arnold 1897, Wuest or Witzel. Absence of a flag is NOT PRODUCED, not a judgement of authenticity."
"PUR-P-073","08.001.28","8","1","28","1","púram","púr-","a","a2 case=ACC|gender=F|number=SG","4","M M M M","S","Strophic","certain","Indra","1. group: hymns of Priyamedha's, Medyatithi etc.","(none)","tvám púraṁ cariṣṇvàṁ vadhaíḥ śúṣṇasya sám piṇak / tvám bhā́ ánu caro ádha dvitā́ yád indra hávyo bhúvaḥ","tvam | puram | cariṣṇvam | vadhaiḥ | śuṣṇasya | sam | piṇak | tvam | bhāḥ | anu | caraḥ | adha | dvitā | yat | indra | havyaḥ | bhuvaḥ","elizarenkova geldner grassmann griffith","macdonell mueller oldenberg_tr otto renou","SRC-069; SRC-020; SRC-021; SRC-022; SRC-023; SRC-070; SRC-071; SRC-072; SRC-073; SRC-074; SRC-075; SRC-076; SRC-077","2026-09-07","forts (proposed)","No stanza-level lateness flag from Grassmann, Oldenberg, Arnold 1897, Wuest or Witzel. Absence of a flag is NOT PRODUCED, not a judgement of authenticity."
"PUR-P-074","08.006.23","8","6","23","1","púram","púr-","b","b1 case=ACC|gender=F|number=SG","3","MO MO MO","S","Strophic","certain","Indra","2. group: hymns of Vatsa","(none)","ā́ na indra mahī́m íṣam púraṁ ná darṣi gómatīm / utá prajā́ṁ suvī́ryam","ā | naḥ | indra | mahīm | iṣam | puram | na | darṣi | go--matīm | uta | pra-jām | su-vīryam","elizarenkova geldner grassmann griffith","macdonell mueller oldenberg_tr otto renou","SRC-069; SRC-020; SRC-021; SRC-022; SRC-023; SRC-070; SRC-071; SRC-072; SRC-073; SRC-074; SRC-075; SRC-076; SRC-077","2026-09-07","forts (proposed)","No stanza-level lateness flag from Grassmann, Oldenberg, Arnold 1897, Wuest or Witzel. Absence of a flag is NOT PRODUCED, not a judgement of authenticity."
"PUR-P-075","08.017.14","8","17","14","1","purā́m","púr-","c","c3 case=GEN|gender=F|number=PL","4","M M M M","A","Archaic","certain","Indra","3. group: various sons of Kanva","grassmann","vā́stoṣ pate dhruvā́ sthū́ṇā́ṁsatraṁ somyā́nām / drapsó bhettā́ purā́ṁ śáśvatīnām índro múnīnāṁ sákhā","vāstoḥ | pate | dhruvā | sthūṇā | aṁsatram | somyānām | drapsaḥ | bhettā | purām | śaśvatīnām | indraḥ | munīnām | sakhā","elizarenkova geldner grassmann griffith","macdonell mueller oldenberg_tr otto renou","SRC-069; SRC-020; SRC-021; SRC-022; SRC-023; SRC-070; SRC-071; SRC-072; SRC-073; SRC-074; SRC-075; SRC-076; SRC-077","2026-09-07","forts (proposed)",""
"PUR-P-076","08.032.05","8","32","5","1","púram","púr-","c","c1 case=ACC|gender=F|number=SG","3","MO MO MO","S","Strophic","certain","Indra","7. group: hymns of Medhatithi and other Kanva sons","(none)","sá gór áśvasya ví vrajám mandānáḥ somyébhyaḥ / púraṁ ná śūra darṣasi","saḥ | goḥ | aśvasya | vi | vrajam | mandānaḥ | somyebhyaḥ | puram | na | śūra | darṣasi","elizarenkova geldner grassmann griffith","macdonell mueller oldenberg_tr otto renou","SRC-069; SRC-020; SRC-021; SRC-022; SRC-023; SRC-070; SRC-071; SRC-072; SRC-073; SRC-074; SRC-075; SRC-076; SRC-077","2026-09-07","forts (proposed)","No stanza-level lateness flag from Grassmann, Oldenberg, Arnold 1897, Wuest or Witzel. Absence of a flag is NOT PRODUCED, not a judgement of authenticity."
"PUR-P-077","08.033.05","8","33","5","1","pūrbhít","pūrbhíd-","d","d3 case=NOM|gender=M|number=SG","4","M M M M","S","Strophic","certain","Indra","7. group: hymns of Medhatithi and other Kanva sons","(none)","yáḥ suṣavyáḥ sudákṣiṇa inó yáḥ sukrátur gr̥ṇé / yá ākaráḥ sahásrā yáḥ śatā́magha índro yáḥ pūrbhíd āritáḥ","yaḥ | su-savyaḥ | su-dakṣiṇaḥ | inaḥ | yaḥ | su-kratuḥ | gr̥ṇe | yaḥ | ākaraḥ | sahasrā | yaḥ | śata-maghaḥ | indraḥ | yaḥ | pūḥ-bhit | āritaḥ","elizarenkova geldner grassmann griffith","macdonell mueller oldenberg_tr otto renou","SRC-069; SRC-020; SRC-021; SRC-022; SRC-023; SRC-070; SRC-071; SRC-072; SRC-073; SRC-074; SRC-075; SRC-076; SRC-077","2026-09-07","forts (proposed)","No stanza-level lateness flag from Grassmann, Oldenberg, Arnold 1897, Wuest or Witzel. Absence of a flag is NOT PRODUCED, not a judgement of authenticity."
"PUR-P-078","08.033.07","8","33","7","1","púraḥ","púr-","c","c3 case=ACC|gender=F|number=PL","4","M M M M","S","Strophic","certain","Indra","7. group: hymns of Medhatithi and other Kanva sons","(none)","ká īṁ veda suté sácā píbantaṁ kád váyo dadhe / ayáṁ yáḥ púro vibhinátty ójasā mandānáḥ śipry ándhasaḥ","kaḥ | īm | veda | sute | sacā | pibantam | kat | vayaḥ | dadhe | ayam | yaḥ | puraḥ | vi-bhinatti | ojasā | mandānaḥ | śiprī | andhasaḥ","elizarenkova geldner grassmann griffith","macdonell mueller oldenberg_tr otto renou","SRC-069; SRC-020; SRC-021; SRC-022; SRC-023; SRC-070; SRC-071; SRC-072; SRC-073; SRC-074; SRC-075; SRC-076; SRC-077","2026-09-07","forts (proposed)","No stanza-level lateness flag from Grassmann, Oldenberg, Arnold 1897, Wuest or Witzel. Absence of a flag is NOT PRODUCED, not a judgement of authenticity."
"PUR-P-079","08.053.01","8","53","1","1","pūrbhíttamam","pūrbhíttama-","c","c1 case=ACC|gender=M|number=SG|degree=SUP","4","MV MV MV MVR","S","Strophic","certain","Indra","11. group:  Valakhilya-hymns","(none)","upamáṁ tvā maghónāṁ jyéṣṭhaṁ ca vr̥ṣabhā́ṇām / pūrbhíttamam maghavann indra govídam ī́śānaṁ rāyá īmahe","upa-mam | tvā | maghonām | jyeṣṭham | ca | vr̥ṣabhāṇām | purbhit-tamam | magha-van | indra | go--vidam | īśānam | rāyaḥ | īmahe","elizarenkova geldner grassmann griffith","macdonell mueller oldenberg_tr otto renou","SRC-069; SRC-020; SRC-021; SRC-022; SRC-023; SRC-070; SRC-071; SRC-072; SRC-073; SRC-074; SRC-075; SRC-076; SRC-077","2026-09-07","forts (proposed)","No stanza-level lateness flag from Grassmann, Oldenberg, Arnold 1897, Wuest or Witzel. Absence of a flag is NOT PRODUCED, not a judgement of authenticity."
"PUR-P-080","08.061.08","8","61","8","1","puraṃdarám","puraṃdará-","c","c2 case=ACC|gender=M|number=SG","4","M M M M","A","Archaic","certain","Indra","12. group: hymns of Pragatha and other Kanva-sons","(none)","tvám purū́ sahásrāṇi śatā́ni ca yūthā́ dānā́ya maṁhase / ā́ puraṁdaráṁ cakr̥ma vípravacasa índraṁ gā́yantó 'vase","tvam | puru | sahasrāṇi | śatāni | ca | yūthā | dānāya | maṁhase | ā | puram-daram | cakr̥ma | vipra-vacasaḥ | indram | gāyantaḥ | avase","elizarenkova geldner grassmann griffith","macdonell mueller oldenberg_tr otto renou","SRC-069; SRC-020; SRC-021; SRC-022; SRC-023; SRC-070; SRC-071; SRC-072; SRC-073; SRC-074; SRC-075; SRC-076; SRC-077","2026-09-07","forts (proposed)","No stanza-level lateness flag from Grassmann, Oldenberg, Arnold 1897, Wuest or Witzel. Absence of a flag is NOT PRODUCED, not a judgement of authenticity."
"PUR-P-081","08.061.10","8","61","10","1","puraṃdaráḥ","puraṃdará-","a","a3 case=NOM|gender=M|number=SG","4","M M MR MR","A","Archaic","certain","Indra","12. group: hymns of Pragatha and other Kanva-sons","(none)","ugrábāhur mrakṣakŕ̥tvā puraṁdaró yádi me śr̥ṇávad dhávam / vasūyávo vásupatiṁ śatákratuṁ stómair índraṁ havāmahe","ugra-bāhuḥ | mrakṣa-kr̥tvā | puram-daraḥ | yadi | me | śr̥ṇavat | havam | vasūyavo vasupatiṁ śatakratum stomair indram havāmahe","elizarenkova geldner grassmann griffith","macdonell mueller oldenberg_tr otto renou","SRC-069; SRC-020; SRC-021; SRC-022; SRC-023; SRC-070; SRC-071; SRC-072; SRC-073; SRC-074; SRC-075; SRC-076; SRC-077","2026-09-07","forts (proposed)","No stanza-level lateness flag from Grassmann, Oldenberg, Arnold 1897, Wuest or Witzel. Absence of a flag is NOT PRODUCED, not a judgement of authenticity."
"PUR-P-082","08.069.08","8","69","8","1","púram","púr-","d","d1 case=ACC|gender=F|number=SG","4","M M M M","A","Archaic","certain","Indra","13. group: hymns of Priyamedha and others","(none)","árcata prā́rcata príyamedhāso árcata / árcantu putrakā́ utá púraṁ ná dhr̥ṣṇv àrcata","arcata | pra | arcata | priya-medhāsaḥ | arcata | arcantu | putrakāḥ | uta | puram | na | dhr̥ṣṇu | arcata","elizarenkova geldner grassmann griffith","macdonell mueller oldenberg_tr otto renou","SRC-069; SRC-020; SRC-021; SRC-022; SRC-023; SRC-070; SRC-071; SRC-072; SRC-073; SRC-074; SRC-075; SRC-076; SRC-077","2026-09-07","forts (proposed)","No stanza-level lateness flag from Grassmann, Oldenberg, Arnold 1897, Wuest or Witzel. Absence of a flag is NOT PRODUCED, not a judgement of authenticity."
"PUR-P-083","08.073.18","8","73","18","1","púram","púr-","a","a1 case=ACC|gender=F|number=SG","3","MO MO MOR","A","Archaic","certain","Asvins","14. group: hymns of Gopavana and other sons of Atri","grassmann","púraṁ ná dhr̥ṣṇav ā́ ruja kr̥ṣṇáyā bādhitó viśā́ / ánti ṣád bhūtu vām ávaḥ","puram | na | dhr̥ṣṇo iti | ā | ruja | kr̥ṣṇayā | bādhitaḥ | viśā | anti | sat | bhūtu | vām | avaḥ","elizarenkova geldner grassmann griffith","macdonell mueller oldenberg_tr otto renou","SRC-069; SRC-020; SRC-021; SRC-022; SRC-023; SRC-070; SRC-071; SRC-072; SRC-073; SRC-074; SRC-075; SRC-076; SRC-077","2026-09-07","forts (proposed)",""
"PUR-P-084","08.080.07","8","80","7","1","pū́ḥ","púr-","a","a3 case=NOM|gender=F|number=SG","3","M M M","A","Archaic","certain","Indra","16. group: hymns of Ekadyu, Krishna and others","arnold","índra dŕ̥hyasva pū́r asi bhadrā́ ta eti niṣkr̥tám / iyáṁ dhī́r r̥tvíyāvatī","indra | dr̥hyasva | pūḥ | asi | bhadrā | te | eti | niḥ-kr̥tam | iyam | dhīḥ | r̥tviya-vatī","elizarenkova geldner grassmann griffith","macdonell mueller oldenberg_tr otto renou","SRC-069; SRC-020; SRC-021; SRC-022; SRC-023; SRC-070; SRC-071; SRC-072; SRC-073; SRC-074; SRC-075; SRC-076; SRC-077","2026-09-07","forts (proposed)",""
"PUR-P-085","08.093.02","8","93","2","1","púraḥ","púr-","a","a4 case=ACC|gender=F|number=PL","3","MO MO MO","S","Strophic","certain","Indra","18. group: hymns of Srutakaksu and others","witzel","náva yó navatím púro bibhéda bāhvòjasā / áhiṁ ca vr̥trahā́vadhīt","nava | yaḥ | navatim | puraḥ | bibheda | bāhu-ojasā | ahim | ca | vr̥tra-hā | avadhīt","elizarenkova geldner grassmann griffith","macdonell mueller oldenberg_tr otto renou","SRC-069; SRC-020; SRC-021; SRC-022; SRC-023; SRC-070; SRC-071; SRC-072; SRC-073; SRC-074; SRC-075; SRC-076; SRC-077","2026-09-07","forts (proposed)",""
"PUR-P-086","08.097.14","8","97","14","1","púraḥ","púr-","a","a2 case=ACC|gender=F|number=PL","4","M M M M","A","Archaic","certain","Indra","19. group: Tirasci and other poets","grassmann witzel","tvám púra indra cikíd enā vy ójasā śaviṣṭha śakra nāśayádhyai / tvád víśvāni bhúvanāni vajrin dyā́vā rejete pr̥thivī́ ca bhīṣā́","tvam | puraḥ | indra | cikit | enāḥ | vi | ojasā | saviṣṭha | śakra | nāśayadhyai | tvat | viśvāni | bhuvanāni | vajrin | dyāvā | rejeteiti | pr̥thivī iti | ca | bhīṣā","elizarenkova geldner grassmann griffith","macdonell mueller oldenberg_tr otto renou","SRC-069; SRC-020; SRC-021; SRC-022; SRC-023; SRC-070; SRC-071; SRC-072; SRC-073; SRC-074; SRC-075; SRC-076; SRC-077","2026-09-07","forts (proposed)",""
"PUR-P-087","08.098.06","8","98","6","1","purā́m","púr-","b","b3 case=GEN|gender=F|number=PL","3","MR M M4","A","Archaic","certain","Indra","19. group: Tirasci and other poets","witzel","tváṁ hí śáśvatīnām índra dartā́ purā́m ási / hantā́ dásyor mánor vr̥dháḥ pátir diváḥ","tvam | hi | śaśvatīnām | indra | dartā | purām | asi | hantā | dasyoḥ | manoḥ | vr̥dhaḥ | patiḥ | divaḥ","elizarenkova geldner grassmann griffith","macdonell mueller oldenberg_tr otto renou","SRC-069; SRC-020; SRC-021; SRC-022; SRC-023; SRC-070; SRC-071; SRC-072; SRC-073; SRC-074; SRC-075; SRC-076; SRC-077","2026-09-07","forts (proposed)",""
"PUR-P-088","08.100.08","8","100","8","1","púram","púr-","b","b3 case=ACC|gender=F|number=SG","4","PE2 PE2 PE2 PE2","P","Popular","certain","Indra and Vak","19. group: Tirasci and other poets","arnold grassmann witzel","mánojavā áyamāna āyasī́m atarat púram / dívaṁ suparṇó gatvā́ya sómaṁ vajríṇa ā́bharat","manaḥ-javāḥ | ayamānaḥ | āyasīm | atarat | puram | divam | su-parṇaḥ | gatvāya | somam | vajriṇaḥ | ā | abharat","elizarenkova geldner grassmann griffith","macdonell mueller oldenberg_tr otto renou","SRC-069; SRC-020; SRC-021; SRC-022; SRC-023; SRC-070; SRC-071; SRC-072; SRC-073; SRC-074; SRC-075; SRC-076; SRC-077","2026-09-07","forts (proposed)",""
"PUR-P-089","09.048.02","9","48","2","1","púraḥ","púr-","c","c2 case=ACC|gender=F|number=PL","3","MO MO MO","N","Normal","certain","Soma","19. group: Tirasci and other poets","(none)","sáṁvr̥ktadhr̥ṣṇum ukthyàm mahā́mahivratam mádam / śatám púro rurukṣáṇim","saṁvr̥kta-dhr̥ṣṇum | ukthyam | mahāmahivratam | madam | śatam | puraḥ | rurukṣaṇim","elizarenkova geldner grassmann griffith renou","macdonell mueller oldenberg_tr otto","SRC-069; SRC-020; SRC-021; SRC-022; SRC-023; SRC-070; SRC-071; SRC-072; SRC-073; SRC-074; SRC-075; SRC-076; SRC-077","2026-09-07","forts (proposed)","No stanza-level lateness flag from Grassmann, Oldenberg, Arnold 1897, Wuest or Witzel. Absence of a flag is NOT PRODUCED, not a judgement of authenticity."
"PUR-P-090","09.061.02","9","61","2","1","púraḥ","púr-","a","a1 case=ACC|gender=F|number=PL","3","MO MO MO","N","Normal","certain","Soma","19. group: Tirasci and other poets","(none)","púraḥ sadyá itthā́dhiye dívodāsāya śámbaram / ádha tyáṁ turváśaṁ yádum","puraḥ | sadyaḥ | ithādhiye | divaḥ-dāsāya | śambaram | adha | tyam | turvaśam | yadum","elizarenkova geldner grassmann griffith renou","macdonell mueller oldenberg_tr otto","SRC-069; SRC-020; SRC-021; SRC-022; SRC-023; SRC-070; SRC-071; SRC-072; SRC-073; SRC-074; SRC-075; SRC-076; SRC-077","2026-09-07","forts (proposed)","No stanza-level lateness flag from Grassmann, Oldenberg, Arnold 1897, Wuest or Witzel. Absence of a flag is NOT PRODUCED, not a judgement of authenticity."
"PUR-P-091","09.088.04","9","88","4","1","pūrbhít","pūrbhíd-","b","b5 case=NOM|gender=M|number=SG","4","M M M M","S","Strophic","certain","Soma","3. group: the Tristubh group","(none)","índro ná yó mahā́ kármāṇi cákrir hantā́ vr̥trā́ṇām asi soma pūrbhít / paidvó ná hí tvám áhināmnāṁ hantā́ víśvasyāsi soma dásyoḥ","indraḥ | na | yaḥ | mahā | karmāṇi | cakriḥ | hantā | vr̥trāṇām | asi | soma | pūḥ-bhit | paidvaḥ | na | hi | tvam | ahi-nāmnām | hantā | viśvasya | asi | soma | dasyoḥ","elizarenkova geldner grassmann griffith renou","macdonell mueller oldenberg_tr otto","SRC-069; SRC-020; SRC-021; SRC-022; SRC-023; SRC-070; SRC-071; SRC-072; SRC-073; SRC-074; SRC-075; SRC-076; SRC-077","2026-09-07","forts (proposed)","No stanza-level lateness flag from Grassmann, Oldenberg, Arnold 1897, Wuest or Witzel. Absence of a flag is NOT PRODUCED, not a judgement of authenticity."
"PUR-P-092","09.107.10","9","107","10","1","purí","púr-","c","c3 case=LOC|gender=F|number=SG","4","M MR M M","S","Strophic","certain","Soma","6. group: the Pragatha group","(none)","ā́ soma suvānó ádribhis tiró vā́rāṇy avyáyā / jáno ná purí camvòr viśad dháriḥ sádo váneṣu dadhiṣe","ā | soma | suvānaḥ | adri-bhiḥ | tiraḥ | vārāṇi | avyayā | janaḥ | na | puri | camvoḥ | viśat | hariḥ | sadaḥ | vaneṣu | dadhiṣe","elizarenkova geldner grassmann griffith renou","macdonell mueller oldenberg_tr otto","SRC-069; SRC-020; SRC-021; SRC-022; SRC-023; SRC-070; SRC-071; SRC-072; SRC-073; SRC-074; SRC-075; SRC-076; SRC-077","2026-09-07","forts (proposed)","No stanza-level lateness flag from Grassmann, Oldenberg, Arnold 1897, Wuest or Witzel. Absence of a flag is NOT PRODUCED, not a judgement of authenticity."
"PUR-P-093","10.046.05","10","46","5","1","purā́m","púr-","b","b3 case=GEN|gender=F|number=PL","4","M5 M5 M5 M","C","Cretic","certain","Agni","9. group: the Vatsapri hymns","(none)","prá bhūr jáyantam mahā́ṁ vipodhā́m mūrā́ ámūram purā́ṁ darmā́ṇam / náyanto gárbhaṁ vanā́ṁ dhíyaṁ dhur híriśmaśruṁ nā́rvāṇaṁ dhánarcam","pra | bhūḥ | jayantam | mahān | vipaḥ-dhām | mūrāḥ | amūram | purām | darmāṇam | nayantaḥ | garbham | vanām | dhiyam | dhuḥ | hiri-śmaśrum | na | arvāṇam | dhana-arcam","elizarenkova geldner grassmann griffith renou","macdonell mueller oldenberg_tr otto","SRC-069; SRC-020; SRC-021; SRC-022; SRC-023; SRC-070; SRC-071; SRC-072; SRC-073; SRC-074; SRC-075; SRC-076; SRC-077","2026-09-07","forts (proposed)","No stanza-level lateness flag from Grassmann, Oldenberg, Arnold 1897, Wuest or Witzel. Absence of a flag is NOT PRODUCED, not a judgement of authenticity."
"PUR-P-094","10.047.04","10","47","4","1","pūrbhídam","pūrbhíd-","c","c2 case=ACC|gender=M|number=SG","4","M MR M MR","C","Cretic","certain","Indra","9. group: the Vatsapri hymns","(none)","sanádvājaṁ vípravīraṁ tárutraṁ dhanaspŕ̥taṁ śūśuvā́ṁsaṁ sudákṣam / dasyuhánam pūrbhídam indra satyám asmábhyaṁ citráṁ vŕ̥ṣaṇaṁ rayíṁ dāḥ","sanat-vājam | vipra-vīram | tarutram | dhana-spr̥tam | śūśu-vāṁsam | su-dakṣam | dasyuhanam | pūḥ-bhidam | indra | satyam | asmabhyam | citram | vr̥ṣaṇam | rayim | dāḥ","elizarenkova geldner grassmann griffith","macdonell mueller oldenberg_tr otto renou","SRC-069; SRC-020; SRC-021; SRC-022; SRC-023; SRC-070; SRC-071; SRC-072; SRC-073; SRC-074; SRC-075; SRC-076; SRC-077","2026-09-07","forts (proposed)","No stanza-level lateness flag from Grassmann, Oldenberg, Arnold 1897, Wuest or Witzel. Absence of a flag is NOT PRODUCED, not a judgement of authenticity."
"PUR-P-095","10.067.05","10","67","5","1","púram","púr-","a","a2 case=ACC|gender=F|number=SG","4","M M M M","C","Cretic","certain","Brihaspati","17. group: hymns of Ayasya","grassmann","vibhídyā púraṁ śayáthem ápācīṁ nís trī́ṇi sākám udadhér akr̥ntat / bŕ̥haspátir uṣásaṁ sū́ryaṁ gā́m arkáṁ viveda stanáyann iva dyaúḥ","vi-bhidya | puram | śayathā | īm | apācīm | niḥ | trīṇi | sākam | uda-dheḥ | akr̥ntat | br̥haspatiḥ | uṣasam | sūryam | gām | arkam | viveda | stanayan-iva | dyauḥ","elizarenkova geldner grassmann griffith renou","macdonell mueller oldenberg_tr otto","SRC-069; SRC-020; SRC-021; SRC-022; SRC-023; SRC-070; SRC-071; SRC-072; SRC-073; SRC-074; SRC-075; SRC-076; SRC-077","2026-09-07","forts (proposed)",""
"PUR-P-096","10.087.22","10","87","22","1","púram","púr-","a","a4 case=ACC|gender=F|number=SG","4","PE2 PE2 PE2 PE2","P","Popular","certain","Agni, killer of raksas","25. group: hymns of Manyu","arnold oldenberg witzel wuest","pári tvāgne púraṁ vayáṁ vípraṁ sahasya dhīmahi / dhr̥ṣádvarṇaṁ divé-dive hantā́ram bhaṅgurā́vatām","pari | tvā | agne | puram | vayam | vipram | sahasya | dhīmahi | dhr̥ṣat-varṇam | dive--dive | hantāram | bhaṅgura-vatām","elizarenkova geldner grassmann griffith renou","macdonell mueller oldenberg_tr otto","SRC-069; SRC-020; SRC-021; SRC-022; SRC-023; SRC-070; SRC-071; SRC-072; SRC-073; SRC-074; SRC-075; SRC-076; SRC-077","2026-09-07","forts (proposed)",""
"PUR-P-097","10.089.07","10","89","7","1","púraḥ","púr-","b","b2 case=ACC|gender=F|number=PL","4","M M M M","N","Normal","certain","Indra","25. group: hymns of Manyu","(none)","jaghā́na vr̥tráṁ svádhitir váneva rurója púro áradan ná síndhūn / bibhéda giríṁ návam ín ná kumbhám ā́ gā́ índro akr̥ṇuta svayúgbhiḥ","jaghāna | vr̥tram | sva-dhitiḥ | vanāiva | ruroja | puraḥ | aradat | na | sindhūn | bibheda | girim | navam | it | na | kumbham | ā | gāḥ | indraḥ | akr̥ṇuta | svayuk-bhiḥ","elizarenkova geldner grassmann griffith","macdonell mueller oldenberg_tr otto renou","SRC-069; SRC-020; SRC-021; SRC-022; SRC-023; SRC-070; SRC-071; SRC-072; SRC-073; SRC-074; SRC-075; SRC-076; SRC-077","2026-09-07","forts (proposed)","No stanza-level lateness flag from Grassmann, Oldenberg, Arnold 1897, Wuest or Witzel. Absence of a flag is NOT PRODUCED, not a judgement of authenticity."
"PUR-P-098","10.099.07","10","99","7","1","púraḥ","púr-","d","d1 case=ACC|gender=F|number=PL","4","M M M M","A","Archaic","certain","Indra","25. group: hymns of Manyu","grassmann","sá drúhvaṇe mánuṣa ūrdhvasāná ā́ sāviṣad arśasānā́ya śárum / sá nŕ̥tamo náhuṣo 'smát sújātaḥ púro 'bhinad árhan dasyuhátye","saḥ | druhvaṇe | manuṣe | ūrdhvasānaḥ | ā | sāviṣat | arśasānāya | śarum | saḥ | nr̥-tamaḥ | nahuṣaḥ | asmat | su-jātaḥ | puraḥ | abhinat | arhan | dasyu-hatye","elizarenkova geldner grassmann griffith","macdonell mueller oldenberg_tr otto renou","SRC-069; SRC-020; SRC-021; SRC-022; SRC-023; SRC-070; SRC-071; SRC-072; SRC-073; SRC-074; SRC-075; SRC-076; SRC-077","2026-09-07","forts (proposed)",""
"PUR-P-099","10.099.11","10","99","11","1","púraḥ","púr-","d","d1 case=ACC|gender=F|number=PL","4","M M M M","A","Archaic","certain","Indra","25. group: hymns of Manyu","grassmann","asyá stómebhir auśijá r̥jíśvā vrajáṁ darayad vr̥ṣabhéṇa píproḥ / sútvā yád yajató dīdáyad gī́ḥ púra iyānó abhí várpasā bhū́t","asya | stomebhiḥ | auśijaḥ | r̥jiśvā | vrajam | darayat | vr̥ṣabheṇa | piproḥ | sutvā | yat | yajataḥ | dīdayat | gīḥ | puraḥ | iyānaḥ | abhi | varpasā | bhūt","elizarenkova geldner grassmann griffith","macdonell mueller oldenberg_tr otto renou","SRC-069; SRC-020; SRC-021; SRC-022; SRC-023; SRC-070; SRC-071; SRC-072; SRC-073; SRC-074; SRC-075; SRC-076; SRC-077","2026-09-07","forts (proposed)",""
"PUR-P-100","10.101.08","10","101","8","1","púraḥ","púr-","c","c1 case=ACC|gender=F|number=PL","4","P P P P","P","Popular","certain","the sacrificial priest","25. group: hymns of Manyu","arnold","vrajáṁ kr̥ṇudhvaṁ sá hí vo nr̥pā́ṇo várma sīvyadhvam bahulā́ pr̥thū́ni / púraḥ kr̥ṇudhvam ā́yasīr ádhr̥ṣṭā mā́ vaḥ susroc camasó dŕ̥ṁhatā tám","vrajam | kr̥ṇudhvam | saḥ | hi | vaḥ | nr̥-pānaḥ | varma | sīvyadhvam | bahulā | pr̥thūni | puraḥ | kr̥ṇudhvam | āyasīḥ | adhr̥ṣṭāḥ | mā | vaḥ | susrot | camasaḥ | dr̥ṁhata | tam","elizarenkova geldner grassmann griffith","macdonell mueller oldenberg_tr otto renou","SRC-069; SRC-020; SRC-021; SRC-022; SRC-023; SRC-070; SRC-071; SRC-072; SRC-073; SRC-074; SRC-075; SRC-076; SRC-077","2026-09-07","forts (proposed)",""
"PUR-P-101","10.104.08","10","104","8","1","pūrbhít","pūrbhíd-","b","b5 case=NOM|gender=M|number=SG","4","M M M M","N","Normal","certain","Indra","25. group: hymns of Manyu","(none)","saptā́po devī́ḥ suráṇā ámr̥ktā yā́bhiḥ síndhum átara indra pūrbhít / navatíṁ srotyā́ náva ca srávantīr devébhyo gātúm mánuṣe ca vindaḥ","sapta | āpaḥ | devīḥ | su-raṇāḥ | amr̥ktāḥ | yābhiḥ | sindhum | ataraḥ | indra | pūḥ-bhit | navatim | srotyāḥ | nava | ca | sravantīḥ | devebhyaḥ | gātum | manuṣe | ca | vindaḥ","elizarenkova geldner grassmann griffith","macdonell mueller oldenberg_tr otto renou","SRC-069; SRC-020; SRC-021; SRC-022; SRC-023; SRC-070; SRC-071; SRC-072; SRC-073; SRC-074; SRC-075; SRC-076; SRC-077","2026-09-07","forts (proposed)","No stanza-level lateness flag from Grassmann, Oldenberg, Arnold 1897, Wuest or Witzel. Absence of a flag is NOT PRODUCED, not a judgement of authenticity."
"PUR-P-102","10.111.10","10","111","10","1","pūrbhít","pūrbhíd-","b","b4 case=NOM|gender=M|number=SG","4","M M M M","C","Cretic","certain","Indra","25. group: hymns of Manyu","(none)","sadhrī́cīḥ síndhum uśatī́r ivāyan sanā́j jārá āritáḥ pūrbhíd āsām / ástam ā́ te pā́rthivā vásūny asmé jagmuḥ sūnŕ̥tā indra pūrvī́ḥ","sadhrīcīḥ | sindhum | uśatīḥ-iva | āyan | sanāt | jāraḥ | āritaḥ | pūḥ-bhit | āsām | astam | ā | te | pārthivā | vasūni | asme iti | jagmuḥ | sūnr̥tāḥ | indra | pūrvīḥ","elizarenkova geldner grassmann griffith","macdonell mueller oldenberg_tr otto renou","SRC-069; SRC-020; SRC-021; SRC-022; SRC-023; SRC-070; SRC-071; SRC-072; SRC-073; SRC-074; SRC-075; SRC-076; SRC-077","2026-09-07","forts (proposed)","No stanza-level lateness flag from Grassmann, Oldenberg, Arnold 1897, Wuest or Witzel. Absence of a flag is NOT PRODUCED, not a judgement of authenticity."
"PUR-P-103","10.138.04","10","138","4","1","púryam","púrya-","c","c5 case=ACC|gender=N|number=SG","4","M M M M","C","Cretic","certain","Indra","25. group: hymns of Manyu","(none)","ánādhr̥ṣṭāni dhr̥ṣitó vy āā̀syan nidhī́m̐r ádevām̐ amr̥ṇad ayā́syaḥ / māséva sū́ryo vásu púryam ā́ dade gr̥ṇānáḥ śátrūm̐r aśr̥ṇād virúkmatā","anādhr̥ṣṭāni | dhr̥ṣitaḥ | vi | āsyat | ni-dhīn | adevān | amr̥ṇat | ayāsyaḥ | māsāiva | sūryaḥ | vasu | puryam | ā | dade | gr̥ṇānaḥ | śatrūn | aśr̥ṇāt | vi-rukmatā","elizarenkova geldner grassmann griffith","macdonell mueller oldenberg_tr otto renou","SRC-069; SRC-020; SRC-021; SRC-022; SRC-023; SRC-070; SRC-071; SRC-072; SRC-073; SRC-074; SRC-075; SRC-076; SRC-077","2026-09-07","forts (proposed)","No stanza-level lateness flag from Grassmann, Oldenberg, Arnold 1897, Wuest or Witzel. Absence of a flag is NOT PRODUCED, not a judgement of authenticity."
