"count_id","passage_id","stanza","numeral_lemma","numeral_surface","numeral_pada","numeral_morph","grassmann_gloss","verdict","count_of_forts","expression","nearest_pur_surface","nearest_pur_pada","nearest_pur_morph","instrument_agreement","instrument_agreement_keys","instrument_proximity","instrument_translators","instrument_translators_n","verdict_basis","instrument_override","status","source_id","locator","retrieval_date","supports_page"
"PUR-N-001","PUR-P-006","01.053.08","śatá-","śatā́","c","case=ACC|gender=N|number=PL","hundert","COUNTS-PUR","100","śatā́ … púraḥ","púraḥ","c","case=ACC|gender=F|number=PL","PARTIAL(case,number)","case,gender,number","same-pada","griffith geldner grassmann","3/4","c: 'tváṁ śatā́ váṅgr̥dasyābhinat púro' — śatā́ (n.pl.) and púraḥ in one clause, váṅgr̥dasya genitive. Griffith, Geldner and Grassmann all render 'the hundred forts of Vaṅgṛda'.","","VERIFIED","SRC-069; SRC-020; SRC-021; SRC-022; SRC-072; SRC-073; SRC-074","RV 01.053.08 pāda c, token śatā́; Aufrecht and padapāṭha at that stanza; Griffith, Geldner and Grassmann at that stanza","2026-09-07","forts (proposed)"
"PUR-N-002","PUR-P-007","01.054.06","navatí-","navatím","d","case=ACC|gender=F|number=SG","neunzig","COUNTS-PUR","99","púro navatíṁ … náva","púraḥ","d","case=ACC|gender=F|number=PL","PARTIAL(case,gender)","case,gender,number","same-pada","griffith geldner","2/4","d: 'tvám púro navatíṁ dambhayo náva'. navatím and náva are split around the verb; all three full translators read 99, not 90 and 9 separately.","","VERIFIED","SRC-069; SRC-020; SRC-021; SRC-022; SRC-072; SRC-073; SRC-074","RV 01.054.06 pāda d, token navatím; Aufrecht and padapāṭha at that stanza; Griffith, Geldner and Grassmann at that stanza","2026-09-07","forts (proposed)"
"PUR-N-003","PUR-P-007","01.054.06","náva- 1","náva","d","case=ACC|number=PL","neun","COUNTS-PUR","99","púro navatíṁ … náva","púraḥ","d","case=ACC|gender=F|number=PL","FULL","case,number","same-pada","griffith geldner grassmann","3/4","Second half of the same 99 expression; not a separate count.","","VERIFIED","SRC-069; SRC-020; SRC-021; SRC-022; SRC-072; SRC-073; SRC-074","RV 01.054.06 pāda d, token náva; Aufrecht and padapāṭha at that stanza; Griffith, Geldner and Grassmann at that stanza","2026-09-07","forts (proposed)"
"PUR-N-004","PUR-P-011","01.063.07","saptá-","saptá","a","case=ACC|number=PL","sieben","COUNTS-PUR","7","saptá … púraḥ","púraḥ","b","case=ACC|gender=F|number=PL","FULL","case,number","same-hemistich","griffith geldner grassmann","3/4","a-b: 'tváṁ ha tyád indra saptá yúdhyan / púro vajrin purukútsāya dardaḥ'. saptá ACC.PL agrees with púraḥ.","","VERIFIED","SRC-069; SRC-020; SRC-021; SRC-022; SRC-072; SRC-073; SRC-074","RV 01.063.07 pāda a, token saptá; Aufrecht and padapāṭha at that stanza; Griffith, Geldner and Grassmann at that stanza","2026-09-07","forts (proposed)"
"PUR-N-005","PUR-P-012","01.102.07","śatá-","śatā́t","a","case=ABL|gender=N|number=SG","hundert","COUNTS-OTHER","","śatā́t … sahásrāt (of śrávas 'glory')","puraṃdara","d","case=VOC|gender=M|number=SG","PARTIAL(number)","case,gender,number","same-stanza","griffith","1/4","a: 'út te śatā́n maghavann úc ca bhū́yasa út sahásrād ririce … śrávaḥ'. The hundred and the thousand are what Indra's GLORY exceeds. puraṁdara in pāda d is a vocative epithet with no numeral.","","VERIFIED","SRC-069; SRC-020; SRC-021; SRC-022; SRC-072; SRC-073; SRC-074","RV 01.102.07 pāda a, token śatā́t; Aufrecht and padapāṭha at that stanza; Griffith, Geldner and Grassmann at that stanza","2026-09-07","forts (proposed)"
"PUR-N-006","PUR-P-012","01.102.07","sahásra-","sahásrāt","b","case=ABL|gender=N|number=SG","tausend","COUNTS-OTHER","","śatā́t … sahásrāt (of śrávas)","puraṃdara","d","case=VOC|gender=M|number=SG","PARTIAL(number)","case,gender,number","same-stanza","griffith","1/4","As above.","","VERIFIED","SRC-069; SRC-020; SRC-021; SRC-022; SRC-072; SRC-073; SRC-074","RV 01.102.07 pāda b, token sahásrāt; Aufrecht and padapāṭha at that stanza; Griffith, Geldner and Grassmann at that stanza","2026-09-07","forts (proposed)"
"PUR-N-007","PUR-P-017","01.130.07","navatí-","navatím","a","case=ACC|gender=F|number=SG","neunzig","COUNTS-PUR","90","púro navatím","púraḥ","a","case=ACC|gender=F|number=PL","PARTIAL(case,gender)","case,gender,number","same-pada","griffith geldner grassmann","3/4","a: 'bhinát púro navatím indra pūráve'. Adjacent, no náva anywhere in the stanza. A bare ninety, and one of only two.","","VERIFIED","SRC-069; SRC-020; SRC-021; SRC-022; SRC-072; SRC-073; SRC-074","RV 01.130.07 pāda a, token navatím; Aufrecht and padapāṭha at that stanza; Griffith, Geldner and Grassmann at that stanza","2026-09-07","forts (proposed)"
"PUR-N-008","PUR-P-023","01.174.02","saptá-","saptá","b","case=ACC|number=PL","sieben","COUNTS-PUR","7","saptá … púraḥ śā́radīḥ","púraḥ","b","case=ACC|gender=F|number=PL","FULL","case,number","same-pada","griffith geldner grassmann","3/4","b: 'saptá yát púraḥ śárma śā́radīr dárt'. saptá ACC.PL with púraḥ; śā́radīḥ 'autumnal' agrees with púraḥ.","","VERIFIED","SRC-069; SRC-020; SRC-021; SRC-022; SRC-072; SRC-073; SRC-074","RV 01.174.02 pāda b, token saptá; Aufrecht and padapāṭha at that stanza; Griffith, Geldner and Grassmann at that stanza","2026-09-07","forts (proposed)"
"PUR-N-009","PUR-P-026","02.014.06","śatá-","śatám","a","case=ACC|gender=N|number=SG","hundert","COUNTS-PUR","100","śatáṁ śámbarasya púraḥ","púraḥ","b","case=ACC|gender=F|number=PL","PARTIAL(case)","case,gender,number","same-hemistich","griffith geldner grassmann","3/4","a-b: 'yáḥ śatáṁ śámbarasya / púro bibhéda'. The pāda-a śatám governs púraḥ across the pāda break.","Verdict is reached against the instruments: agreement=PARTIAL(case), proximity=same-hemistich. navatí- is a FEMININE SINGULAR collective ('a ninety') governing a plural noun, so it agrees in case and gender but never in number; a number-agreement test therefore under-reports it by construction.","VERIFIED","SRC-069; SRC-020; SRC-021; SRC-022; SRC-072; SRC-073; SRC-074","RV 02.014.06 pāda a, token śatám; Aufrecht and padapāṭha at that stanza; Griffith, Geldner and Grassmann at that stanza","2026-09-07","forts (proposed)"
"PUR-N-010","PUR-P-026","02.014.06","śatá-","śatám","c","case=ACC|gender=N|number=SG","hundert","COUNTS-OTHER","","śatáṁ … sahásram (of varcín's men)","púraḥ","b","case=ACC|gender=F|number=PL","PARTIAL(case)","case,gender,number","same-stanza","griffith geldner grassmann","3/4","c: 'yó varcínaḥ śatám índraḥ sahásram'. A SECOND hundred in the same stanza, counting Varcin's men. A stanza-level co-occurrence count reads this as evidence for 'hundred forts'; it is not.","","VERIFIED","SRC-069; SRC-020; SRC-021; SRC-022; SRC-072; SRC-073; SRC-074","RV 02.014.06 pāda c, token śatám; Aufrecht and padapāṭha at that stanza; Griffith, Geldner and Grassmann at that stanza","2026-09-07","forts (proposed)"
"PUR-N-011","PUR-P-026","02.014.06","sahásra-","sahásram","c","case=ACC|gender=N|number=SG","tausend","COUNTS-OTHER","","śatáṁ … sahásram (of varcín's men)","púraḥ","b","case=ACC|gender=F|number=PL","PARTIAL(case)","case,gender,number","same-stanza","griffith geldner","2/4","As above.","","VERIFIED","SRC-069; SRC-020; SRC-021; SRC-022; SRC-072; SRC-073; SRC-074","RV 02.014.06 pāda c, token sahásram; Aufrecht and padapāṭha at that stanza; Griffith, Geldner and Grassmann at that stanza","2026-09-07","forts (proposed)"
"PUR-N-012","PUR-P-027","02.019.06","navatí-","navatím","c","case=ACC|gender=F|number=SG","neunzig","COUNTS-PUR","99","navatíṁ ca náva … púraḥ śámbarasya","púraḥ","d","case=ACC|gender=F|number=PL","PARTIAL(case,gender)","case,gender,number","same-hemistich","griffith","1/4","c-d: 'dívodāsāya navatíṁ ca náva / índraḥ púro vy àirac chámbarasya'. ca joins the two numerals.","Verdict is reached against the instruments: agreement=PARTIAL(case,gender), proximity=same-hemistich. navatí- is a FEMININE SINGULAR collective ('a ninety') governing a plural noun, so it agrees in case and gender but never in number; a number-agreement test therefore under-reports it by construction.","VERIFIED","SRC-069; SRC-020; SRC-021; SRC-022; SRC-072; SRC-073; SRC-074","RV 02.019.06 pāda c, token navatím; Aufrecht and padapāṭha at that stanza; Griffith, Geldner and Grassmann at that stanza","2026-09-07","forts (proposed)"
"PUR-N-013","PUR-P-027","02.019.06","náva- 1","náva","c","case=ACC|number=PL","neun","COUNTS-PUR","99","navatíṁ ca náva … púraḥ","púraḥ","d","case=ACC|gender=F|number=PL","FULL","case,number","same-hemistich","griffith geldner grassmann","3/4","Second half of the same expression.","","VERIFIED","SRC-069; SRC-020; SRC-021; SRC-022; SRC-072; SRC-073; SRC-074","RV 02.019.06 pāda c, token náva; Aufrecht and padapāṭha at that stanza; Griffith, Geldner and Grassmann at that stanza","2026-09-07","forts (proposed)"
"PUR-N-014","PUR-P-031","03.012.06","navatí-","navatím","a","case=ACC|gender=F|number=SG","neunzig","COUNTS-PUR","90","navatím púro dāsápatnīḥ","púraḥ","a","case=ACC|gender=F|number=PL","PARTIAL(case,gender)","case,gender,number","same-pada","griffith geldner grassmann","3/4","a: 'índrāgnī navatím púro'. Adjacent; no náva in the stanza. The second bare ninety.","","VERIFIED","SRC-069; SRC-020; SRC-021; SRC-022; SRC-072; SRC-073; SRC-074","RV 03.012.06 pāda a, token navatím; Aufrecht and padapāṭha at that stanza; Griffith, Geldner and Grassmann at that stanza","2026-09-07","forts (proposed)"
"PUR-N-015","PUR-P-031","03.012.06","éka-","ékena","c","case=INS|gender=N|number=SG","ein, einzig — also 'alone'; quantifier as often as count","COUNTS-OTHER","","ékena kármaṇā 'with one deed'","púraḥ","a","case=ACC|gender=F|number=PL","NONE","case,gender,number","same-stanza","griffith geldner grassmann","3/4","c: 'sākám ékena kármaṇā'. Instrumental singular with kárman-. The ninety of pāda a is the fort count.","","VERIFIED","SRC-069; SRC-020; SRC-021; SRC-022; SRC-072; SRC-073; SRC-074","RV 03.012.06 pāda c, token ékena; Aufrecht and padapāṭha at that stanza; Griffith, Geldner and Grassmann at that stanza","2026-09-07","forts (proposed)"
"PUR-N-016","PUR-P-033","03.034.01","ubhá-","ubhé","d","case=ACC|gender=F|number=DU","beide — a dual quantifier, not a count of forts","COUNTS-OTHER","","ubhé ródasī 'both worlds'","pūrbhít","a","case=NOM|gender=M|number=SG","NONE","case,gender,number","same-stanza","(none)","0/4","d: 'ā́pr̥ṇad ródasī ubhé'. A dual quantifier on the two world-halves. pūrbhíd in pāda a is an epithet.","","VERIFIED","SRC-069; SRC-020; SRC-021; SRC-022; SRC-072; SRC-073; SRC-074","RV 03.034.01 pāda d, token ubhé; Aufrecht and padapāṭha at that stanza; Griffith, Geldner and Grassmann at that stanza","2026-09-07","forts (proposed)"
"PUR-N-017","PUR-P-036","03.054.15","ubhá-","ubhé","b","case=ACC|gender=F|number=DU","beide — a dual quantifier, not a count of forts","COUNTS-OTHER","","ubhé ródasī 'both worlds'","puraṃdaráḥ","c","case=NOM|gender=M|number=SG","NONE","case,gender,number","same-stanza","grassmann","1/4","b: 'ubhé ā́ paprau ródasī mahitvā́'. As above; puraṁdaráḥ in pāda c is an epithet.","","VERIFIED","SRC-069; SRC-020; SRC-021; SRC-022; SRC-072; SRC-073; SRC-074","RV 03.054.15 pāda b, token ubhé; Aufrecht and padapāṭha at that stanza; Griffith, Geldner and Grassmann at that stanza","2026-09-07","forts (proposed)"
"PUR-N-018","PUR-P-037","04.016.13","pañcāśát-","pañcāśát","c","case=ACC|gender=N|number=SG","fünfzig","COUNTS-OTHER","","pañcāśát … sahásrā kr̥ṣṇā́ḥ '50,000 black ones'","púraḥ","d","case=ACC|gender=F|number=PL","PARTIAL(case)","case,gender,number","same-hemistich","griffith geldner","2/4","c: 'pañcāśát kr̥ṣṇā́ ní vapaḥ sahásrā'. Griffith 'fifty thousand', Geldner 'Fünfzigtausend Schwarze'. púraḥ in pāda d is uncounted: 'átkaṁ ná púro jarimā́ ví dardaḥ', torn like a garment.","","VERIFIED","SRC-069; SRC-020; SRC-021; SRC-022; SRC-072; SRC-073; SRC-074","RV 04.016.13 pāda c, token pañcāśát; Aufrecht and padapāṭha at that stanza; Griffith, Geldner and Grassmann at that stanza","2026-09-07","forts (proposed)"
"PUR-N-019","PUR-P-037","04.016.13","sahásra-","sahásrā","c","case=ACC|gender=N|number=PL","tausend","COUNTS-OTHER","","pañcāśát … sahásrā kr̥ṣṇā́ḥ","púraḥ","d","case=ACC|gender=F|number=PL","PARTIAL(case,number)","case,gender,number","same-hemistich","griffith","1/4","As above.","","VERIFIED","SRC-069; SRC-020; SRC-021; SRC-022; SRC-072; SRC-073; SRC-074","RV 04.016.13 pāda c, token sahásrā; Aufrecht and padapāṭha at that stanza; Griffith, Geldner and Grassmann at that stanza","2026-09-07","forts (proposed)"
"PUR-N-020","PUR-P-038","04.026.03","náva- 1","náva","b","case=ACC|number=PL","neun","COUNTS-PUR","99","náva … navatī́ḥ","púraḥ","a","case=ACC|gender=F|number=PL","FULL","case,number","same-hemistich","griffith geldner grassmann","3/4","Second half of the same expression.","","VERIFIED","SRC-069; SRC-020; SRC-021; SRC-022; SRC-072; SRC-073; SRC-074","RV 04.026.03 pāda b, token náva; Aufrecht and padapāṭha at that stanza; Griffith, Geldner and Grassmann at that stanza","2026-09-07","forts (proposed)"
"PUR-N-021","PUR-P-038","04.026.03","navatí-","navatī́ḥ","b","case=ACC|gender=F|number=PL","neunzig","COUNTS-PUR","99","náva … navatī́ḥ śámbarasya","púraḥ","a","case=ACC|gender=F|number=PL","FULL","case,gender,number","same-hemistich","griffith","1/4","a: 'ahám púro … náva sākáṁ navatī́ḥ śámbarasya'. navatī́ḥ is ACC.PL.F here and agrees with púraḥ FULLY in case, gender and number — the only such agreement in the corpus.","","VERIFIED","SRC-069; SRC-020; SRC-021; SRC-022; SRC-072; SRC-073; SRC-074","RV 04.026.03 pāda b, token navatī́ḥ; Aufrecht and padapāṭha at that stanza; Griffith, Geldner and Grassmann at that stanza","2026-09-07","forts (proposed)"
"PUR-N-022","PUR-P-038","04.026.03","śatatamá-","śatatamám","c","case=ACC|gender=N|number=SG","der hundertste — ORDINAL, not a count of a set","COUNTS-SERIES-COMPLETION","100th (completes the fort series; modifies a dwelling word, not púr-)","śatatamáṁ veśyàm","púraḥ","a","case=ACC|gender=F|number=PL","PARTIAL(case)","case,gender,number","same-stanza","griffith geldner grassmann","3/4","c: 'śatatamáṁ veśyàṁ sarvátātā'. An ORDINAL completing the 99 of pāda a, and it is applied to veśyà- (dwelling/inhabitant), not to púr-. Recorded as a count because it is the 100th of the same series; the noun it modifies is not the fort word.","Verdict is reached against the instruments: agreement=PARTIAL(case), proximity=same-stanza. navatí- is a FEMININE SINGULAR collective ('a ninety') governing a plural noun, so it agrees in case and gender but never in number; a number-agreement test therefore under-reports it by construction.","VERIFIED","SRC-069; SRC-020; SRC-021; SRC-022; SRC-072; SRC-073; SRC-074","RV 04.026.03 pāda c, token śatatamám; Aufrecht and padapāṭha at that stanza; Griffith, Geldner and Grassmann at that stanza","2026-09-07","forts (proposed)"
"PUR-N-023","PUR-P-039","04.027.01","śatá-","śatám","c","case=NOM|gender=N|number=SG","hundert","COUNTS-PUR","100","śatám … púra ā́yasīḥ","púraḥ","c","case=NOM|gender=F|number=PL","PARTIAL(case)","case,gender,number","same-pada","geldner grassmann","2/4","c: 'śatám mā púra ā́yasīr arakṣann'. The forts CONFINE the speaker rather than being stormed.","","VERIFIED","SRC-069; SRC-020; SRC-021; SRC-022; SRC-072; SRC-073; SRC-074","RV 04.027.01 pāda c, token śatám; Aufrecht and padapāṭha at that stanza; Griffith, Geldner and Grassmann at that stanza","2026-09-07","forts (proposed)"
"PUR-N-024","PUR-P-041","04.030.20","śatá-","śatám","a","case=ACC|gender=N|number=SG","hundert","COUNTS-PUR","100","śatám aśmanmáyīnām purā́m","purā́m","b","case=GEN|gender=F|number=PL","NONE","case,gender,number","same-hemistich","geldner grassmann","2/4","a-b: 'śatám aśmanmáyīnām / purā́m índro vy àsyat'. Genitive plural purā́m governed by śatám.","Verdict is reached against the instruments: agreement=NONE, proximity=same-hemistich. navatí- is a FEMININE SINGULAR collective ('a ninety') governing a plural noun, so it agrees in case and gender but never in number; a number-agreement test therefore under-reports it by construction.","VERIFIED","SRC-069; SRC-020; SRC-021; SRC-022; SRC-072; SRC-073; SRC-074","RV 04.030.20 pāda a, token śatám; Aufrecht and padapāṭha at that stanza; Griffith, Geldner and Grassmann at that stanza","2026-09-07","forts (proposed)"
"PUR-N-025","PUR-P-054","06.020.10","saptá-","saptá","c","case=ACC|number=PL","sieben","COUNTS-PUR","7","saptá … púraḥ śā́radīḥ","púraḥ","c","case=ACC|gender=F|number=PL","FULL","case,number","same-pada","griffith grassmann","2/4","c: 'saptá yát púraḥ śárma śā́radīr dárd'. Near-identical wording to 01.174.02b.","","VERIFIED","SRC-069; SRC-020; SRC-021; SRC-022; SRC-072; SRC-073; SRC-074","RV 06.020.10 pāda c, token saptá; Aufrecht and padapāṭha at that stanza; Griffith, Geldner and Grassmann at that stanza","2026-09-07","forts (proposed)"
"PUR-N-026","PUR-P-055","06.031.04","śatá-","śatā́ni","a","case=ACC|gender=N|number=PL","hundert","COUNTS-PUR","100+","śatā́ni … śámbarasya púraḥ","púraḥ","b","case=ACC|gender=F|number=PL","PARTIAL(case,number)","case,gender,number","same-hemistich","griffith geldner grassmann","3/4","a-b: 'tváṁ śatā́ny áva śámbarasya / púro jaghantha'. śatā́ni is PLURAL 'hundreds', not 'a hundred' — the passage counts Śambara's forts in hundreds, an unbounded figure.","Verdict is reached against the instruments: agreement=PARTIAL(case,number), proximity=same-hemistich. navatí- is a FEMININE SINGULAR collective ('a ninety') governing a plural noun, so it agrees in case and gender but never in number; a number-agreement test therefore under-reports it by construction.","VERIFIED","SRC-069; SRC-020; SRC-021; SRC-022; SRC-072; SRC-073; SRC-074","RV 06.031.04 pāda a, token śatā́ni; Aufrecht and padapāṭha at that stanza; Griffith, Geldner and Grassmann at that stanza","2026-09-07","forts (proposed)"
"PUR-N-027","PUR-P-057","06.048.08","śatá-","śatám","c","gender=N|number=SG","hundert","COUNTS-PUR","100","śatám pūrbhíḥ","pūrbhíḥ","c","case=INS|gender=F|number=PL","NONE","gender,number","same-pada","griffith geldner grassmann","3/4","c: 'śatám pūrbhír yaviṣṭha pāhy áṁhasaḥ'. Instrumental: Agni is asked to protect WITH a hundred forts. The forts are the worshipper's defence, not an enemy's.","","VERIFIED","SRC-069; SRC-020; SRC-021; SRC-022; SRC-072; SRC-073; SRC-074","RV 06.048.08 pāda c, token śatám; Aufrecht and padapāṭha at that stanza; Griffith, Geldner and Grassmann at that stanza","2026-09-07","forts (proposed)"
"PUR-N-028","PUR-P-057","06.048.08","śatá-","śatám","d","case=ACC|gender=N|number=SG","hundert","COUNTS-OTHER","","śatáṁ hímāḥ 'a hundred winters'","pūrbhíḥ","c","case=INS|gender=F|number=PL","NONE","case,gender,number","same-hemistich","griffith geldner grassmann","3/4","d: 'sameddhā́raṁ śatáṁ hímā'. A SECOND hundred in the same stanza, counting winters — a lifespan formula. Pāda c's hundred is the fort count.","","VERIFIED","SRC-069; SRC-020; SRC-021; SRC-022; SRC-072; SRC-073; SRC-074","RV 06.048.08 pāda d, token śatám; Aufrecht and padapāṭha at that stanza; Griffith, Geldner and Grassmann at that stanza","2026-09-07","forts (proposed)"
"PUR-N-029","PUR-P-059","07.003.07","śatá-","śatám","d","gender=N|number=SG","hundert","COUNTS-PUR","100","śatám pūrbhír ā́yasībhiḥ","pūrbhíḥ","d","case=INS|gender=F|number=PL","NONE","gender,number","same-pada","geldner grassmann","2/4","d: 'śatám pūrbhír ā́yasībhir ní pāhi'. Protective, and the forts are ā́yasī- 'of metal'.","","VERIFIED","SRC-069; SRC-020; SRC-021; SRC-022; SRC-072; SRC-073; SRC-074","RV 07.003.07 pāda d, token śatám; Aufrecht and padapāṭha at that stanza; Griffith, Geldner and Grassmann at that stanza","2026-09-07","forts (proposed)"
"PUR-N-030","PUR-P-063","07.016.10","śatá-","śatám","d","gender=N|number=SG","hundert","COUNTS-PUR","100","śatám pūrbhíḥ","pūrbhíḥ","d","case=INS|gender=F|number=PL","NONE","gender,number","same-pada","griffith geldner grassmann","3/4","d: 'partŕ̥bhiṣ ṭváṁ śatám pūrbhír yaviṣṭhya'. Protective.","","VERIFIED","SRC-069; SRC-020; SRC-021; SRC-022; SRC-072; SRC-073; SRC-074","RV 07.016.10 pāda d, token śatám; Aufrecht and padapāṭha at that stanza; Griffith, Geldner and Grassmann at that stanza","2026-09-07","forts (proposed)"
"PUR-N-031","PUR-P-064","07.018.13","saptá-","saptá","b","case=ACC|number=PL","sieben","COUNTS-PUR","7","púraḥ … saptá","púraḥ","b","case=ACC|gender=F|number=PL","FULL","case,number","same-pada","griffith geldner grassmann","3/4","b: 'índraḥ púraḥ sáhasā saptá dardaḥ'. Adjacent, ACC.PL.","","VERIFIED","SRC-069; SRC-020; SRC-021; SRC-022; SRC-072; SRC-073; SRC-074","RV 07.018.13 pāda b, token saptá; Aufrecht and padapāṭha at that stanza; Griffith, Geldner and Grassmann at that stanza","2026-09-07","forts (proposed)"
"PUR-N-032","PUR-P-065","07.019.05","náva- 1","náva","b","case=ACC|number=PL","neun","COUNTS-PUR","99","náva … púro navatíṁ ca","púraḥ","b","case=ACC|gender=F|number=PL","FULL","case,number","same-pada","griffith geldner grassmann","3/4","Second half of the same expression.","","VERIFIED","SRC-069; SRC-020; SRC-021; SRC-022; SRC-072; SRC-073; SRC-074","RV 07.019.05 pāda b, token náva; Aufrecht and padapāṭha at that stanza; Griffith, Geldner and Grassmann at that stanza","2026-09-07","forts (proposed)"
"PUR-N-033","PUR-P-065","07.019.05","navatí-","navatím","b","case=ACC|gender=F|number=SG","neunzig","COUNTS-PUR","99","náva … púro navatíṁ ca","púraḥ","b","case=ACC|gender=F|number=PL","PARTIAL(case,gender)","case,gender,number","same-pada","griffith","1/4","b: 'náva yát púro navatíṁ ca sadyáḥ'. ca joins the numerals around púraḥ.","","VERIFIED","SRC-069; SRC-020; SRC-021; SRC-022; SRC-072; SRC-073; SRC-074","RV 07.019.05 pāda b, token navatím; Aufrecht and padapāṭha at that stanza; Griffith, Geldner and Grassmann at that stanza","2026-09-07","forts (proposed)"
"PUR-N-034","PUR-P-065","07.019.05","śatatamá-","śatatamā́","c","case=ACC|gender=N|number=PL","der hundertste — ORDINAL, not a count of a set","COUNTS-SERIES-COMPLETION","100th (completes the fort series; modifies a dwelling word, not púr-)","nivéśane śatatamā́","púraḥ","b","case=ACC|gender=F|number=PL","PARTIAL(case,number)","case,gender,number","same-stanza","griffith geldner grassmann","3/4","c: 'nivéśane śatatamā́viveṣīr'. Same schema as 04.026.03c: 99 in pāda b, the hundredth in pāda c, again on a dwelling word (nivéśana-) rather than on púr-.","Verdict is reached against the instruments: agreement=PARTIAL(case,number), proximity=same-stanza. navatí- is a FEMININE SINGULAR collective ('a ninety') governing a plural noun, so it agrees in case and gender but never in number; a number-agreement test therefore under-reports it by construction.","VERIFIED","SRC-069; SRC-020; SRC-021; SRC-022; SRC-072; SRC-073; SRC-074","RV 07.019.05 pāda c, token śatatamā́; Aufrecht and padapāṭha at that stanza; Griffith, Geldner and Grassmann at that stanza","2026-09-07","forts (proposed)"
"PUR-N-035","PUR-P-067","07.026.03","éka-","ékaḥ","c","case=NOM|gender=M|number=SG","ein, einzig — also 'alone'; quantifier as often as count","COUNTS-OTHER","","pátir ékaḥ 'one husband' (simile)","púraḥ","d","case=ACC|gender=F|number=PL","NONE","case,gender,number","same-hemistich","griffith geldner grassmann","3/4","c: 'jánīr iva pátir ékaḥ samānó'. Inside the simile. The forts in pāda d are sárvāḥ 'all', uncounted.","","VERIFIED","SRC-069; SRC-020; SRC-021; SRC-022; SRC-072; SRC-073; SRC-074","RV 07.026.03 pāda c, token ékaḥ; Aufrecht and padapāṭha at that stanza; Griffith, Geldner and Grassmann at that stanza","2026-09-07","forts (proposed)"
"PUR-N-036","PUR-P-070","07.099.05","náva- 1","náva","b","case=ACC|number=PL","neun","COUNTS-PUR","99","náva púro navatíṁ ca","púraḥ","b","case=ACC|gender=F|number=PL","FULL","case,number","same-pada","griffith geldner grassmann","3/4","Second half of the same expression.","","VERIFIED","SRC-069; SRC-020; SRC-021; SRC-022; SRC-072; SRC-073; SRC-074","RV 07.099.05 pāda b, token náva; Aufrecht and padapāṭha at that stanza; Griffith, Geldner and Grassmann at that stanza","2026-09-07","forts (proposed)"
"PUR-N-037","PUR-P-070","07.099.05","navatí-","navatím","b","case=ACC|gender=F|number=SG","neunzig","COUNTS-PUR","99","náva púro navatíṁ ca śámbarasya","púraḥ","b","case=ACC|gender=F|number=PL","PARTIAL(case,gender)","case,gender,number","same-pada","griffith","1/4","b: 'náva púro navatíṁ ca śnathiṣṭam', with śámbarasya in pāda a.","","VERIFIED","SRC-069; SRC-020; SRC-021; SRC-022; SRC-072; SRC-073; SRC-074","RV 07.099.05 pāda b, token navatím; Aufrecht and padapāṭha at that stanza; Griffith, Geldner and Grassmann at that stanza","2026-09-07","forts (proposed)"
"PUR-N-038","PUR-P-070","07.099.05","śatá-","śatám","c","case=ACC|gender=N|number=SG","hundert","COUNTS-OTHER","","śatáṁ … sahásraṁ varcínaḥ","púraḥ","b","case=ACC|gender=F|number=PL","PARTIAL(case)","case,gender,number","same-stanza","griffith geldner grassmann","3/4","c: 'śatáṁ varcínaḥ sahásraṁ ca sākáṁ'. Varcin's men, in the very stanza whose pāda b states 99 forts. The clearest demonstration that stanza co-occurrence is not attachment.","","VERIFIED","SRC-069; SRC-020; SRC-021; SRC-022; SRC-072; SRC-073; SRC-074","RV 07.099.05 pāda c, token śatám; Aufrecht and padapāṭha at that stanza; Griffith, Geldner and Grassmann at that stanza","2026-09-07","forts (proposed)"
"PUR-N-039","PUR-P-070","07.099.05","sahásra-","sahásram","c","case=ACC|gender=N|number=SG","tausend","COUNTS-OTHER","","śatáṁ … sahásraṁ varcínaḥ","púraḥ","b","case=ACC|gender=F|number=PL","PARTIAL(case)","case,gender,number","same-stanza","griffith geldner","2/4","As above.","","VERIFIED","SRC-069; SRC-020; SRC-021; SRC-022; SRC-072; SRC-073; SRC-074","RV 07.099.05 pāda c, token sahásram; Aufrecht and padapāṭha at that stanza; Griffith, Geldner and Grassmann at that stanza","2026-09-07","forts (proposed)"
"PUR-N-040","PUR-P-077","08.033.05","sahásra-","sahásrā","c","case=ACC|gender=N|number=PL","tausend","COUNTS-OTHER","","sahásrā … śatā́magha (of Indra's gifts)","pūrbhít","d","case=NOM|gender=M|number=SG","NONE","case,gender,number","same-hemistich","griffith","1/4","c: 'yá ākaráḥ sahásrā yáḥ śatā́magha'. Indra's giving. pūrbhíd in pāda d is an epithet with no numeral.","","VERIFIED","SRC-069; SRC-020; SRC-021; SRC-022; SRC-072; SRC-073; SRC-074","RV 08.033.05 pāda c, token sahásrā; Aufrecht and padapāṭha at that stanza; Griffith, Geldner and Grassmann at that stanza","2026-09-07","forts (proposed)"
"PUR-N-041","PUR-P-080","08.061.08","sahásra-","sahásrāṇi","a","case=ACC|gender=N|number=PL","tausend","COUNTS-OTHER","","sahásrāṇi śatā́ni yūthā́ 'thousands and hundreds of herds'","puraṃdarám","c","case=ACC|gender=M|number=SG","PARTIAL(case)","case,gender,number","same-stanza","griffith","1/4","a: 'tvám purū́ sahásrāṇi śatā́ni ca yūthā́ dānā́ya'. Cattle, not forts. puraṁdarám in pāda c is an epithet.","","VERIFIED","SRC-069; SRC-020; SRC-021; SRC-022; SRC-072; SRC-073; SRC-074","RV 08.061.08 pāda a, token sahásrāṇi; Aufrecht and padapāṭha at that stanza; Griffith, Geldner and Grassmann at that stanza","2026-09-07","forts (proposed)"
"PUR-N-042","PUR-P-080","08.061.08","śatá-","śatā́ni","a","case=ACC|gender=N|number=PL","hundert","COUNTS-OTHER","","sahásrāṇi śatā́ni yūthā́","puraṃdarám","c","case=ACC|gender=M|number=SG","PARTIAL(case)","case,gender,number","same-stanza","griffith","1/4","As above.","","VERIFIED","SRC-069; SRC-020; SRC-021; SRC-022; SRC-072; SRC-073; SRC-074","RV 08.061.08 pāda a, token śatā́ni; Aufrecht and padapāṭha at that stanza; Griffith, Geldner and Grassmann at that stanza","2026-09-07","forts (proposed)"
"PUR-N-043","PUR-P-085","08.093.02","náva- 1","náva","a","case=ACC|number=PL","neun","COUNTS-PUR","99","náva … navatím púraḥ","púraḥ","a","case=ACC|gender=F|number=PL","FULL","case,number","same-pada","griffith geldner grassmann","3/4","Second half of the same expression.","","VERIFIED","SRC-069; SRC-020; SRC-021; SRC-022; SRC-072; SRC-073; SRC-074","RV 08.093.02 pāda a, token náva; Aufrecht and padapāṭha at that stanza; Griffith, Geldner and Grassmann at that stanza","2026-09-07","forts (proposed)"
"PUR-N-044","PUR-P-085","08.093.02","navatí-","navatím","a","case=ACC|gender=F|number=SG","neunzig","COUNTS-PUR","99","náva … navatím púraḥ","púraḥ","a","case=ACC|gender=F|number=PL","PARTIAL(case,gender)","case,gender,number","same-pada","griffith","1/4","a: 'náva yó navatím púro bibhéda'. All three numeral words and púraḥ in one pāda.","","VERIFIED","SRC-069; SRC-020; SRC-021; SRC-022; SRC-072; SRC-073; SRC-074","RV 08.093.02 pāda a, token navatím; Aufrecht and padapāṭha at that stanza; Griffith, Geldner and Grassmann at that stanza","2026-09-07","forts (proposed)"
"PUR-N-045","PUR-P-089","09.048.02","śatá-","śatám","c","case=ACC|gender=N|number=SG","hundert","COUNTS-PUR","100","śatám púraḥ","púraḥ","c","case=ACC|gender=F|number=PL","PARTIAL(case)","case,gender,number","same-pada","griffith geldner grassmann","3/4","c: 'śatám púro rurukṣáṇim'. Of Soma, not Indra: 'wishing to break a hundred forts'.","","VERIFIED","SRC-069; SRC-020; SRC-021; SRC-022; SRC-072; SRC-073; SRC-074","RV 09.048.02 pāda c, token śatám; Aufrecht and padapāṭha at that stanza; Griffith, Geldner and Grassmann at that stanza","2026-09-07","forts (proposed)"
"PUR-N-046","PUR-P-095","10.067.05","trí-","trī́ṇi","b","case=ACC|gender=N|number=PL","drei","COUNTS-OTHER","","nís trī́ṇi … udadhér 'three from the sea'","púram","a","case=ACC|gender=F|number=SG","PARTIAL(case)","case,gender,number","same-hemistich","griffith geldner grassmann","3/4","b: 'nís trī́ṇi sākám udadhér akr̥ntat'. Geldner 'erlöste er auf einmal die Drei aus dem Meere'; the three are enumerated in pāda c as dawn, sun and cow. púram in pāda a is singular and uncounted.","","VERIFIED","SRC-069; SRC-020; SRC-021; SRC-022; SRC-072; SRC-073; SRC-074","RV 10.067.05 pāda b, token trī́ṇi; Aufrecht and padapāṭha at that stanza; Griffith, Geldner and Grassmann at that stanza","2026-09-07","forts (proposed)"
"PUR-N-047","PUR-P-101","10.104.08","saptá-","saptá","a","case=NOM|number=PL","sieben","COUNTS-OTHER","","saptá ā́paḥ 'seven waters'","pūrbhít","b","case=NOM|gender=M|number=SG","PARTIAL(case)","case,number","same-hemistich","griffith","1/4","a: 'saptā́po devī́ḥ suráṇā ámr̥ktā'. Waters, not forts.","","VERIFIED","SRC-069; SRC-020; SRC-021; SRC-022; SRC-072; SRC-073; SRC-074","RV 10.104.08 pāda a, token saptá; Aufrecht and padapāṭha at that stanza; Griffith, Geldner and Grassmann at that stanza","2026-09-07","forts (proposed)"
"PUR-N-048","PUR-P-101","10.104.08","navatí-","navatím","c","case=ACC|gender=F|number=SG","neunzig","COUNTS-OTHER","","navatíṁ … náva ca srávantīḥ '99 flowing streams'","pūrbhít","b","case=NOM|gender=M|number=SG","PARTIAL(number)","case,gender,number","same-stanza","griffith","1/4","c: 'navatíṁ srotyā́ náva ca srávantīr'. THE CONTROL CASE. The identical náva…navatí- expression, in the identical ACC.SG.F construction, counting RIVERS. Griffith 'nine-and-ninety flowing streams', Geldner 'die neunundneunzig fließenden Ströme', Grassmann 'Die neunundneunzig Flüsse'. All three agree. pūrbhít in pāda b is a vocative-position epithet of Indra and takes no numeral.","","VERIFIED","SRC-069; SRC-020; SRC-021; SRC-022; SRC-072; SRC-073; SRC-074","RV 10.104.08 pāda c, token navatím; Aufrecht and padapāṭha at that stanza; Griffith, Geldner and Grassmann at that stanza","2026-09-07","forts (proposed)"
"PUR-N-049","PUR-P-101","10.104.08","náva- 1","náva","c","case=ACC|number=PL","neun","COUNTS-OTHER","","navatíṁ … náva ca srávantīḥ","pūrbhít","b","case=NOM|gender=M|number=SG","NONE","case,number","same-stanza","griffith","1/4","Second half of the 99-rivers expression.","","VERIFIED","SRC-069; SRC-020; SRC-021; SRC-022; SRC-072; SRC-073; SRC-074","RV 10.104.08 pāda c, token náva; Aufrecht and padapāṭha at that stanza; Griffith, Geldner and Grassmann at that stanza","2026-09-07","forts (proposed)"
