"field","zurich_lemma","grassmann_lemma","tokens","keyword","verdict","reason","gloss"
"INCISE","√rikh-","√ rikh-","2","ritz","TRUE","Grassmann glosses it 'ritzen', to scratch or incise. The only root in the corpus so glossed.","ritzen"
"INCISE","√ukṣ-","√ ukṣ-","23","ritz","FALSE-POSITIVE","GERMAN MORPHOLOGY. 'spritzen', to spray, contains the substring ritz.","spritzen, besprengen"
"INCISE","√skand-","√ skand-","11","ritz","FALSE-POSITIVE","GERMAN MORPHOLOGY. 'spritzen', to spray, contains the substring ritz.","springen, hüpfen, herabfallen, herausspritzen, auslaufen"
"INCISE","√pruṣāy-","√ pruṣⁱ-","8","ritz","FALSE-POSITIVE","GERMAN MORPHOLOGY. 'spritzen', to spray, contains the substring ritz.","träufeln, beträufeln, sprühen, besprengen, bespritzen, ausschütten"
"INCISE","ghr̥taprúṣ-","ghr̥taprúṣ-","6","ritz","FALSE-POSITIVE","GERMAN MORPHOLOGY. 'spritzen', to spray, contains the substring ritz.","Schmelzbutter, Ghee träufelnd; Schmelzbutter sprühend, spritzend"
"INCISE","√pruṣⁱ-","√ pruṣⁱ-","5","ritz","FALSE-POSITIVE","GERMAN MORPHOLOGY. 'spritzen', to spray, contains the substring ritz.","träufeln, beträufeln, sprühen, besprengen, bespritzen, ausschütten"
"INCISE","√vakṣ-","√ ukṣ-","3","ritz","FALSE-POSITIVE","GERMAN MORPHOLOGY. 'spritzen', to spray, contains the substring ritz.","spritzen, besprengen"
"INCISE","dhvasrá-","dhvasrá-","3","ritz","FALSE-POSITIVE","GERMAN MORPHOLOGY. 'spritzen', to spray, contains the substring ritz.","etwa: 'spritzend, stiebend, verdunkelt, unsichtbar; N. pr. m. in RV 09.058.03, oder auch Frauenname"
"INCISE","jághri-","jághri-","1","ritz","FALSE-POSITIVE","GERMAN MORPHOLOGY. 'spritzen', to spray, contains the substring ritz.","verspritzend"
"INCISE","br̥hadúkṣ-","br̥hadúkṣ-","1","ritz","FALSE-POSITIVE","GERMAN MORPHOLOGY. 'spritzen', to spray, contains the substring ritz.","'hoch gewachsen' (oder 'reichlich, stark spritzend'?)"
"INCISE","śr̥ṅgavr̥ṣ-","śr̥ṅgavr̥ṣ-","1","ritz","FALSE-POSITIVE","GERMAN MORPHOLOGY. 'spritzen', to spray, contains the substring ritz.","N. pr., unklar ('der einen ganzen Regen an gehörntem Vieh hat' oder 'aus dem Horn spritzend'; oder: 'der ein gehörntes Haupt hat' oder 'hoch durch, mit seinem Horn')"
"INCISE","abhraprúṣ-","abhraprúṣ-","1","ritz","FALSE-POSITIVE","GERMAN MORPHOLOGY. 'spritzen', to spray, contains the substring ritz.","aus der Wolke {Wasser} spritzend; f. Regenschauer (?)"
"INCISE","pariprúṣ-","pariprúṣ-","1","ritz","FALSE-POSITIVE","GERMAN MORPHOLOGY. 'spritzen', to spray, contains the substring ritz.","ringum (Wasser) verspritzend"
"MARK","nā́man-","nā́man-","117","zeichen","TRUE","'Name, Benennung, Kennzeichen', where Kennzeichen is a distinguishing mark.","Name, Benennung, Kennzeichen, Wesen, Eigentümlichkeit"
"MARK","ketú-","ketú-","82","zeichen","TRUE","'Erscheinung, Kennzeichen, Lichterscheinung, Helle, Gestalt': a visible sign, in the corpus typically a light or a banner.","Erscheinung, Kennzeichen, Lichterscheinung, Helle, Gestalt"
"MARK","śréṇi-","śréṇi-","6","linie","TRUE","'Reihe, Linie Zug, Schar, Gruppe': a line in the sense of a rank of people or things, not a drawn line.","Reihe, Linie Zug, Schar, Gruppe"
"MARK","yakṣá-","yakṣá-","4","zeichen","TRUE","'Erscheinung, Wundererscheinung, Blendwerk, Vorzeichen': a portent.","Erscheinung, Wundererscheinung, Blendwerk, Vorzeichen, Phänomen"
"MARK","sálakṣman-","sálakṣman-","2","merkmal","TRUE","'gleiches Merkmal habend', having the same mark.","gleiches Merkmal habend"
"MARK","√akṣ-","√ akṣ- 1","1","zeichn","TRUE","Grassmann's √akṣ- 1 is 'kennzeichnen, Ohrenmarken einstechen', to mark, to cut ear-marks. Only the surface níraṣṭāḥ resolves to it; ákṣat and ā́kṣiṣuḥ resolve to √akṣ- 2 'erreichen (?)', a different root the Zurich lemma string merges with it.","kennzeichnen, Ohrenmarken einstechen"
"MARK","tryàruṣa-","tryàruṣa-","1","zeichn","TRUE","'an drei Stellen rötlich gezeichnet', marked with red in three places.","an drei Stellen rötlich gezeichnet"
"MARK","aṣṭakarṇá-","aṣṭakarṇá-","1","zeichn","TRUE","'mit gekennzeichneten Ohren (von Rind und Ross)', of marked ears on cattle and horses: property marking on animals.","mit gekennzeichneten Ohren (von Rind und Ross)"
"MARK","lakṣmī́-","lakṣmī́-","1","zeichen","TRUE","'gutes, glückliches Zeichen', an auspicious sign.","'gutes, glückliches Zeichen' (AV+: 'Glück, Glückszeichen'; jünger: 'Glücksgöttin, Lakṣmī'"
"MARK","vásu-","vásu-","476","bezeichn","FALSE-POSITIVE","METALANGUAGE. Grassmann's German 'Bezeichnung eines Volkes', 'the designation of a people', describes what the dictionary entry does, not what the Vedic word means.","gut, herrlich, trefflich, Bezeichnung der Götter; Gut"
"MARK","váruṇa-","váruṇa-","396","bezeichn","FALSE-POSITIVE","METALANGUAGE. Grassmann's German 'Bezeichnung eines Volkes', 'the designation of a people', describes what the dictionary entry does, not what the Vedic word means.","Name eines Gottes, eines Aditi-Nachkommen; oft als Götterkönig bezeichnet, vielfach mit Mitra verbunden"
"MARK","√cit-","√ cit-","230","zeichn","FALSE-POSITIVE","GERMAN MORPHOLOGY. 'sich auszeichnen' means to excel.","CET1 'erkennen, auf etwas achthaben'; CET2 'glänzen, leuchten, sich zeigen, sich auszeichnen'"
"MARK","rudrá-","rudrá-","135","bezeichn","FALSE-POSITIVE","METALANGUAGE. Grassmann's German 'Bezeichnung eines Volkes', 'the designation of a people', describes what the dictionary entry does, not what the Vedic word means.","Name eines Gottes; Pl. einer Götterklasse (auch Bezeichnung anderer vedischer Götter)"
"MARK","bhága-","bhága-","128","bezeichn","FALSE-POSITIVE","METALANGUAGE. Grassmann's German 'Bezeichnung eines Volkes', 'the designation of a people', describes what the dictionary entry does, not what the Vedic word means.","Wohlstand, Glück, Besitz, Vermögen; ""Zuteilung"" als Personifikation, Bezeichnung von Göttern, Name eines Āditya"
"MARK","nā́satya-","nā́satya-","101","bezeichn","FALSE-POSITIVE","METALANGUAGE. Grassmann's German 'Bezeichnung eines Volkes', 'the designation of a people', describes what the dictionary entry does, not what the Vedic word means.","Du., Götternamen, Bezeichnung der beiden Aśvin; wohl Vriddhibildung zu *nas-atí-, von NAS"
"MARK","ásura-","ásura-","71","bezeichn","FALSE-POSITIVE","METALANGUAGE. Grassmann's German 'Bezeichnung eines Volkes', 'the designation of a people', describes what the dictionary entry does, not what the Vedic word means.","göttlich, mächtig; m. Gott, Herr, Bezeichnung einer Gruppe von Göttern, 'Asura'; in jüngeren Textschichten des RV (10)  zu widergöttlichen Dämonen abgewertet"
"MARK","paṇí-","paṇí-","50","bezeichn","FALSE-POSITIVE","METALANGUAGE. Grassmann's German 'Bezeichnung eines Volkes', 'the designation of a people', describes what the dictionary entry does, not what the Vedic word means.","Bezeichnung eines den Göttern feindlichen Dämons, des Oberhauptes der götterfeindlichen Gruppe der paṇáyas"
"MARK","púraṃdhi-","púraṃdhi-","48","bezeichn","FALSE-POSITIVE","METALANGUAGE. Grassmann's German 'Bezeichnung eines Volkes', 'the designation of a people', describes what the dictionary entry does, not what the Vedic word means.","etwa: 'Segensfülle, Reichtum'; auch Personifikation der Segensfülle, Name einer Göttin; Bezeichnung einer fruchtbaren Frau"
"MARK","rákṣas-","rákṣas-","47","bezeichn","FALSE-POSITIVE","METALANGUAGE. Grassmann's German 'Bezeichnung eines Volkes', 'the designation of a people', describes what the dictionary entry does, not what the Vedic word means.","Beschädigung; Bezeichnung nächtlicher Unholde"
"MARK","uśíj-","uśíj-","31","bezeichn","FALSE-POSITIVE","METALANGUAGE. Grassmann's German 'Bezeichnung eines Volkes', 'the designation of a people', describes what the dictionary entry does, not what the Vedic word means.","Epitheton von Opferern; auch des Agni;
Bezeichnung von Angehörigen eines Clans bzw. einer bestimmten Klasse von Opferern; Titel?"
"MARK","párijman-","párijman-","28","bezeichn","FALSE-POSITIVE","METALANGUAGE. Grassmann's German 'Bezeichnung eines Volkes', 'the designation of a people', describes what the dictionary entry does, not what the Vedic word means.","wohl 'ringsherum seiend'; Bezeichnung von Göttern und göttlichen Elementen; in 1.112.4 nach Geldner ein Günstling der Aśvin"
"MARK","śūṣá-","śūṣá-","23","bezeichn","FALSE-POSITIVE","METALANGUAGE. Grassmann's German 'Bezeichnung eines Volkes', 'the designation of a people', describes what the dictionary entry does, not what the Vedic word means.","eine Bezeichnung für Kämpfer, Waffen, das Preislied, den Soma"
"MARK","keśín-","keśín-","21","bezeichn","FALSE-POSITIVE","METALANGUAGE. Grassmann's German 'Bezeichnung eines Volkes', 'the designation of a people', describes what the dictionary entry does, not what the Vedic word means.","langhaarig; auch Bezeichnung der Flammen, des Rosses, u.a."
"MARK","gandharvá-","gandharvá-","20","bezeichn","FALSE-POSITIVE","METALANGUAGE. Grassmann's German 'Bezeichnung eines Volkes', 'the designation of a people', describes what the dictionary entry does, not what the Vedic word means.","Bezeichnung mythischer Wesen, in besonderer Beziehung zu Soma stehend"
"MARK","nidhí-","nidhí-","16","bezeichn","FALSE-POSITIVE","METALANGUAGE. Grassmann's German 'Bezeichnung eines Volkes', 'the designation of a people', describes what the dictionary entry does, not what the Vedic word means.","bezeichnet den Ort des Niederlegens (Aufbewahrens) oder das Niedergelegte (DHĀ?)"
"MARK","kakṣī́vant-","kakṣī́vant-","14","bezeichn","FALSE-POSITIVE","METALANGUAGE. Grassmann's German 'Bezeichnung eines Volkes', 'the designation of a people', describes what the dictionary entry does, not what the Vedic word means.","N. pr.; Name eines r̥ṣi
abgeleitet wohl von kákṣa- ('Körperteilbezeichnung' oder 'Gebüsch')"
"MARK","dhātár-","dhātár-","14","bezeichn","FALSE-POSITIVE","METALANGUAGE. Grassmann's German 'Bezeichnung eines Volkes', 'the designation of a people', describes what the dictionary entry does, not what the Vedic word means.","Anstifter, Vollführer; Bezeichnung der Priester, die das Opfer anordnen, die Opfergabe darbringen; Schöpfer"
"MARK","atithigvá-","atithigvá-","13","bezeichn","FALSE-POSITIVE","METALANGUAGE. Grassmann's German 'Bezeichnung eines Volkes', 'the designation of a people', describes what the dictionary entry does, not what the Vedic word means.","Personenname, etwa 'Gast-Rinder habend' (als Bezeichnung für jem., der mit seiner Wanderherde herumzieht?) oder 'Rinder für (seine) Gäste habend, aufwartend'?"
"MARK","dhiyā́vasu-","dhiyā́vasu-","11","zeichn","FALSE-POSITIVE","METALANGUAGE. The gloss is a starred paraphrase of the compound's structure, '*Gut habend das durch Gedanken gekennzeichnet ist', not a sense of the word.","an achtsamer Fürsorge reich
['*Gut habend das durch Gedanken gekennzeichnet ist'?]"
"MARK","auśijá-","auśijá-","10","bezeichn","FALSE-POSITIVE","METALANGUAGE. Grassmann's German 'Bezeichnung eines Volkes', 'the designation of a people', describes what the dictionary entry does, not what the Vedic word means.","zu uśíj- gehörig, von (den) uśíj- stammend; (Vriddhibildung von uśíj-, einer Bezeichnung von Angehörigen eines Clans bzw. einer bestimmten Klasse von Opferern)"
"MARK","prabhú-","prabhú-","9","zeichn","FALSE-POSITIVE","GERMAN MORPHOLOGY. 'ausgezeichnet' means excellent and contains the substring zeichn.","'hervorragend, mächtig, ausgezeichnet' < *'vorne, voran seiend' (')"
"MARK","ghr̥tápr̥ṣṭha-","ghr̥tápr̥ṣṭha-","9","strich","FALSE-POSITIVE","GERMAN MORPHOLOGY. 'bestrichen', smeared, contains strich.","dessen Rücken mit Fett, Ghee bestrichen ist (gesagt von Agni)"
"MARK","√śad-","√ śad-","9","zeichn","FALSE-POSITIVE","GERMAN MORPHOLOGY. 'sich auszeichnen' means to excel.","sich auszeichnen, hervorragen, triumphieren"
"MARK","náhus-","náhus-","9","bezeichn","FALSE-POSITIVE","METALANGUAGE. Grassmann's German 'Bezeichnung eines Volkes', 'the designation of a people', describes what the dictionary entry does, not what the Vedic word means.","náhuṣ(a)-: wohl Bezeichnung eines Stammes oder N. pr., Mannesname, wohl 'Name eines Spenders' (RV 01.122.8.10.11, 08.008.03)"
"MARK","paruṣá-","paruṣá-","9","bezeichn","FALSE-POSITIVE","METALANGUAGE. Grassmann's German 'Bezeichnung eines Volkes', 'the designation of a people', describes what the dictionary entry does, not what the Vedic word means.","eine Farbbezeichnung (von Rindern, Wolle), wohl: 'grau, graubraun, schmutzfarben, schmutzig, struppig'; in 6.56.3 paruṣé gávi vielleicht ""zerlegtes N. pr."" (Geldner)"
"MARK","ī́vant-","ī́vant-","8","zeichn","FALSE-POSITIVE","GERMAN MORPHOLOGY. 'ausgezeichnet' means excellent and contains the substring zeichn.","so gross, so viel, so ausgezeichnet"
"MARK","víbhūti-","víbhūti-","7","zeichn","FALSE-POSITIVE","GERMAN MORPHOLOGY. 'ausgezeichnet' means excellent and contains the substring zeichn.","ausgezeichnet, mächtig; reichlich, herrlich"
"MARK","tríkadruka-","tríkadruka-","7","bezeichn","FALSE-POSITIVE","METALANGUAGE. Grassmann's German 'Bezeichnung eines Volkes', 'the designation of a people', describes what the dictionary entry does, not what the Vedic word means.","Plural, wohl: 'Bezeichnung bestimmter Soma-Gefässe', wohl in Zusammenhang mit kadrū́- zu betrachten
GM: drei Kadrugefässe, Zusammenstellung von drei kadrū-Gefässen zu einer Darbietung"
"MARK","dā́nu- 2","dā́nu- 2","7","bezeichn","FALSE-POSITIVE","METALANGUAGE. Grassmann's German 'Bezeichnung eines Volkes', 'the designation of a people', describes what the dictionary entry does, not what the Vedic word means.","bezeichnet den Regen, 'träufelnd, träufelnde Flüssigkeit'; 'Gabe' (Regen als Himmelsgabe)"
"MARK","āṅgirasá-","āṅgirasá-","7","bezeichn","FALSE-POSITIVE","METALANGUAGE. Grassmann's German 'Bezeichnung eines Volkes', 'the designation of a people', describes what the dictionary entry does, not what the Vedic word means.","von den aṅgiras stammend; m. Name bzw. Bezeichnung von Sängerfamilien"
"MARK","gātuvíttama-","gātuvíttama-","7","zeichn","FALSE-POSITIVE","GERMAN MORPHOLOGY. 'ausgezeichnet' means excellent and contains the substring zeichn.","den Weg am besten findend, über den Weg ausgezeichnet Bescheid wissend, der beste Pfadfinder"
"MARK","urváśī-","urváśī-","6","bezeichn","FALSE-POSITIVE","METALANGUAGE. Grassmann's German 'Bezeichnung eines Volkes', 'the designation of a people', describes what the dictionary entry does, not what the Vedic word means.","Name einer Apsaras bzw. Name oder Bezeichnung einiger göttlicher oder halbgöttlicher Wesen; Bed. unklar; 'weithin reichende Wünsche habend'?, 'Schafweibchen'?, 'weithin reichendes Geschoss habend'?"
"MARK","prajā́pati-","prajā́pati-","6","bezeichn","FALSE-POSITIVE","METALANGUAGE. Grassmann's German 'Bezeichnung eines Volkes', 'the designation of a people', describes what the dictionary entry does, not what the Vedic word means.","Herr der Nachkommenschaft, der Zeugung; Herr der Geschöpfe; Bezeichnung eines Gottes, welcher der Zeugung vorsteht und Nachkommenschaft gibt"
"MARK","áṇvī-","áṇvī-","5","bezeichn","FALSE-POSITIVE","METALANGUAGE. Grassmann's German 'Bezeichnung eines Volkes', 'the designation of a people', describes what the dictionary entry does, not what the Vedic word means.","Bezeichnung der Finger, die bei der Somabereitung tätig sind"
"MARK","suśrī́-","suśrī́-","5","zeichn","FALSE-POSITIVE","GERMAN MORPHOLOGY. 'ausgezeichnet' means excellent and contains the substring zeichn.","schönen Glanz habend, glanzvoll, trefflich, vollkommen, ausgezeichnet"
"MARK","śyā́vī-","śyā́vī-","4","bezeichn","FALSE-POSITIVE","METALANGUAGE. Grassmann's German 'Bezeichnung eines Volkes', 'the designation of a people', describes what the dictionary entry does, not what the Vedic word means.","dunkelbraune Stute; Bezeichnung der dunklen Nacht"
"MARK","pótar-","pótar-","4","bezeichn","FALSE-POSITIVE","METALANGUAGE. Grassmann's German 'Bezeichnung eines Volkes', 'the designation of a people', describes what the dictionary entry does, not what the Vedic word means.","Bezeichnung eines Opferpriesters"
"MARK","ánu-","ánu-","4","bezeichn","FALSE-POSITIVE","METALANGUAGE. Grassmann's German 'Bezeichnung eines Volkes', 'the designation of a people', describes what the dictionary entry does, not what the Vedic word means.","(meist Plur.) Bezeichnung eines Volkes (bzw. von dessen Angehörigen), zusammen mit anderen Völkern erwähnt"
"MARK","aśvyá-","aśvyá-","4","bezeichn","FALSE-POSITIVE","METALANGUAGE. Grassmann's German 'Bezeichnung eines Volkes', 'the designation of a people', describes what the dictionary entry does, not what the Vedic word means.","Stammesname des Vaśa; eine andere Person bezeichnet wohl a° in RV 08.024.14)"
"MARK","br̥haddivā́-","br̥haddivá-","4","bezeichn","FALSE-POSITIVE","METALANGUAGE. Grassmann's German 'Bezeichnung eines Volkes', 'the designation of a people', describes what the dictionary entry does, not what the Vedic word means.","im hohen Himmel weilend, himmlisch; f. Bezeichnung einer auch als ""Mutter"" bezeichneten Göttin, welche besonbders neben íḍā, neben sárasvatī und rākā́ genannt wird"
"MARK","viśvā́vasu-","viśvā́vasu-","4","bezeichn","FALSE-POSITIVE","METALANGUAGE. Grassmann's German 'Bezeichnung eines Volkes', 'the designation of a people', describes what the dictionary entry does, not what the Vedic word means.","alles Gut besitzend; m. Beiname eines Gandharven bzw. Bezeichnung desselben"
"MARK","náhuṣa-","náhuṣa-","3","bezeichn","FALSE-POSITIVE","METALANGUAGE. Grassmann's German 'Bezeichnung eines Volkes', 'the designation of a people', describes what the dictionary entry does, not what the Vedic word means.","náhuṣ(a)-: wohl Bezeichnung eines Stammes oder N. pr., Mannesname"
"MARK","áśvabudhya-","áśvabudhya-","3","zeichn","FALSE-POSITIVE","GERMAN MORPHOLOGY. 'ausgezeichnet' means excellent and contains the substring zeichn.","durch Rosse bemerkenswert oder ausgezeichnet"
"MARK","kā́rṣman-","kā́rṣman-","3","bezeichn","FALSE-POSITIVE","METALANGUAGE. Grassmann's German 'Bezeichnung eines Volkes', 'the designation of a people', describes what the dictionary entry does, not what the Vedic word means.","Ziel des Wettrennens (wohl < 'das Ziel bezeichnende Furche' zu KARṢ)"
"MARK","adŕ̥ṣṭa-","adŕ̥ṣṭa-","3","bezeichn","FALSE-POSITIVE","METALANGUAGE. Grassmann's German 'Bezeichnung eines Volkes', 'the designation of a people', describes what the dictionary entry does, not what the Vedic word means.","ursprünglich 'nicht gesehen', daher Bezeichnung nicht gesehener giftiger Gewürme"
"MARK","anarváṇa-","anarváṇa-","3","bezeichn","FALSE-POSITIVE","METALANGUAGE. Grassmann's German 'Bezeichnung eines Volkes', 'the designation of a people', describes what the dictionary entry does, not what the Vedic word means.","unverletzlich, unüberwindlich, besonders m. Bezeichnung eines mit der Aditi zusammen genannten Gottes; Tichy: 'ohne Gegner, Konkurrenten'"
"MARK","sārameyá-","sārameyá-","3","bezeichn","FALSE-POSITIVE","METALANGUAGE. Grassmann's German 'Bezeichnung eines Volkes', 'the designation of a people', describes what the dictionary entry does, not what the Vedic word means.","N. pr., Nachkomme der sarámā; Bezeichnung von Hunden"
"MARK","kimīdín-","kimīdín-","3","bezeichn","FALSE-POSITIVE","METALANGUAGE. Grassmann's German 'Bezeichnung eines Volkes', 'the designation of a people', describes what the dictionary entry does, not what the Vedic word means.","Bezeichnung einer Klasse von Unholden"
"MARK","mū́radeva-","mū́radeva-","3","bezeichn","FALSE-POSITIVE","METALANGUAGE. Grassmann's German 'Bezeichnung eines Volkes', 'the designation of a people', describes what the dictionary entry does, not what the Vedic word means.","Bezeichnung gewisser zauberkundiger Unholde, wohl 'Wurzelanbeter' oder vielleicht 'Maulgötter'; 'deren Götter Toren sind' bleibt denkbar"
"MARK","vaiyaśvá-","vaiyaśvá-","3","bezeichn","FALSE-POSITIVE","METALANGUAGE. Grassmann's German 'Bezeichnung eines Volkes', 'the designation of a people', describes what the dictionary entry does, not what the Vedic word means.","Nachkomme des viaśva (als solcher wird viśvamanas bezeichnet); Patronymische Vr̥ddhiableitung"
"MARK","aṃśumánt-","aṃśumánt-","3","bezeichn","FALSE-POSITIVE","METALANGUAGE. Grassmann's German 'Bezeichnung eines Volkes', 'the designation of a people', describes what the dictionary entry does, not what the Vedic word means.","aṃśú- habend, aṃśú-hältig, reich an Soma; f. Bezeichnung des Somastroms"
"MARK","kṣatraśrī́-","kṣatraśrī́-","2","zeichn","FALSE-POSITIVE","GERMAN MORPHOLOGY. 'sich auszeichnen' means to excel.","'die Herrschaft zur Vollendung bringend'; 'durch seine, in seiner Herrschaft s. auszeichnend'; 'dessen Vortrefflichkeit in seiner Herrschaft besteht'; oder f. 'die Vollkommenheit der Herrschaft'"
"MARK","dáśadyu-","dáśadyu-","2","bezeichn","FALSE-POSITIVE","METALANGUAGE. Grassmann's German 'Bezeichnung eines Volkes', 'the designation of a people', describes what the dictionary entry does, not what the Vedic word means.","Bezeichnung eines Kampfstiers; 'zehn Himmel habend'?; UR: '< den Himmel beissend'?"
"MARK","varā́hu-","varā́hu-","2","bezeichn","FALSE-POSITIVE","METALANGUAGE. Grassmann's German 'Bezeichnung eines Volkes', 'the designation of a people', describes what the dictionary entry does, not what the Vedic word means.","wohl primär 'Eber'; AiGr.: Bezeichnung gewisser göttlicher Wesen"
"MARK","praśāstár-","praśāstár-","2","bezeichn","FALSE-POSITIVE","METALANGUAGE. Grassmann's German 'Bezeichnung eines Volkes', 'the designation of a people', describes what the dictionary entry does, not what the Vedic word means.","Anweiser (Bezeichnung eines Priesters, von Agni gebraucht)"
"MARK","nārṣadá-","nārṣadá-","2","bezeichn","FALSE-POSITIVE","METALANGUAGE. Grassmann's German 'Bezeichnung eines Volkes', 'the designation of a people', describes what the dictionary entry does, not what the Vedic word means.","'zu nr̥ṣád- gehörig', Vriddhiableitung von nr̥ṣád-; vielleicht patronymisches N. pr. 'Sohn, Abkömmling von nr̥ṣád- aber möglicherweise auch Bezeichnung für das befestigte Anwesen, den Kuhpferch (?) o ä. des nr̥ṣád-"
"MARK","jaráṇā-","jaráṇā-","2","bezeichn","FALSE-POSITIVE","METALANGUAGE. Grassmann's German 'Bezeichnung eines Volkes', 'the designation of a people', describes what the dictionary entry does, not what the Vedic word means.","(Bedeutung unklar)
GM: 'das Rauschen'
Geldner i 165: ''jaráṇa (zweifellos = jaraṇá) bezeichnet die gebrauchten alten Somagefässe, im Gegensatz zum neugeborenen Soma.''
Geldner i 198: ?"
"MARK","víbhūtadyumna-","víbhūtadyumna-","2","zeichn","FALSE-POSITIVE","GERMAN MORPHOLOGY. 'ausgezeichnet' means excellent and contains the substring zeichn.","ausgezeichnete Macht, Kraft habend"
"MARK","rathaṃtará-","rathaṃtará-","2","bezeichn","FALSE-POSITIVE","METALANGUAGE. Grassmann's German 'Bezeichnung eines Volkes', 'the designation of a people', describes what the dictionary entry does, not what the Vedic word means.","Bezeichnung eines Sāman"
"MARK","kuṣumbhaká-","kuṣumbhaká-","2","bezeichn","FALSE-POSITIVE","METALANGUAGE. Grassmann's German 'Bezeichnung eines Volkes', 'the designation of a people', describes what the dictionary entry does, not what the Vedic word means.","Bezeichnung eines giftigen Insekts
(kuṣúmbha- Giftbläschen eines Insekts)"
"MARK","vā́jaśravas-","vā́jaśravas-","2","zeichn","FALSE-POSITIVE","GERMAN MORPHOLOGY. 'ausgezeichnet' means excellent and contains the substring zeichn.","durch reiche Güter, Siegesrosse ausgezeichnet"
"MARK","víbhū-","víbhū-","2","bezeichn","FALSE-POSITIVE","METALANGUAGE. Grassmann's German 'Bezeichnung eines Volkes', 'the designation of a people', describes what the dictionary entry does, not what the Vedic word means.","Bezeichnung einer Götterklasse, vielleicht mit den R̥bhus identisch"
"MARK","vibhván-","vibhván-","2","zeichn","FALSE-POSITIVE","GERMAN MORPHOLOGY. 'ausgezeichnet' means excellent and contains the substring zeichn.","weitreichend; GM auch noch: m. einer der drei r̥bhu; ausgezeichnet, herrlich erscheinend"
"MARK","citrárāti-","citrárāti-","2","zeichn","FALSE-POSITIVE","GERMAN MORPHOLOGY. 'ausgezeichnet' means excellent and contains the substring zeichn.","ausgezeichnete bzw. glänzende Gaben habend"
"MARK","dīrgháprasadman-","dīrgháprasadman-","2","bezeichn","FALSE-POSITIVE","METALANGUAGE. Grassmann's German 'Bezeichnung eines Volkes', 'the designation of a people', describes what the dictionary entry does, not what the Vedic word means.","weitreichenden Wohnsitz darbietend (substantivisch zur Bezeichnung des Erdkreises)"
"MARK","citrárādhas-","citrárādhas-","2","zeichn","FALSE-POSITIVE","GERMAN MORPHOLOGY. 'ausgezeichnet' means excellent and contains the substring zeichn.","der ausgezeichnete Gaben schenkt (u.a. von Agni gesagt)"
"MARK","vibhū́vasu-","vibhū́vasu-","2","zeichn","FALSE-POSITIVE","GERMAN MORPHOLOGY. 'ausgezeichnet' means excellent and contains the substring zeichn.","dessen Gut ausgezeichnet ist"
"MARK","uttānápad-","uttānápad-","2","bezeichn","FALSE-POSITIVE","METALANGUAGE. Grassmann's German 'Bezeichnung eines Volkes', 'the designation of a people', describes what the dictionary entry does, not what the Vedic word means.","mit ausgestreckten Beinen [zum Gebären] (Bezeichnung der Weltmutter)"
"MARK","durṇā́man-","durṇā́man-","2","bezeichn","FALSE-POSITIVE","METALANGUAGE. Grassmann's German 'Bezeichnung eines Volkes', 'the designation of a people', describes what the dictionary entry does, not what the Vedic word means.","eigentlich 'bösen Namen habend', daher Bezeichnung eines dämonischen Krankheitsgeistes"
"MARK","yajñaśrī́-","yajñaśrī́-","1","zeichn","FALSE-POSITIVE","GERMAN MORPHOLOGY. 'sich auszeichnen' means to excel.","'das Opfer vollkommen machend' oder 'im Opfer, durch das Opfer sich auszeichnend' oder 'die Vortrefflichkeit des Opfers/im Opfer habend' oder f. 'Glanz des Opfers' (?)"
"MARK","r̥jīṣá-","r̥jīṣá-","1","bezeichn","FALSE-POSITIVE","METALANGUAGE. Grassmann's German 'Bezeichnung eines Volkes', 'the designation of a people', describes what the dictionary entry does, not what the Vedic word means.","Bezeichnung des Indra, cf. r̥jīṣín-
als Farbwort vermutlich von r̥jyá- '(rötlich) glänzend, rasch'"
"MARK","dā́nu- 1","dā́nu- 2","1","bezeichn","FALSE-POSITIVE","METALANGUAGE. Grassmann's German 'Bezeichnung eines Volkes', 'the designation of a people', describes what the dictionary entry does, not what the Vedic word means.","bezeichnet den Regen, 'träufelnd, träufelnde Flüssigkeit'; 'Gabe' (Regen als Himmelsgabe)"
"MARK","piśá-","piśá-","1","bezeichn","FALSE-POSITIVE","METALANGUAGE. Grassmann's German 'Bezeichnung eines Volkes', 'the designation of a people', describes what the dictionary entry does, not what the Vedic word means.","mag ein geflecktes Tier bezeichnen"
"MARK","añjasī́-","añjasī́-","1","bezeichn","FALSE-POSITIVE","METALANGUAGE. Grassmann's German 'Bezeichnung eines Volkes', 'the designation of a people', describes what the dictionary entry does, not what the Vedic word means.","die Rasche; Bezeichnung eines Stroms, der in der Luft gedacht wird"
"MARK","ā́vayā(s)-","ā́vayā(s)-","1","bezeichn","FALSE-POSITIVE","METALANGUAGE. Grassmann's German 'Bezeichnung eines Volkes', 'the designation of a people', describes what the dictionary entry does, not what the Vedic word means.","Bezeichnung eines Priesters; GM hat ā́vayāj- 'Bezeichnung eines Priesters, der mit den Opferanteilen zu tun hat'"
"MARK","vr̥janī́-","vr̥janī́-","1","bezeichn","FALSE-POSITIVE","METALANGUAGE. Grassmann's German 'Bezeichnung eines Volkes', 'the designation of a people', describes what the dictionary entry does, not what the Vedic word means.","unklar; GM: Bezeichnung der Kühe"
"MARK","viśpálāvasu-","viśpálāvasu-","1","bezeichn","FALSE-POSITIVE","METALANGUAGE. Grassmann's German 'Bezeichnung eines Volkes', 'the designation of a people', describes what the dictionary entry does, not what the Vedic word means.","eine Bezeichnung der Aśvin"
"MARK","prakaṅkatá-","prakaṅkatá-","1","bezeichn","FALSE-POSITIVE","METALANGUAGE. Grassmann's German 'Bezeichnung eines Volkes', 'the designation of a people', describes what the dictionary entry does, not what the Vedic word means.","Bezeichnung eines schädlichen Tiers"
"MARK","prabhavá-","prabhavá-","1","zeichn","FALSE-POSITIVE","GERMAN MORPHOLOGY. 'sich auszeichnen' means to excel.","sich hervortuend, sich auszeichnend"
"MARK","śūghaná-","śūghaná-","1","bezeichn","FALSE-POSITIVE","METALANGUAGE. Grassmann's German 'Bezeichnung eines Volkes', 'the designation of a people', describes what the dictionary entry does, not what the Vedic word means.","unklar, wohl Bezeichnung eines Wasserwirbels"
"MARK","viśiśiprá-","viśiśiprá-","1","bezeichn","FALSE-POSITIVE","METALANGUAGE. Grassmann's German 'Bezeichnung eines Volkes', 'the designation of a people', describes what the dictionary entry does, not what the Vedic word means.","Bezeichnung eines dämonischen Wesens"
"MARK","hariyūpī́yā-","hariyūpī́yā-","1","bezeichn","FALSE-POSITIVE","METALANGUAGE. Grassmann's German 'Bezeichnung eines Volkes', 'the designation of a people', describes what the dictionary entry does, not what the Vedic word means.","Bezeichnung einer Örtlichkeit"
"MARK","yavyā́vatī-","yavyā́vatī-","1","bezeichn","FALSE-POSITIVE","METALANGUAGE. Grassmann's German 'Bezeichnung eines Volkes', 'the designation of a people', describes what the dictionary entry does, not what the Vedic word means.","'stromreiche' (Bezeichnung einer Gegend oder eines Flusses)"
"MARK","√rakṣⁱ-","rákṣas-","1","bezeichn","FALSE-POSITIVE","METALANGUAGE. Grassmann's German 'Bezeichnung eines Volkes', 'the designation of a people', describes what the dictionary entry does, not what the Vedic word means.","Beschädigung; Bezeichnung nächtlicher Unholde"
"MARK","citrā́yus-","citrā́yus-","1","zeichn","FALSE-POSITIVE","GERMAN MORPHOLOGY. 'ausgezeichnet' means excellent and contains the substring zeichn.","ausgezeichnete Lebenskraft habend"
"MARK","janaśrī́-","janaśrī́-","1","zeichn","FALSE-POSITIVE","GERMAN MORPHOLOGY. 'sich auszeichnen' means to excel.","A. den Stamm vollkommen machend, B. durch seinen Stamm s. auszeichnend, C. der Schönheit, Glanz unter seinem Stamm, in seinem Stamm hat, D. f. Glanz, Schönheit des Stamms seiend, den Glanz des Geschlechts ausmachend"
"MARK","ā́lākta-","ā́lākta-","1","strich","FALSE-POSITIVE","GERMAN MORPHOLOGY. 'bestrichen', smeared, contains strich.","mit Gift bestrichen"
"MARK","kr̥ṣṇī́-","kr̥ṣṇī́-","1","bezeichn","FALSE-POSITIVE","METALANGUAGE. Grassmann's German 'Bezeichnung eines Volkes', 'the designation of a people', describes what the dictionary entry does, not what the Vedic word means.","Bezeichnung der Nacht"
"MARK","vr̥ṣaśiprá-","vr̥ṣaśiprá-","1","bezeichn","FALSE-POSITIVE","METALANGUAGE. Grassmann's German 'Bezeichnung eines Volkes', 'the designation of a people', describes what the dictionary entry does, not what the Vedic word means.","'die Lippen eines Stieres habend': Bezeichnung oder Benennung eines Dämons"
"MARK","jatrú-","jatrú-","1","bezeichn","FALSE-POSITIVE","METALANGUAGE. Grassmann's German 'Bezeichnung eines Volkes', 'the designation of a people', describes what the dictionary entry does, not what the Vedic word means.","Plur. 'Bezeichnung bestimmter Knochen oder Knorpel, vielleicht: 'Rippenknorpel'"
"MARK","mākī́-","mākī́-","1","bezeichn","FALSE-POSITIVE","METALANGUAGE. Grassmann's German 'Bezeichnung eines Volkes', 'the designation of a people', describes what the dictionary entry does, not what the Vedic word means.","unklar, vielleicht Bezeichnung zweier junger Frauen, dann vielleicht 'meine beiden, die meinigen'"
"MARK","kuṇḍapā́yya-","kuṇḍapā́yya-","1","bezeichn","FALSE-POSITIVE","METALANGUAGE. Grassmann's German 'Bezeichnung eines Volkes', 'the designation of a people', describes what the dictionary entry does, not what the Vedic word means.","wohl Bezeichnung eines bestimmten Soma-Opfers 'aus Krügen zu trinken'"
"MARK","víbhūtarāti-","víbhūtarāti-","1","zeichn","FALSE-POSITIVE","GERMAN MORPHOLOGY. 'ausgezeichnet' means excellent and contains the substring zeichn.","ausgezeichnete Gaben gewährend"
"MARK","kadrū́-","kadrū́-","1","bezeichn","FALSE-POSITIVE","METALANGUAGE. Grassmann's German 'Bezeichnung eines Volkes', 'the designation of a people', describes what the dictionary entry does, not what the Vedic word means.","Bezeichnung für ein Somagefäss?
N. pr.? weiblicher Name?
kádru- später 'rötlichbraun'"
"MARK","sahásrabāhu-","sahásrabāhu-","1","bezeichn","FALSE-POSITIVE","METALANGUAGE. Grassmann's German 'Bezeichnung eines Volkes', 'the designation of a people', describes what the dictionary entry does, not what the Vedic word means.","wobei tausend Arme tätig sind (poetische Bezeichnung der Schlacht); oder N. pr.?"
"MARK","píṅgā-","píṅgā-","1","bezeichn","FALSE-POSITIVE","METALANGUAGE. Grassmann's German 'Bezeichnung eines Volkes', 'the designation of a people', describes what the dictionary entry does, not what the Vedic word means.","wohl Bezeichnung eines Musikinstruments, vielleicht eines Zupf-Instruments bzw. von dessen Saite"
"MARK","vibhukrátu-","vibhukrátu-","1","zeichn","FALSE-POSITIVE","GERMAN MORPHOLOGY. 'ausgezeichnet' means excellent and contains the substring zeichn.","ausgezeichnete Kraft besitzend"
"MARK","vibhumánt-","vibhumánt-","1","zeichn","FALSE-POSITIVE","GERMAN MORPHOLOGY. 'ausgezeichnet' means excellent and contains the substring zeichn.","ausgezeichnet, mächtig"
"MARK","manaścít-","manaścít-","1","zeichn","FALSE-POSITIVE","GERMAN MORPHOLOGY. 'sich auszeichnen' means to excel.","'Verstand, Geist erkennend' bzw. 'sich durch seinen Verstand auszeichnend'"
"MARK","gandharvī́-","gandharvī́-","1","bezeichn","FALSE-POSITIVE","METALANGUAGE. Grassmann's German 'Bezeichnung eines Volkes', 'the designation of a people', describes what the dictionary entry does, not what the Vedic word means.","Feminin von gandharvá- (Bezeichnung mythischer Wesen, in besonderer Beziehung zu Soma stehend)"
"MARK","udumbalá-","udumbalá-","1","bezeichn","FALSE-POSITIVE","METALANGUAGE. Grassmann's German 'Bezeichnung eines Volkes', 'the designation of a people', describes what the dictionary entry does, not what the Vedic word means.","Epitheton der beiden Hunde des Yama
hier wohl eine vom Baumnamen udumbára- herrührende Farbbezeichnung, etwa: rötlich wie eine u°-Frucht"
"MARK","pākadūrvā́-","pākadūrvā́-","1","bezeichn","FALSE-POSITIVE","METALANGUAGE. Grassmann's German 'Bezeichnung eines Volkes', 'the designation of a people', describes what the dictionary entry does, not what the Vedic word means.","Bezeichnung einer hirseartigen Pflanze"
"MARK","vīrákarma-","vīrákarma-","1","bezeichn","FALSE-POSITIVE","METALANGUAGE. Grassmann's German 'Bezeichnung eines Volkes', 'the designation of a people', describes what the dictionary entry does, not what the Vedic word means.","'Manneswerk verrichtend': Bezeichnung des männlichen Gliedes"
"MARK","br̥haddivá-","br̥haddivá-","1","bezeichn","FALSE-POSITIVE","METALANGUAGE. Grassmann's German 'Bezeichnung eines Volkes', 'the designation of a people', describes what the dictionary entry does, not what the Vedic word means.","im hohen Himmel weilend, himmlisch; f. Bezeichnung einer auch als ""Mutter"" bezeichneten Göttin, welche besonbders neben íḍā, neben sárasvatī und rākā́ genannt wird"
"MARK","pā́jasvant-","pā́jasvant-","1","zeichn","FALSE-POSITIVE","METALANGUAGE. 'eine Kennzeichnung der Marut' is Grassmann saying the word characterises the Maruts, not that it means a mark.","'mit pā́jas- versehen', eine Kennzeichnung der Marut"
"MARK","balavijñāyá-","balavijñāyá-","1","zeichn","FALSE-POSITIVE","GERMAN MORPHOLOGY. 'ausgezeichnet' means excellent and contains the substring zeichn.","an seiner Kraft zu erkennen, durch Stärke ausgezeichnet"
"MARK","ákr̥ṣīvala-","ákr̥ṣīvala-","1","kerb","FALSE-POSITIVE","GERMAN MORPHOLOGY. 'ackerbauend', farming, contains kerb.","nicht ackerbauend"
"MARK","sadānvā-","sadānvā-","1","bezeichn","FALSE-POSITIVE","METALANGUAGE. Grassmann's German 'Bezeichnung eines Volkes', 'the designation of a people', describes what the dictionary entry does, not what the Vedic word means.","die mit Dämonen verbundene (Bezeichnung einer Unholdin; N. pr.?)"
"MARK","ajñātayakṣmá-","ajñātayakṣmá-","1","bezeichn","FALSE-POSITIVE","METALANGUAGE. Grassmann's German 'Bezeichnung eines Volkes', 'the designation of a people', describes what the dictionary entry does, not what the Vedic word means.","verborgene Krankheit (yákṣma-), als Bezeichnung einer bestimmten Krankheit"
"MARK","mátasna-","mátasna-","1","bezeichn","FALSE-POSITIVE","METALANGUAGE. Grassmann's German 'Bezeichnung eines Volkes', 'the designation of a people', describes what the dictionary entry does, not what the Vedic word means.","Du. Bezeichnung bestimmter innerer Organe, vielleicht Nieren oder Lungen"
"MARK","vanaṃkáraṇa-","vanaṃkáraṇa-","1","bezeichn","FALSE-POSITIVE","METALANGUAGE. Grassmann's German 'Bezeichnung eines Volkes', 'the designation of a people', describes what the dictionary entry does, not what the Vedic word means.","Bezeichnung eines Körperteils: 'das Wasser lassende Glied' (?) oder: 'Blase' (?)"
"WEIGHT","√mā- 1","√ mā- 1","86","messen","TRUE","'messen, abmessen, zumessen, zuteilen', to measure and to mete out. The act, not the instrument.","messen, abmessen, zumessen, zuteilen"
"WEIGHT","yójana-","yójana-","18","mass","TRUE","'Gespann, Wegstrecke, Wegmass', a measure of distance.","Gespann, Wegstrecke, Wegmass"
"WEIGHT","pratimā́na-","pratimā́na-","13","mass","TRUE","'was gleiches Mass, gleiche Grösse, gleiche Kraft mit einem andern hat; Vergleichung'. A counterpart or match, and the nearest thing in the corpus to a comparison of magnitudes. Not a balance and not a weight standard; adjudicated TRUE for the field so that it is visible rather than filtered.","was gleiches Mass, gleiche Grösse, gleiche Kraft  mit einem andern hat, gleich starker, ebenbürtiger Gegner; Vergleichung"
"WEIGHT","ámita-","ámita-","9","messen","TRUE","'ungemessen; unermesslich', unmeasured. A measure word in the negative.","ungemessen; unermesslich"
"WEIGHT","mā́trā-","mā́trā-","7","mass","TRUE","'Masstab, Mass', a standard and a measure. With khārī́- this is why DK-R-014 was rewritten after review: the corpus does have standard measures.","Masstab, Mass"
"WEIGHT","gurú-","gurú-","6","gewicht","TRUE","'schwer, gewichtig, hart, heftig, drückend, gross', heavy and weighty. The property, not a unit and not an instrument.","schwer, gewichtig, hart, heftig, drückend, gross"
"WEIGHT","mā́na- 3","mā́na- 3","2","mass","TRUE","'Messschnur, Mass' in one of Grassmann's senses for this homonym; the same instrument as mā́na- 1.","'Messschnur, Mass'"
"WEIGHT","vimā́na- 1","vimā́na-","2","messen","TRUE","'das Durchmessen, Durchlaufen', measuring through or traversing.","Anordnung; das Durchmessen, Durchlaufen"
"WEIGHT","súmita-","súmita-","2","messen","TRUE","'schön gemessen, schön errichtet', well measured out.","schön gemessen, schön errichtet"
"WEIGHT","triviṣṭidhā́tu-","triviṣṭidhā́tu-","1","gewicht","TRUE","Grassmann's entry quotes Geldner's 'das dreifache (Gegengewicht)', a threefold counterweight, inside a gloss that is otherwise uncertain. Adjudicated TRUE for the field on the strength of the quoted word, with the uncertainty carried into the register row rather than resolved here.","aus dreifacher Leistung (?) (Geldner i 133: 'das dreifache (Gegengewicht)'?)"
"WEIGHT","téjana-","téjana-","1","messen","TRUE","'Rohrstab (zum Ausmessen RV 01.110.05)', a reed rod used for measuring out. An instrument.","Rohrstab (zum Ausmessen RV 01.110.05); später: Pfeilschaft, Bambus, od. ähnl. "
"WEIGHT","mā́na- 1","mā́na- 3","1","mass","TRUE","'Messschnur, Mass', a measuring cord. An instrument of measurement, which is why DK-R-014 names it as the only one.","'Messschnur, Mass'"
"WEIGHT","vimā́na- 2","vimā́na-","1","messen","TRUE","the same gloss under Grassmann's second homonym.","Anordnung; das Durchmessen, Durchlaufen"
"WEIGHT","khārī́-","khārī́-","1","mass","TRUE","'ein Hohlmass', a measure of capacity - a named unit, and the closest thing in the corpus to a metrological standard.","ein Hohlmass"
"WEIGHT","parómātra-","parómātra-","1","mass","TRUE","'über das Mass hinaus gross', beyond measure.","über das Mass hinaus gross oder gewaltig"
"WEIGHT","tuvimātrá-","tuvimātrá-","1","messen","TRUE","'viel zumessend, viel gewährend', measuring out much.","viel zumessend, viel gewährend (von Indra gesagt)"
"WEIGHT","pramā́-","pramā́-","1","mass","TRUE","'das Abmessen' oder 'Grundmass, Name eines Metrums' (?). Grassmann offers both a measuring-out and a metre and marks the entry uncertain; counted TRUE for the field with his question mark carried through.","'das Abmessen' oder 'Grundmass, Name eines Metrums' (?)"
"WEIGHT","māná-","māná-","1","abgemessen","TRUE","'nicht klar; vielleicht Erzeugnis, Präparat (*das Abgemessene?)'. Grassmann does not know what it means; the starred paraphrase is his reconstruction, not a sense. Counted TRUE for the field only because the paraphrase is a measuring word, and it supports nothing.","nicht klar; vielleicht 'Erzeugnis, Präparat' (*'das Abgemessene'?)"
"WEIGHT","citráśravastama-","citráśravastama-","5","mass","FALSE-POSITIVE","GERMAN POLYSEMY. 'in hohem Ausmass' is an adverbial extent, not a measurement.","in hohem Ausmass glänzenden Ruhm habend
Superlativ"
"WEIGHT","traíṣṭubha-","traíṣṭubha-","5","mass","FALSE-POSITIVE","GERMAN POLYSEMY. 'das Mass der triṣṭúbh- habend' is a metrical scheme.","das Mass der triṣṭúbh- habend; n. ein Vers oder Lied in diesem Masse oder die Weise desselben"
"WEIGHT","triṣṭúbh-","triṣṭúbh-","5","mass","FALSE-POSITIVE","GERMAN POLYSEMY. German Mass is both a measure and a metre; a Versmass is a metrical scheme and has nothing to do with weighing.","Preislied; das aus vier Gliedern von je elf Silben bestehende Versmass; < '*dreimal jauchzend' oder '*aus drei freudigen Zurufen bestehend' (?)"
"WEIGHT","anuṣṭúbh-","anuṣṭúbh-","2","mass","FALSE-POSITIVE","GERMAN POLYSEMY. German Mass is both a measure and a metre; a Versmass is a metrical scheme and has nothing to do with weighing.","Lobgesang, ein Versmass"
"WEIGHT","udameghá-","udameghá-","1","mass","FALSE-POSITIVE","GERMAN POLYSEMY. Masse as a bulk of water.","Geldner i 153: 'Wassermasse'
GM: 'Wassertraufe'; (meghá- 'Wolke, trübes Wetter')"
"WEIGHT","píṇḍa-","píṇḍa-","1","mass","FALSE-POSITIVE","GERMAN POLYSEMY. German Masse, a lump or mass of stuff, is not Mass, a measure.","Klumpen, Fleischklumpen, Fleischkloss, runde Masse, Kugel"
"WEIGHT","śr̥dhyā́-","śr̥dhyā́-","1","mass","FALSE-POSITIVE","GERMAN MORPHOLOGY. 'Vermessenheit, Anmassung', presumption, is built on messen but means arrogance.","Vermessenheit, Anmassung"
"WEIGHT","abdimánt-","abdimánt-","1","mass","FALSE-POSITIVE","GERMAN POLYSEMY. Masse as a bulk of cloud.","vielleicht 'mit Wolkenmassen, mit Wassergüssen'"
"WEIGHT","guṣpitá-","guṣpitá-","1","mass","FALSE-POSITIVE","GERMAN POLYSEMY. Masse as a lump.","wirre Masse, Gewirr"
"WEIGHT","átaptatanū-","átaptatanū-","1","mass","FALSE-POSITIVE","GERMAN POLYSEMY. Masse as bodily bulk.","dessen Körper (Masse) nicht durchglüht, nicht gekocht ist"
"WEIGHT","samanyà-","samanyà-","1","messen","FALSE-POSITIVE","GERMAN MORPHOLOGY. 'angemessen', fitting, is built on messen and is not a measurement.","den festlichen Zusammenkünften angemessen, festlich"
"WEIGHT","nánāndar-","nánāndar-","1","wäg","FALSE-POSITIVE","GERMAN MORPHOLOGY. 'Schwägerin', sister-in-law, contains the substring waeg written as wäg.","Schwester des Gatten, Schwägerin"
"WEIGHT","sahápramā-","sahápramā-","1","mass","FALSE-POSITIVE","GERMAN POLYSEMY. German Mass is both a measure and a metre; a Versmass is a metrical scheme and has nothing to do with weighing.","mit Versmassen versehen"
"WRITING","bharádvāja-","bharádvāja-","19","geschrieben","FALSE-POSITIVE","GERMAN MORPHOLOGY. 'zugeschrieben' means ascribed, said of hymns attributed to a poet.","('der den Siegespreis davonträgt':) N. pr., Eigenname eines berühmten Sängers, dem die Hymnen des sechsten Buches zugeschrieben werden; Pl. die Nachkommen des bharádvāja-"
"WRITING","pradíś-","pradíś-","19","schrift","FALSE-POSITIVE","GERMAN MORPHOLOGY. 'Vorschrift' means prescription and contains schrift.","Anweisung, Vorschrift; Richtung, Weltgegend"
"WRITING","praśíṣ-","praśíṣ-","4","schrift","FALSE-POSITIVE","GERMAN MORPHOLOGY. 'Vorschrift' means prescription and contains schrift.","Befehl, Aufforderung, Vorschrift"
"WRITING","śāstrá-","śāstrá-","1","schrift","FALSE-POSITIVE","GERMAN MORPHOLOGY. 'Vorschrift' means prescription and contains schrift.","Befehl, Vorschrift"
"WRITING","vratanī́-","vratanī́-","1","schrift","FALSE-POSITIVE","GERMAN MORPHOLOGY. 'Vorschrift' means prescription and contains schrift.","die (göttliche) Vorschrift ausführend, von der Vorschrift geleitet"
