sutra_id	adhyaya	pada	number	sutra	explicit	by_anuvrtti
12036	1	2	36	विभाषा छन्दसि	1	0
12061	1	2	61	छन्दसि पुनर्वस्वोरेकवचनम्	1	0
12062	1	2	62	विशाखयोश्च	0	1
14009	1	4	9	षष्ठीयुक्तश्छन्दसि वा	1	0
14020	1	4	20	अयस्मयादीनि च्छन्दसि	1	0
14081	1	4	81	छन्दसि परेऽपि	1	0
14082	1	4	82	व्यवहिताश्च	0	1
23003	2	3	3	तृतीया च होश्छन्दसि	1	0
23062	2	3	62	चतुर्थ्यर्थे बहुलं छन्दसि	1	0
23063	2	3	63	यजेश्च करणे	0	1
24028	2	4	28	हेमन्तशिशिरावहोरात्रे च च्छन्दसि	1	0
24039	2	4	39	बहुलं छन्दसि	1	0
24073	2	4	73	बहुलं छन्दसि	1	0
24076	2	4	76	बहुलं छन्दसि	1	0
31042	3	1	42	अभ्युत्सादयांप्रजनयांचिकयांरमयामकः पावयांक्रियाद्विदामक्रन्निति च्छन्दसि	1	0
31050	3	1	50	गुपेश्छन्दसि	1	0
31051	3	1	51	नोनयतिध्वनयत्येलयत्यर्दयतिभ्यः	0	1
31059	3	1	59	कृमृदृरुहिभ्यश्छन्दसि	1	0
31084	3	1	84	छन्दसि शायजपि	1	0
31085	3	1	85	व्यत्ययो बहुलम्	0	1
31086	3	1	86	लिङ्याशिष्यङ्	0	1
31118	3	1	118	प्रत्यपिभ्यां ग्रहेश्छन्दसि	1	0
31123	3	1	123	छन्दसि निष्टर्क्यदेवहूयप्रणीयोन्नीयोच्छिष्यमर्यस्तर्याध्वर्यखन्यखान्यदेवयज्यापृच्छ्यप्रतिषीव्यब्रह्मवाद्यभाव्यस्ताव्योपचाय्यपृडानि	1	0
32027	3	2	27	छन्दसि वनसनरक्षिमथाम्	1	0
32063	3	2	63	छन्दसि सहः	1	0
32064	3	2	64	वहश्च	0	1
32065	3	2	65	कव्यपुरीषपुरीष्येषु ञ्युट्	0	1
32066	3	2	66	हव्येऽनन्तः पादम्	0	1
32067	3	2	67	जनसनखनक्रमगमो विट्	0	1
32073	3	2	73	विजुपे छन्दसि	1	0
32074	3	2	74	आतो मनिन्क्वनिब्वनिपश्च	0	1
32075	3	2	75	अन्येभ्योऽपि दृश्यन्ते	0	1
32076	3	2	76	क्विप् च	0	1
32088	3	2	88	बहुलं छन्दसि	1	0
32105	3	2	105	छन्दसि लिट्	1	0
32106	3	2	106	लिटः कानज्वा	0	1
32107	3	2	107	क्वसुश्च	0	1
32137	3	2	137	णेश्छन्दसि	1	0
32138	3	2	138	भुवश्च	0	1
32170	3	2	170	क्याच्छन्दसि	1	0
32171	3	2	171	आदृगमहनजनः किकिनौ लिट् च	0	1
33129	3	3	129	छन्दसि गत्यर्थेभ्यः	1	0
33130	3	3	130	अन्येभ्योऽपि दृश्यते	0	1
34006	3	4	6	छन्दसि लुङ्लङ्लिटः	1	0
34007	3	4	7	लिङर्थे लेट्	0	1
34008	3	4	8	उपसंवादाशङ्कयोश्च	0	1
34009	3	4	9	तुमर्थे सेसेनसेऽसेन्क्सेकसेनध्यैअध्यैन्कध्यैकध्यैन्शध्यैशध्यैन्तवैतवेङ्तवेनः	0	1
34010	3	4	10	प्रयै रोहिष्यै अव्यथिष्यै	0	1
34011	3	4	11	दृशे विख्ये च	0	1
34012	3	4	12	शकि णमुल्कमुलौ	0	1
34013	3	4	13	ईश्वरे तोसुन्कसुनौ	0	1
34014	3	4	14	कृत्यार्थे तवैकेन्केन्यत्वनः	0	1
34015	3	4	15	अवचक्षे च	0	1
34016	3	4	16	भावलक्षणे स्थेण्कृञ्वदिचरिहुतमिजनिभ्यस्तोसुन्	0	1
34017	3	4	17	सृपितृदोः कसुन्	0	1
34088	3	4	88	वा छन्दसि	1	0
34117	3	4	117	छन्दस्युभयथा	1	0
41029	4	1	29	नित्यं संज्ञाछन्दसोः	1	0
41030	4	1	30	केवलमामकभागधेयपापापरसमानार्यकृत-सुमङ्गलभेषजाच्च	0	1
41031	4	1	31	रात्रेश्चाजसौ	0	1
41046	4	1	46	नित्यं छन्दसि	1	0
41047	4	1	47	भुवश्च	0	1
41059	4	1	59	दीर्घजिह्वी च च्छन्दसि	1	0
41071	4	1	71	कद्रुकमण्डल्वोश्छन्दसि	1	0
42055	4	2	55	सोऽस्यादिरिति च्छन्दसः प्रगाथेषु	1	0
43019	4	3	19	छन्दसि ठञ्	1	0
43020	4	3	20	वसन्ताच्च	0	1
43021	4	3	21	हेमन्ताच्च	0	1
43071	4	3	71	छन्दसो यदणौ	1	0
43106	4	3	106	शौनकादिभ्यश्छन्दसि	1	0
43150	4	3	150	द्व्यचश्छन्दसि	1	0
43151	4	3	151	नोत्वद्वर्ध्रबिल्वात्	0	1
44093	4	4	93	छन्दसो निर्मिते	1	0
44106	4	4	106	ढश्छन्दसि	1	0
44110	4	4	110	भवे छन्दसि	1	0
44111	4	4	111	पाथोनदीभ्यां ड्यण्	0	1
44112	4	4	112	वेशन्तहिमवद्भ्यामण्	0	1
44113	4	4	113	स्रोतसो विभाषा ड्यड्ड्यौ	0	1
44114	4	4	114	सगर्भसयूथसनुताद्यन्	0	1
44115	4	4	115	तुग्राद्घन्	0	1
44116	4	4	116	अग्राद्यत्	0	1
44117	4	4	117	घच्छौ च	0	1
44118	4	4	118	समुद्राभ्राद्घः	0	1
44119	4	4	119	बर्हिषि दत्तम्	0	1
44120	4	4	120	दूतस्य भागकर्मणी	0	1
44121	4	4	121	रक्षोयातूनां हननी	0	1
44122	4	4	122	रेवतीजगतीहविष्याभ्यः प्रशस्ये	0	1
44123	4	4	123	असुरस्य स्वम्	0	1
44124	4	4	124	मायायामण्	0	1
44125	4	4	125	तद्वानासामुपधानो मन्त्र इतीष्टकासु लुक् च मतोः	0	1
44126	4	4	126	अश्विमानण्	0	1
44127	4	4	127	वयस्यासु मूर्ध्नो मतुप्	0	1
44128	4	4	128	मत्वर्थे मासतन्वोः	0	1
44129	4	4	129	मधोर्ञ च	0	1
44130	4	4	130	ओजसोऽहनि यत्खौ	0	1
44131	4	4	131	वेशोयशआदेर्भगाद्यल्	0	1
44132	4	4	132	ख च	0	1
44133	4	4	133	पूर्वैः कृतमिनयौ च	0	1
44134	4	4	134	अद्भिः संस्कृतम्	0	1
44135	4	4	135	सहस्रेण संमितौ घः	0	1
44136	4	4	136	मतौ च	0	1
44137	4	4	137	सोममर्हति यः	0	1
44138	4	4	138	मये च	0	1
44139	4	4	139	मधोः	0	1
44140	4	4	140	वसोः समूहे च	0	1
44141	4	4	141	नक्षत्राद्घः	0	1
44142	4	4	142	सर्वदेवात् तातिल्	0	1
44143	4	4	143	शिवशमरिष्टस्य करे	0	1
44144	4	4	144	भावे च	0	1
51061	5	1	61	सप्तनोऽञ् छन्दसि	1	0
51067	5	1	67	छन्दसि च	1	0
51091	5	1	91	वत्सरान्ताच्छश्छन्दसि	1	0
51092	5	1	92	सम्परिपूर्वात् ख च	0	1
51106	5	1	106	छन्दसि घस्	1	0
51118	5	1	118	उपसर्गाच्छन्दसि धात्वर्थे	1	0
52050	5	2	50	थट् चच्छन्दसि	1	0
52089	5	2	89	छन्दसि परिपन्थिपरिपरिणौ पर्यवस्थातरि	1	0
52122	5	2	122	बहुलं छन्दसि	1	0
53013	5	3	13	वा ह च च्छन्दसि	1	0
53020	5	3	20	तयोर्दार्हिलौ च च्छन्दसि	1	0
53026	5	3	26	था हेतौ च च्छन्दसि	1	0
53033	5	3	33	पश्च पश्चा च च्छन्दसि	1	0
53049	5	3	49	प्रागेकादशभ्योऽच्छन्दसि	1	0
53050	5	3	50	षष्ठाष्टमाभ्यां ञ च	0	1
53059	5	3	59	तुश्छन्दसि	1	0
53111	5	3	111	प्रत्नपूर्वविश्वेमात्थाल् छन्दसि	1	0
54012	5	4	12	अमु च च्छन्दसि	1	0
54041	5	4	41	वृकज्येष्ठाभ्यां तिल्तातिलौ च च्छन्दसि	1	0
54103	5	4	103	अनसन्तान्नपुंसकाच्छन्दसि	1	0
54123	5	4	123	बहुप्रजाश्छन्दसि	1	0
54142	5	4	142	छन्दसि च	1	0
54158	5	4	158	ऋतश्छन्दसि	1	0
61034	6	1	34	बहुलं छन्दसि	1	0
61035	6	1	35	चायः की	0	1
61036	6	1	36	अपस्पृधेथामानृचुरानृहुश्चिच्युषेतित्याजश्राताःश्रितमाशीराशीर्त्ताः	0	1
61052	6	1	52	खिदेश्छन्दसि	1	0
61060	6	1	60	शीर्षंश्छन्दसि	1	0
61061	6	1	61	ये च तद्धिते	0	1
61070	6	1	70	शेश्छन्दसि बहुलम्	1	0
61083	6	1	83	भय्यप्रवय्ये च च्छन्दसि	1	0
61106	6	1	106	वा छन्दसि	1	0
61126	6	1	126	आङोऽनुनासिकश्छन्दसि	1	0
61133	6	1	133	स्यश्छन्दसि बहुलम्	1	0
61170	6	1	170	अञ्चेश्छन्दस्यसर्वनामस्थानम्	1	0
61171	6	1	171	ऊडिदम्पदाद्यप्पुम्रैद्युभ्यः	0	1
61172	6	1	172	अष्टनो दीर्घात्	0	1
61173	6	1	173	शतुरनुमो नद्यजादी	0	1
61174	6	1	174	उदात्तयणो हल्पूर्वात्	0	1
61175	6	1	175	नोङ्धात्वोः	0	1
61178	6	1	178	ङ्याश्छन्दसि बहुलम्	1	0
61209	6	1	209	जुष्टार्पिते च छन्दसि	1	0
62119	6	2	119	आद्युदात्तं द्व्यच् छन्दसि	1	0
62120	6	2	120	वीरवीर्यौ च	0	1
62164	6	2	164	विभाषा छन्दसि	1	0
62199	6	2	199	परादिश्छन्दसि बहुलम्	1	0
63033	6	3	33	पितरामातरा च च्छन्दसि	1	0
63063	6	3	63	ङ्यापोः संज्ञाछन्दसोर्बहुलम्	1	0
63084	6	3	84	समानस्य छन्दस्यमूर्धप्रभृत्युदर्केषु	1	0
63096	6	3	96	सध मादस्थयोश्छन्दसि	1	0
63108	6	3	108	पथि च च्छन्दसि	1	0
63126	6	3	126	छन्दसि च	1	0
64005	6	4	5	छन्दस्युभयथा	1	0
64058	6	4	58	युप्लुवोर्दीर्घश्छन्दसि	1	0
64073	6	4	73	छन्दस्यपि दृश्यते	1	0
64075	6	4	75	बहुलं छन्दस्यमाङ्योगेऽपि	1	0
64076	6	4	76	इरयो रे	0	1
64086	6	4	86	छन्दस्युभयथा	1	0
64099	6	4	99	तनिपत्योश्छन्दसि	1	0
64100	6	4	100	घसिभसोर्हलि च	0	1
64102	6	4	102	श्रुशृणुपॄकृवृभ्यश्छन्दसि	1	0
64103	6	4	103	अङितश्च	0	1
64162	6	4	162	विभाषर्जोश्छन्दसि	1	0
64175	6	4	175	ऋत्व्यवास्त्व्यवास्त्वमाध्वीहिरण्ययानि च्छन्दसि	1	0
71008	7	1	8	बहुलं छन्दसि	1	0
71010	7	1	10	बहुलं छन्दसि	1	0
71026	7	1	26	नेतराच्छन्दसि	1	0
71038	7	1	38	क्त्वाऽपि छन्दसि	1	0
71039	7	1	39	सुपां सुलुक्पूर्वसवर्णाऽऽच्छेयाडाड्यायाजालः	0	1
71040	7	1	40	अमो मश्	0	1
71041	7	1	41	लोपस्त आत्मनेपदेषु	0	1
71042	7	1	42	ध्वमो ध्वात्	0	1
71043	7	1	43	यजध्वैनमिति च	0	1
71044	7	1	44	तस्य तात्	0	1
71045	7	1	45	तप्तनप्तनथनाश्च	0	1
71046	7	1	46	इदन्तो मसि	0	1
71047	7	1	47	क्त्वो यक्	0	1
71048	7	1	48	इष्ट्वीनमिति च	0	1
71049	7	1	49	स्नात्व्यादयश्च	0	1
71050	7	1	50	आज्जसेरसुक्	0	1
71056	7	1	56	श्रीग्रामण्योश्छन्दसि	1	0
71076	7	1	76	छन्दस्यपि दृश्यते	1	0
71077	7	1	77	ई च द्विवचने	0	1
71083	7	1	83	दृक्स्ववस्स्वतवसां छन्दसि	1	0
71103	7	1	103	बहुलं छन्दसि	1	0
72031	7	2	31	ह्रु ह्वरेश्छन्दसि	1	0
72032	7	2	32	अपरिह्वृताश्च	0	1
72033	7	2	33	सोमे ह्वरितः	0	1
72034	7	2	34	ग्रसितस्कभितस्तभितोत्तभितचत्तविकस्ताविशस्तृशंस्तृशास्तृतरुतृतरूतृवरुतृवरूतृवरूत्रीरुज्ज्वलितिक्षरितिक्षमितिवमित्यमितीति च	0	1
73097	7	3	97	बहुलं छन्दसि	1	0
74008	7	4	8	नित्यं छन्दसि	1	0
74035	7	4	35	न च्छन्दस्यपुत्रस्य	1	0
74036	7	4	36	दुरस्युर्द्रविणस्युर्वृषण्यतिरिषण्यति	0	1
74037	7	4	37	अश्वाघस्यात्	0	1
74038	7	4	38	देवसुम्नयोर्यजुषि काठके	0	1
74039	7	4	39	कव्यध्वरपृतनस्यर्चि लोपः	0	1
74044	7	4	44	विभाषा छन्दसि	1	0
74045	7	4	45	सुधितवसुधितनेमधितधिष्वधिषीय च	0	1
74064	7	4	64	कृषेश्छन्दसि	1	0
74065	7	4	65	दाधर्तिदर्धर्तिदर्धर्षिबोभूतुतेतिक्तेऽलर्ष्यापनीफणत्संसनिष्यदत्करिक्रत्कनिक्रदद्भरिभ्रद्दविध्वतोदविद्युतत्तरित्रतःसरीसृपतंवरीवृजन्मर्मृज्यागनीगन्तीति च	0	1
74078	7	4	78	बहुलं छन्दसि	1	0
81035	8	1	35	छन्दस्यनेकमपि साकाङ्क्षम्	1	0
81056	8	1	56	यद्धितुपरं छन्दसि	1	0
81064	8	1	64	वैवावेति च च्छन्दसि	1	0
81065	8	1	65	एकान्याभ्यां समर्थाभ्याम्	0	1
82015	8	2	15	छन्दसीरः	1	0
82016	8	2	16	अनो नुट्	0	1
82017	8	2	17	नाद्घस्य	0	1
82061	8	2	61	नसत्तनिषत्तानुत्तप्रतूर्तसूर्तगूर्तानि छन्दसि	1	0
82070	8	2	70	अम्नरूधरवरित्युभयथा छन्दसि	1	0
82071	8	2	71	भुवश्च महाव्याहृतेः	0	1
83001	8	3	1	मतुवसो रु सम्बुद्धौ छन्दसि	1	0
83049	8	3	49	छन्दसि वाऽप्राम्रेडितयोः	1	0
83050	8	3	50	कःकरत्करतिकृधिकृतेष्वनदितेः	0	1
83051	8	3	51	पञ्चम्याः परावध्यर्थे	0	1
83052	8	3	52	पातौ च बहुलम्	0	1
83053	8	3	53	षष्ठ्याः पतिपुत्रपृष्ठपारपदपयस्पोषेषु	0	1
83054	8	3	54	इडाया वा	0	1
83105	8	3	105	स्तुतस्तोमयोश्छन्दसि	1	0
83106	8	3	106	पूर्वपदात्	0	1
83107	8	3	107	सुञः	0	1
83108	8	3	108	सनोतेरनः	0	1
83109	8	3	109	सहेः पृतनर्ताभ्यां च	0	1
83119	8	3	119	निव्यभिभ्योऽड्व्यवाये वा छन्दसि	1	0
84026	8	4	26	छन्दस्यृदवग्रहात्	1	0
84027	8	4	27	नश्च धातुस्थोरुषुभ्यः	0	1
