stanza	class	padapatha_cell	padapatha_syllables	samhita_syllables	delta
01.034.06	defective	iti	2	46	-44
01.105.07	defective	iti	2	37	-35
01.105.08	defective	iti	2	41	-39
09.097.35	defective	N/A	0	44	-44
01.063.03	divergent-but-intact	vr̥jane | pr̥kṣe | āṇau | yūne | kutsāya | dyumate | sacā | 	19	38	-19
01.084.03	divergent-but-intact	iti | arvācīnam | su | te | manaḥ | grāvā | kr̥ṇotu | vagnun	18	32	-14
01.095.05	divergent-but-intact	iti | tvaṣṭuḥ | bibhyatuḥ | jāyamānāt | pratīcī iti | siṁham	26	43	-17
01.110.08	divergent-but-intact	iti | yuvānā | pitarā | akr̥ṇotana	13	47	-34
01.112.18	divergent-but-intact	iti | su | ūti-bhiḥ | aśvinā | ā | gatam	12	47	-35
01.113.02	divergent-but-intact	ruśat-vatsā | ruśatī | śvetyā | ā | agāt | araik | oṁ iti | 	63	42	21
01.113.03	divergent-but-intact	samānaḥ | adhvā | svasroḥ | anantaḥ | tam | anyāanyā | carat	62	43	19
01.130.07	divergent-but-intact	iti | vajreṇa | dāśuṣe | nr̥to iti | atithi-gvāya | śambaram	49	67	-18
01.144.06	divergent-but-intact	iti | br̥hatī iti | abhi-śriyā | hiraṇyayī iti | vakvarī iti	29	45	-16
01.146.03	divergent-but-intact	samānam | vatsam | abhi | sañcarantī itisam-carantī | viṣvak	61	44	17
01.160.01	divergent-but-intact	te iti | hi | dyāvāpr̥thivī iti | viśva-śambhuvā | r̥ta-varī	73	47	26
01.164.48	divergent-but-intact	iti | tat | ciketa | tasmin | sākam | tri-śatāḥ | na | śaṅka	28	42	-14
01.185.06	divergent-but-intact	urvī iti | sadmanī iti | br̥hatī iti | r̥tena | huve | devān	60	44	16
01.185.07	divergent-but-intact	urvī iti | pr̥thvī iti | bahuleiti | dūreanteitidūre--ante |	72	44	28
01.191.02	divergent-but-intact	iti | ava-ghnatī | hanti | atho iti | pinaṣṭi | piṁṣatī	18	29	-11
02.003.06	divergent-but-intact	sādhu | apāṁsi | sanatā | naḥ | ukṣite iti | uṣasānaktā | va	69	45	24
02.012.08	divergent-but-intact	yam | krandasī iti | saṁyatī itisam-yatī | vihvayeteitivi-hv	59	43	16
02.039.02	divergent-but-intact	prātaḥ-yāvānā | rathyāiva | vīrā | ajāiva | yamā | varam | ā	60	42	18
02.039.04	divergent-but-intact	nāvāiva | naḥ | pārayatam | yugāiva | nabhyāiva | naḥ | upad	60	44	16
02.043.03	divergent-but-intact	āvadan | tvam | sakune | bhadram | ā | vada | tūṣṇīm | āsīna	41	47	-6
03.006.04	divergent-but-intact	mahān | sadha-sthe | dhruvaḥ | ā | ni-sattaḥ | antaḥ | dyāvā	65	43	22
03.006.10	divergent-but-intact	saḥ | hotā | yasya | rodasī iti | cit | urvī iti | yajñam-ya	64	45	19
03.033.01	divergent-but-intact	pra | parvatānām | uśatī iti | upa-sthāt | aśveivetyaśve--iv	64	44	20
03.033.02	divergent-but-intact	indreṣiteitīndra-iṣite | pra-savam | bhikṣamāṇeiti | accha |	62	42	20
03.054.07	divergent-but-intact	samānyā | viyuteitivi-yute | dūreanteitidūre--ante | dhruve 	62	43	19
03.055.12	divergent-but-intact	mātā | ca | yatra | duhitā | ca | dhenū iti | sabardugheitis	60	43	17
04.041.07	divergent-but-intact	yuvām | it | hi | avase | pūrvyāya | pari | prabhūtī itipra-	56	40	16
04.042.03	divergent-but-intact	iti | sumeke itisu-meke | tvaṣṭāiva | viśvā | bhuvanāni | vi	35	43	-8
04.046.01	divergent-but-intact	iti | diviṣṭiṣu | tvam | hi | pūrva-pāḥ | asi	13	22	-9
04.056.02	divergent-but-intact	iti | śucayat-bhiḥ | arkaiḥ	8	44	-36
04.056.03	divergent-but-intact	saḥ | it | su-apāḥ | bhuvaneṣu | āsa | yaḥ | ime iti | dyāvā	58	41	17
04.057.04	divergent-but-intact	śunam | varatrāḥ | badhyantām | śunam | aṣṭrām | ut | iṅgaya	16	32	-16
05.039.01	divergent-but-intact	itividat-vaso | ubhayāhasti | ā | bhara	14	30	-16
05.053.09	divergent-but-intact	iti | it | sumnam | astu | vaḥ	8	38	-30
05.055.07	divergent-but-intact	iti | tat | uta | dyāvāpr̥thivī iti | yāthana | pari | śubha	29	47	-18
05.075.03	divergent-but-intact	ā | naḥ | ratnāni | bibhratau | aśvinā | gacchatam | yuvam |	57	40	17
06.011.04	divergent-but-intact	āyum | na | yam | namasā | rāta-havyāḥ | añjanti | su-prayas	22	42	-20
06.012.06	divergent-but-intact	saḥ | tvam | naḥ | arvan | nidāyāḥ | viśvebhiḥ | agne | agni	29	39	-10
06.047.08	divergent-but-intact	iti | upa | stheyāma | śaraṇā | br̥hantā	13	42	-29
06.049.04	divergent-but-intact	itipra-yajyo	5	44	-39
06.070.01	divergent-but-intact	ghr̥tavatī itighr̥ta-vatī | bhuvanānām | abhi-śriyā | urvī |	72	47	25
06.070.02	divergent-but-intact	asaścantī iti | bhūridhāreitibhūri-dhāre | payasvatī iti | g	72	48	24
06.070.04	divergent-but-intact	ghr̥tena | dyāvāpr̥thivī iti | abhīvr̥teity abhi-vr̥te | ghr	69	48	21
06.070.05	divergent-but-intact	madhu | naḥ | dyāvāpr̥thivī iti | mimikṣatām | madhu-ścutā |	65	47	18
06.070.06	divergent-but-intact	iti | viśva-śambhuvā | sanim | vājam | rayim | asme iti | sa	21	48	-27
06.075.04	divergent-but-intact	te iti | ācarantī ity ācarantī | samanāiva | yoṣā | mātāiva 	69	44	25
07.002.03	divergent-but-intact	iti | satya-vācam | manuṣvat | agnim | manunā | sam-iddham |	28	43	-15
07.008.07	divergent-but-intact	iti | sahasaḥ | vasūnām | iṣam | stotr̥-bhyaḥ | maghavat-bhy	29	42	-13
07.053.01	divergent-but-intact	te iti | cit | hi | pūrve | kavayaḥ | gr̥ṇantaḥ | puraḥ | ma	32	44	-12
07.074.03	divergent-but-intact	ā | yātam | upa | bhūṣatam | madhvaḥ | pibatam | aśvinā | du	28	35	-7
07.097.08	divergent-but-intact	dakṣatā sakhāyahk karad brahmaṇe sutarāsugādhā	17	43	-26
07.099.03	divergent-but-intact	irāvatī itīrāvatī | dhenumatī itidhenu-matī | hi | bhūtam | 	69	44	25
08.014.12	divergent-but-intact	iti | soma-peyāya | vakṣataḥ | upa | yajñam | su-rādhasam	18	24	-6
08.022.14	divergent-but-intact	tau | it | doṣā | tau | uṣasi | śubhaḥ | patī iti | tā | yām	57	41	16
08.046.28	divergent-but-intact	iti | ghr̥ta-snāḥ | aśva-iṣitam | rajaḥ-iṣitam | śunāiṣitam 	28	35	-7
08.078.03	divergent-but-intact	iti | ā | bhara | tvam | hi | śr̥ṇviṣe | vaso iti	14	23	-9
10.013.02	divergent-but-intact	yame ivetiyame--iva | yatamāneiti | yat | aitam | pra | vām 	60	43	17
10.031.07	divergent-but-intact	kim | svit | vanam | kaḥ | oṁ iti | saḥ | vr̥kṣaḥ | āsa | ya	61	44	17
10.065.05	divergent-but-intact	iti | nādhasī iti | vr̥tau	9	48	-39
10.106.04	divergent-but-intact	āpī iti | vaḥ | asme iti | pitarāiva | putrā | ugrāiva | ruc	60	43	17
10.191.03	divergent-but-intact	samānaḥ | mantraḥ | sam-itiḥ | samānī | samānam | manaḥ | sa	27	44	-17
